Account / 账号,Nickname / 昵称,Screenshot Name / 截图名称,Rank in Account / 账号内排序,Drama ID / 短剧ID,English Title / 英文剧名,Chinese Title / 中文剧名,Publish Time / 发布时间,Episodes / 集数,Views / 观看数,Duration Seconds / 总时长(秒),Duration Minutes / 总时长(分钟),Limited Free / 是否限免,English Themes / 英文题材,Chinese Themes / 中文题材,English Description Preview / 英文简介预览,Chinese Description / 中文简介,Description Truncated / 简介是否截断,Drama Link / 短剧链接,Source Profile URL / 来源主页
masturzo.clemen,MD Drama,MD Drama,1,ID 7656353060088714261,The Bank Stole My Life Savings,银行偷走了我一生的积蓄,2026-07-02 09:30:39,21,96552,1516,25.3,是 / Yes,Courtroom Drama、City,法庭剧、城市,"Construction worker Ethan Cole saved up 300,000 in life-saving money over seven years, which was mistakenly withdrawn due to a bank teller's error and an account mix-up due to a system glitch. The bank shirks responsibility, claiming they are 'Not responsible after leaving the counter,' so with the help of a lawyer, Ethan Cole stands up to the party at fault in a true story of fighting for justice and defending his rights through legal means.",,否 / No,,https://www.tiktok.com/@masturzo.clemen
masturzo.clemen,MD Drama,MD Drama,2,ID 7653131817838892053,The Wolfhound's Wall,猎狼犬之墙,2026-06-25 13:52:06,23,139707,1873,31.2,是 / Yes,Ensemble Cast、Family Disputes、Rural Area,群像、家庭纠纷、乡村,"Quinn establishes a wolf defense line with dogs. Cousin Shane Rhodes and mother Helen Rhodes incite villagers to demolish kennels. Quinn makes villagers sign a waiver, then dismantles defense. That night, a wolf pack devastates the village. Quinn leads his dogs against the wolves; Scrappy sacrifices itself. Villagers, confronted by waiver, turn on Shane Rhodes and his mother. Quinn rebuilds. Shane Rhodes attempts to poison dogs, is brought to justice. The village is reborn.",,否 / No,,https://www.tiktok.com/@masturzo.clemen
masturzo.clemen,MD Drama,MD Drama,3,ID 7653131810934887444,The Secret Chef's Revenge,秘密厨师的复仇,2026-06-25 11:59:33,60,167717,7378,123.0,是 / Yes,Skill/Talent Competition、City、Superior and Inferior,技能/才艺竞赛、城市、强弱逆袭,"Cole Mason is fired by Jade Shaw. Replaced by the imposter Benny. Benny uses Cole Mason's sauces and falsely accuses him. He is invited to join The Zephyr Pavilion by Claire Frost, who offers him shares. Jade Shaw tries to blacklist Cole Mason, unaware that he is culinary god, Andy. A cooking competition, Jade Shaw realizes her mistake. The Celestial Palate is on the verge of bankruptcy after Benny is exposed. Cole Mason leads The Zephyr Pavilion to a comeback.",,否 / No,,https://www.tiktok.com/@masturzo.clemen
masturzo.clemen,MD Drama,MD Drama,4,ID 7653126676993463313,The Chef's Payback,厨师的回报,2026-06-21 00:01:34,22,372900,1713,28.6,是 / Yes,Farming/Business、Skill/Talent Competition,种田/经商、技能/才艺竞赛,"Leo Lowe's Luzhu Stew shop is booming. His greedy landlady, Grace Shaw, gets jealous and raises the rent, demanding his Secret Recipe. Leo Lowe empties the shop overnight. He starts over, and his business thrives. Grace Shaw opens a copycat shop, but it gets shut down due to bad taste and poor hygiene. She sells her property and leaves town. Leo Lowe's shop becomes famous throughout the county. Good and evil receive their due, and true craftsmanship endures.",,否 / No,,https://www.tiktok.com/@masturzo.clemen
masturzo.clemen,MD Drama,MD Drama,5,ID 7656358275239810069,The Chairman's Revenge,主席的复仇,2026-07-04 06:01:12,27,97714,1550,25.8,是 / Yes,City、Revenge,城市、复仇,"Twenty years ago, teacher Declan Lee helped poor Forrest Shaw with 29 yuan tuition and more. Twenty years later, Forrest Shaw is chairman of a group. His teacher was framed for 'misconduct,' forced to resign, and now sells watermelons. Forrest Shaw encounters his teacher being bullied and repays his kindness by clearing his name and helping his prodigal son. The framer is exposed, and Forrest offers a long-overdue 'thank you'.",,否 / No,,https://www.tiktok.com/@masturzo.clemen
masturzo.clemen,MD Drama,MD Drama,6,ID 7657765348854240257,The Billionaire's Payback,亿万富翁的回报,2026-07-02 16:18:08,21,345830,1200,20.0,是 / Yes,Mistaken Identities、Sudden Wealth、City,错误的身份、暴富、城市,"Finn Ford, a live-in son-in-law, has his life turned upside down when his father finds a winning lottery ticket worth a hundred million. His cheating wife mistakes the news, thinking her mother won, and forces him into a divorce, making him leave with nothing. When the truth is revealed, his ex-wife's family is buried in debt. The 'poor' ex-husband they kicked out has become a billionaire. Greed and betrayal ultimately lead to revenge.",,否 / No,,https://www.tiktok.com/@masturzo.clemen
masturzo.clemen,MD Drama,MD Drama,7,ID 7657657100822647828,The Wellness Tycoon's Revenge,健康大亨的复仇,2026-07-02 14:14:07,22,37782,1777,29.6,是 / Yes,Revenge、City、Redemption,复仇、城市、赎回,"After TCM therapist Finn Sullivan was humiliated and kicked out by his own uncle, David Sullivan, with just 2,500 yuan, he starts a business from scratch with his miraculous skill of ""diagnosing diseases by smell."" This is a story of revenge and comeback, where he gets back at his black-hearted betrayers, ultimately becomes the leader of the wellness industry, and finds happiness.",,否 / No,,https://www.tiktok.com/@masturzo.clemen
aidramalabs_pulse0,Shape of Desire,Shape of Desire,1,ID 7657961190815257618,Penalty Kiss,惩罚之吻,2026-07-03 00:03:36,40,812306,2738,45.6,是 / Yes,Enemies to Lovers、Sports、City,从敌人到恋人、运动的、城市,Penalty Kiss,,否 / No,,https://www.tiktok.com/@aidramalabs_pulse0
aidramalabs_pulse0,Shape of Desire,Shape of Desire,2,ID 7656910100829049874,One Night of Ruin,一夜的毁灭,2026-06-30 04:18:36,44,11241497,3058,51.0,是 / Yes,City、Superior and Inferior、Romantic Complications,城市、强弱逆袭、浪漫并发症,One Night of Ruin,,否 / No,,https://www.tiktok.com/@aidramalabs_pulse0
aidramalabs_pulse0,Shape of Desire,Shape of Desire,3,ID 7656863316177998856,The Duke's Private Wing,公爵的私人翼楼,2026-06-30 01:04:40,30,765488,2640,44.0,是 / Yes,Romantic Complications、Family Feud、Mistaken Identities,浪漫并发症、家庭恩怨、错误的身份,"In a sealed Victorian manor, a governess reads love letters to a blind duke—until she realizes every letter was written to her, and he was never blind at all.",,否 / No,,https://www.tiktok.com/@aidramalabs_pulse0
aidramalabs_pulse0,Shape of Desire,Shape of Desire,4,ID 7645854577127887890,The Disabled Billionaire's Maid Substitute,残疾亿万富翁的女佣替身,2026-06-29 23:38:53,31,442068,1576,26.3,是 / Yes,Contract Lovers、Married Life、Family Feud,合约爱好者、婚姻生活、家庭恩怨,"A mind-reading bride falls for her cruel, disabled husband in a fake marriage.",,否 / No,,https://www.tiktok.com/@aidramalabs_pulse0
aidramalabs_pulse0,Shape of Desire,Shape of Desire,5,ID 7656910075717964807,The Heiress in a Janitor's Uniform,穿清洁工制服的女继承人,2026-06-30 04:09:48,50,531340,5088,84.8,是 / Yes,Mistaken Identities、Family & Ethics、Family Feud,错误的身份、家庭与道德、家庭恩怨,The Heiress in a Janitor's Uniform,,否 / No,,https://www.tiktok.com/@aidramalabs_pulse0
aidramalabs_pulse0,Shape of Desire,Shape of Desire,6,ID 7656910325203440647,The Wolf King's Regret: My Ex-Wife Is the Winter Queen,狼王的遗憾：我的前妻是凛冬女王,2026-06-30 04:07:14,62,1158476,5545,92.4,是 / Yes,Love After Divorce、Werewolf、Mistaken Identities,离婚后的爱情、狼人、错误的身份,The Wolf King's Regret: My Ex-Wife Is the Winter Queen,,否 / No,,https://www.tiktok.com/@aidramalabs_pulse0
aidramalabs_pulse0,Shape of Desire,Shape of Desire,7,ID 7657992598484816904,Unbroken Chains,不间断的锁链,2026-07-03 02:05:23,31,407532,2094,34.9,是 / Yes,Family Feud、Reconciliation、Married Life,家庭恩怨、和解、婚姻生活,Captive Maya marries Kael; they uncover a shared tragedy and defeat vicious foes.,,否 / No,,https://www.tiktok.com/@aidramalabs_pulse0
aidramalabs_pulse0,Shape of Desire,Shape of Desire,8,ID 7656972414429139986,From Dead Cop to Mafia Queen,从死亡警察到黑手党女王,2026-06-30 08:07:58,30,825688,2296,38.3,是 / Yes,dark romance、Revenge、City,黑暗浪漫、复仇、城市,From Dead Cop to Mafia Queen,,否 / No,,https://www.tiktok.com/@aidramalabs_pulse0
aidramalabs_pulse0,Shape of Desire,Shape of Desire,9,ID 7657992497347728391,The Christian Boy's Secret,基督徒男孩的秘密,2026-07-03 02:05:03,46,776552,3620,60.3,是 / Yes,Friends to Lovers、Romantic Complications,朋友到恋人、浪漫并发症,The Christian Boy's Secret,,否 / No,,https://www.tiktok.com/@aidramalabs_pulse0
aidramalabs_pulse0,Shape of Desire,Shape of Desire,10,ID 7657141627001213970,"He Faked His Death, I Stole His Empire",他伪造了他的死亡，我偷走了他的帝国,2026-06-30 19:03:03,47,1857473,4890,81.5,是 / Yes,dark romance、Forced Love、Family Feud,黑暗浪漫、强迫的爱、家庭恩怨,"From a terrified waitress to a lethal mafia matriarch: she was kidnapped by the devil himself, but he ended up bowing at her feet.",,否 / No,,https://www.tiktok.com/@aidramalabs_pulse0
aidramalabs_pulse0,Shape of Desire,Shape of Desire,11,ID 7657992461373068296,The Lie She Breathes,她呼吸的谎言,2026-07-03 02:04:52,35,390976,1982,33.0,是 / Yes,Mystery、City,神秘、城市,The Lie She Breathes,,否 / No,,https://www.tiktok.com/@aidramalabs_pulse0
aidramalabs_pulse0,Shape of Desire,Shape of Desire,12,ID 7657992735731766279,My Secret Son with the Billionaire Enemy,我的秘密儿子与亿万富翁敌人,2026-07-03 02:06:09,60,773680,5547,92.5,是 / Yes,Reconciliation、Romantic Complications、Family Feud,和解、浪漫并发症、家庭恩怨,My Secret Son with the Billionaire Enemy,,否 / No,,https://www.tiktok.com/@aidramalabs_pulse0
aidramalabs_pulse0,Shape of Desire,Shape of Desire,13,ID 7658100317317469202,Beneath the Ice The Captain’s Fake Boyfriend,冰下船长的假男友,2026-07-03 09:03:23,29,3337647,2876,47.9,是 / Yes,Contract Lovers、Romantic Complications,合约爱好者、浪漫并发症,Beneath the Ice The Captain’s Fake Boyfriend,,否 / No,,https://www.tiktok.com/@aidramalabs_pulse0
aidramalabs_pulse0,Shape of Desire,Shape of Desire,14,ID 7657992262286119954,My Unborn Baby Exposed My Cheating Husband,我未出生的婴儿揭露了我出轨的丈夫,2026-07-03 02:09:01,50,448348,3267,54.5,是 / Yes,Married Life、Family Feud、Love Triangle,婚姻生活、家庭恩怨、三角恋,My Unborn Baby Exposed My Cheating Husband,,否 / No,,https://www.tiktok.com/@aidramalabs_pulse0
aidramalabs_pulse0,Shape of Desire,Shape of Desire,15,ID 7656972635120948231,"Two Rival CEOs, One Assistant",两名竞争对手首席执行官，一名助理,2026-06-30 08:09:01,30,848612,2164,36.1,是 / Yes,Romantic Complications、Family Feud、Love Triangle,浪漫并发症、家庭恩怨、三角恋,"She signed two contracts with two enemies who used to be brothers. Now they fight over her coffee, her weekend, her lips—and the secret that broke them seven years ago wears her face.",,否 / No,,https://www.tiktok.com/@aidramalabs_pulse0
aidramalabs_pulse0,Shape of Desire,Shape of Desire,16,ID 7656911068522026002,The Emperor's Private Bathhouse,皇帝的私人浴室,2026-06-30 04:23:04,30,12195026,2596,43.3,是 / Yes,Reconciliation、Romantic Complications、Royal Palace,和解、浪漫并发症、皇宫,"In Rome's deepest bath, a conquered princess serves an emperor who refuses to touch her, until she discovers the mosaic on the wall wears her own face.",,否 / No,,https://www.tiktok.com/@aidramalabs_pulse0
aidramalabs_pulse0,Shape of Desire,Shape of Desire,17,ID 7656912029592146951,Forsaken Bloodline,被遗忘的血脉,2026-06-30 04:17:59,40,852281,2407,40.1,是 / Yes,Werewolf、Reconciliation、Romantic Complications,狼人、和解、浪漫并发症,Forsaken Bloodline,,否 / No,,https://www.tiktok.com/@aidramalabs_pulse0
aidramalabs_pulse0,Shape of Desire,Shape of Desire,18,ID 7656958450257204242,Mad Boss: Lift And Twins,疯狂老板：电梯与双胞胎,2026-06-30 07:12:12,50,2093068,5154,85.9,是 / Yes,Superior and Inferior、Romantic Complications、Family Feud,强弱逆袭、浪漫并发症、家庭恩怨,"A humble employee defies a ruthless billionaire boss, only to uncover his hidden vulnerability",,否 / No,,https://www.tiktok.com/@aidramalabs_pulse0
aidramalabs_pulse0,Shape of Desire,Shape of Desire,19,ID 7656863313392866312,The Dragon's Forbidden Bride,龙的禁忌新娘,2026-06-30 01:02:56,30,3122167,2434,40.6,是 / Yes,Mistaken Identities、Romantic Complications、Cultivation,错误的身份、浪漫并发症、栽培,"She was sent to die for a dragon, but the beast bleeds only when she's cold, and the crown that damned him still beats inside her veins.",,否 / No,,https://www.tiktok.com/@aidramalabs_pulse0
aidramalabs_pulse0,Shape of Desire,Shape of Desire,20,ID 7656911468373529618,Forbidden Obsession,禁忌的痴迷,2026-06-30 04:21:36,35,4377866,3265,54.4,是 / Yes,Family & Ethics、Contract Lovers、Family Feud,家庭与道德、合约爱好者、家庭恩怨,Forbidden Obsession,,否 / No,,https://www.tiktok.com/@aidramalabs_pulse0
aidramalabs_pulse0,Shape of Desire,Shape of Desire,21,ID 7657992723169022994,"One Touch, One Light",一键一灯,2026-07-03 02:06:01,51,571964,4591,76.5,是 / Yes,Palace/Mansion Intrigue、Fantasy、Redemption,宫殿/豪宅阴谋、奇幻、赎回,"One touch gives him sight—and steals hers. Two princes, one cursed girl, and a king who drinks her blood. She can save the man she loves, but only by walking into eternal darkness alone.",,否 / No,,https://www.tiktok.com/@aidramalabs_pulse0
aidramalabs_pulse0,Shape of Desire,Shape of Desire,22,ID 7658255072895325191,Kidnapped by the Wolf King,被狼王绑架,2026-07-03 19:03:59,55,2618447,3673,61.2,是 / Yes,Forced Love、Werewolf、Enemies to Lovers,强迫的爱、狼人、从敌人到恋人,Kidnapped by the Wolf King,,否 / No,,https://www.tiktok.com/@aidramalabs_pulse0
aidramalabs_pulse0,Shape of Desire,Shape of Desire,23,ID 7657992969923974152,Satan Sent Me a Hell Puppy,撒旦送给我一只地狱小狗,2026-07-03 02:06:52,36,438776,2101,35.0,是 / Yes,Fantasy、Contract Lovers,奇幻、合约爱好者,Satan Sent Me a Hell Puppy,,否 / No,,https://www.tiktok.com/@aidramalabs_pulse0
aidramalabs_pulse0,Shape of Desire,Shape of Desire,24,ID 7656911546194334738,A Doce Esposa do CEO,Doce Esposa 首席执行官,2026-06-30 04:13:42,66,875876,7632,127.2,是 / Yes,Romantic Complications、City、Love After Marriage,浪漫并发症、城市、婚后的爱情,A Doce Esposa do CEO,,否 / No,,https://www.tiktok.com/@aidramalabs_pulse0
aidramalabs_pulse0,Shape of Desire,Shape of Desire,25,ID 7656911442720920583,Vows of the Silver Eclipse,银蚀誓言,2026-06-30 04:10:27,36,337165,2442,40.7,是 / Yes,Mistaken Identities、Romantic Complications、Werewolf,错误的身份、浪漫并发症、狼人,Vows of the Silver Eclipse,,否 / No,,https://www.tiktok.com/@aidramalabs_pulse0
aidramalabs_pulse0,Shape of Desire,Shape of Desire,26,ID 7656911019842737159,Reborn as the Mafia Heir’s Bride,重生为黑手党继承人的新娘,2026-06-30 04:18:57,60,2769355,7218,120.3,是 / Yes,Reconciliation、Family Feud、Romantic Complications,和解、家庭恩怨、浪漫并发症,Reborn as the Mafia Heir’s Bride,,否 / No,,https://www.tiktok.com/@aidramalabs_pulse0
aidramalabs_pulse0,Shape of Desire,Shape of Desire,27,ID 7656911277381571602,Mila Reed: The Luna of Moonstone Keep,米拉·里德：月光石堡的月神,2026-06-30 04:09:04,35,337786,2423,40.4,是 / Yes,Werewolf、Revealed Crush、Romantic Complications,狼人、揭露暗恋、浪漫并发症,Mila Reed: The Luna of Moonstone Keep,,否 / No,,https://www.tiktok.com/@aidramalabs_pulse0
aidramalabs_pulse0,Shape of Desire,Shape of Desire,28,ID 7656900433889399826,No.7 After Dark,No.7 天黑后,2026-06-30 03:28:53,36,772806,2620,43.7,是 / Yes,Sports、City、Contract Lovers,运动的、城市、合约爱好者,No.7 After Dark,,否 / No,,https://www.tiktok.com/@aidramalabs_pulse0
aidramalabs_pulse0,Shape of Desire,Shape of Desire,29,ID 7656911151246087176,The Lethal Queen's Game,致命女王的游戏,2026-06-30 04:11:55,30,349881,1755,29.2,是 / Yes,Family Feud、Revenge、Enemies to Lovers,家庭恩怨、复仇、从敌人到恋人,The Lethal Queen's Game,,否 / No,,https://www.tiktok.com/@aidramalabs_pulse0
aidramalabs_pulse0,Shape of Desire,Shape of Desire,30,ID 7656972419302970386,The Mob King's Stolen Attic Bride,黑帮之王被盗的阁楼新娘,2026-06-30 08:06:30,50,2282394,4199,70.0,是 / Yes,Family & Ethics、Contract Lovers、Family Feud,家庭与道德、合约爱好者、家庭恩怨,"Chosen by a fiercely protective mafia king, a timid outcast overcomes her abusive past to become the deeply loved, untouchable queen of his underworld empire.",,否 / No,,https://www.tiktok.com/@aidramalabs_pulse0
aidramalabs_pulse0,Shape of Desire,Shape of Desire,31,ID 7656911580965360648,Murder in the Winter Castle: A Sinful Stepbrother Romance,冬季城堡谋杀案：罪恶的继兄罗曼史,2026-06-30 04:18:03,50,800510,3330,55.5,是 / Yes,Revenge、Grand Mansion、Contract Lovers,复仇、正大公馆、合约爱好者,Murder in the Winter Castle: A Sinful Stepbrother Romance,,否 / No,,https://www.tiktok.com/@aidramalabs_pulse0
aidramalabs_pulse0,Shape of Desire,Shape of Desire,32,ID 7658100382505227272,Claimed by My Dead Mate's Uncle,被我死去的伙伴的叔叔认领,2026-07-03 09:03:37,30,4221848,1752,29.2,是 / Yes,Werewolf、Age Gap/Older Boyfriend、Forced Love,狼人、年龄差距/年长的男朋友、强迫的爱,Claimed by My Dead Mate's Uncle,,否 / No,,https://www.tiktok.com/@aidramalabs_pulse0
aidramalabs_pulse0,Shape of Desire,Shape of Desire,33,ID 7657992394000323591,The Billionaire's Lie Detector,亿万富翁的测谎仪,2026-07-03 02:09:21,30,380929,1801,30.0,是 / Yes,Business Competition、Family Feud,商业竞赛、家庭恩怨,The Billionaire's Lie Detector,,否 / No,,https://www.tiktok.com/@aidramalabs_pulse0
aidramalabs_pulse0,Shape of Desire,Shape of Desire,34,ID 7656972612983133192,His Forbidden Coach,他的禁忌教练,2026-06-30 08:08:52,50,1426720,5330,88.8,是 / Yes,City、Superior and Inferior、Sports,城市、强弱逆袭、运动的,He was the champion they buried in lies. The rookie they warned him about just chose him in front of everyone—and the water remembers who he used to be.,,否 / No,,https://www.tiktok.com/@aidramalabs_pulse0
aidramalabs_pulse0,Shape of Desire,Shape of Desire,35,ID 7657992750910198792,Seven Years to Forever,七年到永远,2026-07-03 02:10:42,43,1149073,3872,64.5,是 / Yes,City、Reconciliation、Romantic Complications,城市、和解、浪漫并发症,Seven Years to Forever,,否 / No,,https://www.tiktok.com/@aidramalabs_pulse0
aidramalabs_pulse0,Shape of Desire,Shape of Desire,36,ID 7657993004066542600,The Sparrow and the Flame,麻雀与火焰,2026-07-03 02:06:10,36,350363,2280,38.0,是 / Yes,Action、Mistaken Identities、City,行动、错误的身份、城市,The Sparrow and the Flame,,否 / No,,https://www.tiktok.com/@aidramalabs_pulse0
aidramalabs_pulse0,Shape of Desire,Shape of Desire,37,ID 7656910482523116552,The Cheer Captain Hated Me..Until She Kissed Me,啦啦队长恨我……直到她吻了我,2026-06-30 04:05:55,28,40729755,2576,42.9,是 / Yes,Enemies to Lovers、Romantic Complications,从敌人到恋人、浪漫并发症,The Cheer Captain Hated Me..Until She Kissed Me,,否 / No,,https://www.tiktok.com/@aidramalabs_pulse0
aidramalabs_pulse0,Shape of Desire,Shape of Desire,38,ID 7656911991428404232,Thermal Borders,热边界,2026-06-30 04:13:42,58,812697,4778,79.6,是 / Yes,Action,行动,Thermal Borders,,否 / No,,https://www.tiktok.com/@aidramalabs_pulse0
aidramalabs_pulse0,Shape of Desire,Shape of Desire,39,ID 7656911964844921874,Soul Swap: Trapped in His Arms,灵魂交换：被困在他的怀里,2026-06-30 04:12:30,37,3814839,3223,53.7,是 / Yes,Family & Ethics、Family Feud,家庭与道德、家庭恩怨,Soul Swap: Trapped in His Arms,,否 / No,,https://www.tiktok.com/@aidramalabs_pulse0
aidramalabs_pulse0,Shape of Desire,Shape of Desire,40,ID 7645787685583541269,His Brother's Best Friend,他兄弟最好的朋友,2026-06-29 23:41:55,34,5950255,2650,44.2,是 / Yes,Romantic Complications、Rural Area、Friends to Lovers,浪漫并发症、乡村、朋友到恋人,His Brother's Best Friend,,否 / No,,https://www.tiktok.com/@aidramalabs_pulse0
aidramalabs_pulse0,Shape of Desire,Shape of Desire,41,ID 7657992426237334536,Sin and Sanctuary,罪恶与庇护所,2026-07-03 02:07:32,34,769823,2915,48.6,是 / Yes,City、Contract Lovers、Forced Love,城市、合约爱好者、强迫的爱,Sin and Sanctuary,,否 / No,,https://www.tiktok.com/@aidramalabs_pulse0
aidramalabs_pulse0,Shape of Desire,Shape of Desire,42,ID 7656911694257820680,Sister Sold Me to Hades,姐姐把我卖给哈迪斯,2026-06-30 04:10:46,50,847231,3196,53.3,是 / Yes,Revenge、Cultivation,复仇、栽培,Sister Sold Me to Hades,,否 / No,,https://www.tiktok.com/@aidramalabs_pulse0
aidramalabs_pulse0,Shape of Desire,Shape of Desire,43,ID 7640578870303020050,My Stepbrother's Obsession,我继兄弟的痴迷,2026-06-29 23:37:12,30,19648443,1966,32.8,是 / Yes,Family Feud、Family & Ethics、dark romance,家庭恩怨、家庭与道德、黑暗浪漫,He hunts his own kin,,否 / No,,https://www.tiktok.com/@aidramalabs_pulse0
aidramalabs_pulse0,Shape of Desire,Shape of Desire,44,ID 7656910001059025927,I Married A Merman For Rent,我嫁给了一条出租人鱼,2026-06-30 04:04:48,30,401896,2387,39.8,是 / Yes,Romantic Complications、Fantasy、Contract Lovers,浪漫并发症、奇幻、合约爱好者,"A broke single mom rents a merman as her husband for one year — but every Thursday he must return to the sea, and every time he comes back, he wants to leave her less.",,否 / No,,https://www.tiktok.com/@aidramalabs_pulse0
aidramalabs_pulse0,Shape of Desire,Shape of Desire,45,ID 7658177343999169543,My Whisper App Pup Is My Iceberg CEO,我的 Whisper 应用程序小狗是我的冰山首席执行官,2026-07-03 14:02:28,40,781124,4289,71.5,是 / Yes,Superior and Inferior、Romantic Complications、City,强弱逆袭、浪漫并发症、城市,My Whisper App Pup Is My Iceberg CEO,,否 / No,,https://www.tiktok.com/@aidramalabs_pulse0
aidramalabs_pulse0,Shape of Desire,Shape of Desire,46,ID 7658208622882706450,Beneath the Ice The Captain’s Fake Boyfriend,冰下船长的假男友,2026-07-03 16:04:07,31,1065468,2876,47.9,是 / Yes,Contract Lovers、Romantic Complications,合约爱好者、浪漫并发症,Beneath the Ice The Captain’s Fake Boyfriend,,否 / No,,https://www.tiktok.com/@aidramalabs_pulse0
aidramalabs_pulse0,Shape of Desire,Shape of Desire,47,ID 7656910949420635144,Reborn to Revenge: Guarded by the Billionaire Alpha,重生复仇：由亿万富翁阿尔法守护,2026-06-30 04:23:12,43,824986,3512,58.5,是 / Yes,Family Feud、Revenge,家庭恩怨、复仇,Reborn to Revenge: Guarded by the Billionaire Alpha,,否 / No,,https://www.tiktok.com/@aidramalabs_pulse0
aidramalabs_pulse0,Shape of Desire,Shape of Desire,48,ID 7658023262781772818,Claimed by the Alpha King’s Shadow,被阿尔法王之影占领,2026-07-03 04:08:33,32,1585016,3637,60.6,是 / Yes,Mistaken Identities、Romantic Complications、City,错误的身份、浪漫并发症、城市,Claimed by the Alpha King’s Shadow,,否 / No,,https://www.tiktok.com/@aidramalabs_pulse0
aidramalabs_pulse0,Shape of Desire,Shape of Desire,49,ID 7656900574033515538,Mist Survival: Secret Heiress,迷雾求生：秘密女继承人,2026-06-30 03:29:23,60,427644,4346,72.4,是 / Yes,Fantasy、Mistaken Identities、Action,奇幻、错误的身份、行动,Mist Survival: Secret Heiress,,否 / No,,https://www.tiktok.com/@aidramalabs_pulse0
aidramalabs_pulse0,Shape of Desire,Shape of Desire,50,ID 7643241607965479952,Dangerous Deal: The Mafia Boss's Contract Doctor,危险交易：黑手党老大的合同医生,2026-06-29 23:39:18,33,392428,2105,35.1,是 / Yes,Contract Lovers、Medical Drama、City,合约爱好者、医疗剧、城市,Dangerous Deal: The Mafia Boss's Contract Doctor,,否 / No,,https://www.tiktok.com/@aidramalabs_pulse0
aidramalabs_pulse0,Shape of Desire,Shape of Desire,51,ID 7653755625713128466,The One I Loved Was Never You,我爱过的人从来都不是你,2026-06-21 16:03:23,36,3035863,2458,41.0,是 / Yes,Contract Lovers、Married Life、Family Feud,合约爱好者、婚姻生活、家庭恩怨,The One I Loved Was Never You,,否 / No,,https://www.tiktok.com/@aidramalabs_pulse0
aidramalabs_pulse0,Shape of Desire,Shape of Desire,52,ID 7655379136394941447,The Runaway Oracle,逃跑的神谕者,2026-06-26 01:03:35,36,822912,2351,39.2,是 / Yes,Redemption、Royal Palace、Adventure,赎回、皇宫、冒险,The Runaway Oracle,,否 / No,,https://www.tiktok.com/@aidramalabs_pulse0
aidramalabs_pulse0,Shape of Desire,Shape of Desire,53,ID 7652951971762213906,Stitched Back from Ashes,从灰烬中缝合回来,2026-06-19 12:04:58,30,16283145,2005,33.4,是 / Yes,City、Contract Lovers、Revenge,城市、合约爱好者、复仇,Stitched Back from Ashes,,否 / No,,https://www.tiktok.com/@aidramalabs_pulse0
aidramalabs_pulse0,Shape of Desire,Shape of Desire,54,ID 7655333162884813842,I Ate A Meteorite For Her,我为她吃了一块陨石,2026-06-25 22:06:57,25,350684,1646,27.4,是 / Yes,Action、Fantasy、Lost Child,行动、奇幻、丢失的孩子,I Ate A Meteorite For Her,,否 / No,,https://www.tiktok.com/@aidramalabs_pulse0
aidramalabs_pulse0,Shape of Desire,Shape of Desire,55,ID 7653462004560417800,Contract with the Lycan Emperor,与狼人皇帝的契约,2026-06-20 21:05:45,30,1423228,2756,45.9,是 / Yes,dark romance、Werewolf、Forced Love,黑暗浪漫、狼人、强迫的爱,Contract with the Lycan Emperor,,否 / No,,https://www.tiktok.com/@aidramalabs_pulse0
aidramalabs_pulse0,Shape of Desire,Shape of Desire,56,ID 7655348495326548999,No Mercy for My Brother,对我的兄弟没有怜悯,2026-06-25 23:04:53,45,876448,3516,58.6,是 / Yes,Revenge、Family Feud、Reconciliation,复仇、家庭恩怨、和解,No Mercy for My Brother,,否 / No,,https://www.tiktok.com/@aidramalabs_pulse0
aidramalabs_pulse0,Shape of Desire,Shape of Desire,57,ID 7655333029988389895,The Supreme Commander's Guard,最高统帅卫队,2026-06-25 22:04:33,30,385840,1819,30.3,是 / Yes,Contract Lovers、Revenge、Family Feud,合约爱好者、复仇、家庭恩怨,The Supreme Commander's Guard,,否 / No,,https://www.tiktok.com/@aidramalabs_pulse0
aidramalabs_pulse0,Shape of Desire,Shape of Desire,58,ID 7655348876857316370,She Stole My DNA,她偷了我的DNA,2026-06-25 23:06:13,35,3371218,3035,50.6,是 / Yes,Betrayal、Family Feud,背叛、家庭恩怨,She Stole My DNA,,否 / No,,https://www.tiktok.com/@aidramalabs_pulse0
aidramalabs_pulse0,Shape of Desire,Shape of Desire,59,ID 7653724830931522567,Broke Peach Barbie,破碎的桃子芭比,2026-06-21 14:03:51,30,822341,2066,34.4,是 / Yes,City、Reconciliation、Romantic Complications,城市、和解、浪漫并发症,Broke Peach Barbie,,否 / No,,https://www.tiktok.com/@aidramalabs_pulse0
aidramalabs_pulse0,Shape of Desire,Shape of Desire,60,ID 7653725093046031367,My Two Campus Princes Won't Leave Me Alone,我的两个校园王子不会丢下我一个人,2026-06-21 14:04:56,32,920365,2205,36.8,是 / Yes,Romantic Complications、Childhood Sweethearts,浪漫并发症、青梅竹马,My Two Campus Princes Won't Leave Me Alone,,否 / No,,https://www.tiktok.com/@aidramalabs_pulse0
aidramalabs_pulse0,Shape of Desire,Shape of Desire,61,ID 7652998076755547144,The Hospital Report That Exposed My Son’s Fiancée,医院报告揭露了我儿子的未婚妻,2026-06-19 15:03:56,60,9910152,4325,72.1,是 / Yes,Mother- & Daughter-in-Law、Revenge、Family Feud,婆婆和儿媳妇、复仇、家庭恩怨,"Insulted and beaten by her son’s wicked fiancée, a humble retired doctor unleashes her true identity: a billionaire fashion empress. Forged pregnancies and fatal conspiracies fuel the ultimate high-society payback you can't miss!",,否 / No,,https://www.tiktok.com/@aidramalabs_pulse0
aidramalabs_pulse0,Shape of Desire,Shape of Desire,62,ID 7653493274531009543,"Two Princes, One Crown, One Cinderella",两个王子，一顶王冠，一个灰姑娘,2026-06-20 23:05:25,34,914305,2556,42.6,是 / Yes,Romantic Complications、Family Feud、Love Triangle,浪漫并发症、家庭恩怨、三角恋,"Two Princes, One Crown, One Cinderella",,否 / No,,https://www.tiktok.com/@aidramalabs_pulse0
aidramalabs_pulse0,Shape of Desire,Shape of Desire,63,ID 7654451483257099282,The Queen Who Bought His Empire,买下帝国的女王,2026-06-23 13:03:53,35,1388728,2124,35.4,是 / Yes,Family Feud、Married Life,家庭恩怨、婚姻生活,The Queen Who Bought His Empire,,否 / No,,https://www.tiktok.com/@aidramalabs_pulse0
aidramalabs_pulse0,Shape of Desire,Shape of Desire,64,ID 7653029301683622920,Bride of the Dead,死者的新娘,2026-06-19 17:05:40,33,870052,2700,45.0,是 / Yes,Family Disputes、Family Feud,家庭纠纷、家庭恩怨,Bride of the Dead,,否 / No,,https://www.tiktok.com/@aidramalabs_pulse0
aidramalabs_pulse0,Shape of Desire,Shape of Desire,65,ID 7654250694714627090,Betrayed at My Bedside: Claimed by the Tyrant Alpha,在我的床边被背叛：被暴君阿尔法认领,2026-06-23 00:07:06,55,25885302,5934,98.9,是 / Yes,Betrayal、Reconciliation、Werewolf,背叛、和解、狼人,Betrayed at My Bedside: Claimed by the Tyrant Alpha,,否 / No,,https://www.tiktok.com/@aidramalabs_pulse0
aidramalabs_pulse0,Shape of Desire,Shape of Desire,66,ID 7654250579635508231,The Moonlit Glasshouse,月光温室,2026-06-23 00:04:12,30,2836092,2303,38.4,是 / Yes,Reconciliation、Romantic Complications、Fantasy,和解、浪漫并发症、奇幻,"A London botanist inherits a glasshouse where a silver-haired guardian blooms from a flower at midnight — he lives only in moonlight, and every petal she grows is a heartbeat she can't take back.",,否 / No,,https://www.tiktok.com/@aidramalabs_pulse0
aidramalabs_pulse0,Shape of Desire,Shape of Desire,67,ID 7654251221980615698,"Betrayed by My Fiancé, Claimed by His CEO Uncle",被未婚夫背叛，被总裁叔叔认领,2026-06-23 00:09:06,31,34310722,2112,35.2,是 / Yes,Romantic Complications、Age Gap/Older Boyfriend、Family Feud,浪漫并发症、年龄差距/年长的男朋友、家庭恩怨,"Betrayed by My Fiancé, Claimed by His CEO Uncle",,否 / No,,https://www.tiktok.com/@aidramalabs_pulse0
aidramalabs_pulse0,Shape of Desire,Shape of Desire,68,ID 7653755513842488327,Error 404: Love Not Found — Until You,错误404：未找到爱——直到你,2026-06-21 16:03:02,40,538599,2638,44.0,是 / Yes,Fantasy、Reconciliation、Mystery,奇幻、和解、神秘,Error 404: Love Not Found — Until You,,否 / No,,https://www.tiktok.com/@aidramalabs_pulse0
aidramalabs_pulse0,Shape of Desire,Shape of Desire,69,ID 7654265853839528978,The Billionaire's Shield,亿万富翁的盾牌,2026-06-23 01:05:09,30,794760,2337,39.0,是 / Yes,City、Superior and Inferior、Romantic Complications,城市、强弱逆袭、浪漫并发症,The Billionaire's Shield,,否 / No,,https://www.tiktok.com/@aidramalabs_pulse0
aidramalabs_pulse0,Shape of Desire,Shape of Desire,70,ID 7653425608131007495,He Turns Into A Cat At Midnight,他在午夜变成了一只猫,2026-06-20 19:04:32,30,835225,2287,38.1,是 / Yes,Fantasy、Romantic Complications、Contract Lovers,奇幻、浪漫并发症、合约爱好者,"She kissed a stray black cat on a rainy night, and at midnight he stood in her living room, shirtless, whispering that every kiss she gave him bought one more hour of being human before the curse pulled him back.",,否 / No,,https://www.tiktok.com/@aidramalabs_pulse0
aidramalabs_pulse0,Shape of Desire,Shape of Desire,71,ID 7655348381271643144,The Prince Who Bloomed in Winter,冬日绽放的王子,2026-06-25 23:04:10,30,829687,2766,46.1,是 / Yes,Royal Palace、Redemption、Romantic Complications,皇宫、赎回、浪漫并发症,She was sold to marry an ice statue prince,,否 / No,,https://www.tiktok.com/@aidramalabs_pulse0
aidramalabs_pulse0,Shape of Desire,Shape of Desire,72,ID 7655348350509683730,"Cursed Bond, Royal Omega",被诅咒的债券，皇家欧米茄,2026-06-25 23:04:04,35,843583,2260,37.7,是 / Yes,dark romance、Revenge、Werewolf,黑暗浪漫、复仇、狼人,"Cursed Bond, Royal Omega",,否 / No,,https://www.tiktok.com/@aidramalabs_pulse0
aidramalabs_pulse0,Shape of Desire,Shape of Desire,73,ID 7653493484095640594,The Ghost BFF’s Revenge: Outsmarting My Billionaire Ex,幽灵好友的复仇：智胜我的亿万富翁前任,2026-06-20 23:05:21,40,1701759,2239,37.3,是 / Yes,Married Life、Fantasy,婚姻生活、奇幻,The Ghost BFF’s Revenge: Outsmarting My Billionaire Ex,,否 / No,,https://www.tiktok.com/@aidramalabs_pulse0
aidramalabs_pulse0,Shape of Desire,Shape of Desire,74,ID 7653523850294154247,He Traded My Love for Her Life,他用我的爱换了她的生命,2026-06-21 01:03:57,30,778324,1738,29.0,是 / Yes,Contract Lovers、Romantic Complications、Family Feud,合约爱好者、浪漫并发症、家庭恩怨,He Traded My Love for Her Life,,否 / No,,https://www.tiktok.com/@aidramalabs_pulse0
aidramalabs_pulse0,Shape of Desire,Shape of Desire,75,ID 7655333357219370002,Dad Sold Me to My Mate,爸爸把我卖给了我的伴侣,2026-06-25 22:06:01,37,1339843,2828,47.1,是 / Yes,dark romance、Forced Love、Werewolf,黑暗浪漫、强迫的爱、狼人,Dad Sold Me to My Mate,,否 / No,,https://www.tiktok.com/@aidramalabs_pulse0
aidramalabs_pulse0,Shape of Desire,Shape of Desire,76,ID 7655363810655736839,The Billionaire's Captive Surgeon,亿万富翁的俘虏外科医生,2026-06-26 00:04:02,35,1029754,2176,36.3,是 / Yes,Forced Love、Family Feud、Bromance,强迫的爱、家庭恩怨、兄弟情谊,The Billionaire's Captive Surgeon,,否 / No,,https://www.tiktok.com/@aidramalabs_pulse0
aidramalabs_pulse0,Shape of Desire,Shape of Desire,77,ID 7655363802367677447,The Outcast and Her Hound: No Mercy,流浪者和她的猎犬：无情,2026-06-26 00:05:46,42,5845646,2648,44.1,是 / Yes,Family Feud、Family & Ethics,家庭恩怨、家庭与道德,The Outcast and Her Hound: No Mercy,,否 / No,,https://www.tiktok.com/@aidramalabs_pulse0
aidramalabs_pulse0,Shape of Desire,Shape of Desire,78,ID 7653725469002503175,The Masked Duke's Pampered Wife,蒙面公爵的宠妻,2026-06-21 14:06:30,36,766947,2131,35.5,是 / Yes,Redemption、Romantic Complications、Family Feud,赎回、浪漫并发症、家庭恩怨,The Masked Duke's Pampered Wife,,否 / No,,https://www.tiktok.com/@aidramalabs_pulse0
aidramalabs_pulse0,Shape of Desire,Shape of Desire,79,ID 7653461830115300370,"After Loving Him for Six Years, I Married Someone Else",爱他六年后，我嫁给了别人,2026-06-20 21:05:07,40,366336,3441,57.4,是 / Yes,Contract Lovers、Revenge、City,合约爱好者、复仇、城市,"After Loving Him for Six Years, I Married Someone Else",,否 / No,,https://www.tiktok.com/@aidramalabs_pulse0
aidramalabs_pulse0,Shape of Desire,Shape of Desire,80,ID 7653509431358985224,THE LIGHT WE KEEP,我们保留的光,2026-06-21 00:09:45,40,1779913,4513,75.2,是 / Yes,Contract Lovers、Family Feud、Romantic Complications,合约爱好者、家庭恩怨、浪漫并发症,THE LIGHT WE KEEP,,否 / No,,https://www.tiktok.com/@aidramalabs_pulse0
aidramalabs_pulse0,Shape of Desire,Shape of Desire,81,ID 7655332934920115207,She Watched Through My Eyes,她通过我的眼睛观察,2026-06-25 22:09:34,30,766491,2601,43.4,是 / Yes,Workplace、Mystery、Superior and Inferior,职场、神秘、强弱逆袭,She Watched Through My Eyes,,否 / No,,https://www.tiktok.com/@aidramalabs_pulse0
aidramalabs_pulse0,Shape of Desire,Shape of Desire,82,ID 7653786465352553479,Mafia Heiress,黑手党女继承人,2026-06-21 18:03:19,31,3190067,2244,37.4,是 / Yes,Family Disputes、Family Feud、Contract Lovers,家庭纠纷、家庭恩怨、合约爱好者,"Elena escapes mafia control, fights enemies and gains true love with Dante.",,否 / No,,https://www.tiktok.com/@aidramalabs_pulse0
aidramalabs_pulse0,Shape of Desire,Shape of Desire,83,ID 7653508766000616466,Ice Breaker,破冰活动,2026-06-21 00:05:28,40,855800,2753,45.9,是 / Yes,Romantic Complications、City,浪漫并发症、城市,Ice Breaker,,否 / No,,https://www.tiktok.com/@aidramalabs_pulse0
aidramalabs_pulse0,Shape of Desire,Shape of Desire,84,ID 7653725418834662408,The Exiled Alpha's Twin Secrets,被放逐的阿尔法的双胞胎秘密,2026-06-21 14:06:08,26,2978435,1709,28.5,是 / Yes,Romantic Complications、Werewolf、Contract Lovers,浪漫并发症、狼人、合约爱好者,The Exiled Alpha's Twin Secrets,,否 / No,,https://www.tiktok.com/@aidramalabs_pulse0
aidramalabs_pulse0,Shape of Desire,Shape of Desire,85,ID 7655348488255230983,The Crown Beneath the Maid Uniform,女仆服下的王冠,2026-06-26 02:20:47,36,5458152,2456,40.9,是 / Yes,Revenge、Family Feud、Reconciliation,复仇、家庭恩怨、和解,The Crown Beneath the Maid Uniform,,否 / No,,https://www.tiktok.com/@aidramalabs_pulse0
aidramalabs_pulse0,Shape of Desire,Shape of Desire,86,ID 7653786554829296648,The Man Who Kept Me,留住我的男人,2026-06-21 18:03:29,33,5046694,3582,59.7,是 / Yes,dark romance、Forced Love、Family Feud,黑暗浪漫、强迫的爱、家庭恩怨,The Man Who Kept Me,,否 / No,,https://www.tiktok.com/@aidramalabs_pulse0
aidramalabs_pulse0,Shape of Desire,Shape of Desire,87,ID 7653725109156549650,Bound by Scent: The Don's Fake Bride,被气味所束缚：唐的假新娘,2026-06-21 14:06:51,40,13330937,3007,50.1,是 / Yes,Mistaken Identities、Forced Love、Family Feud,错误的身份、强迫的爱、家庭恩怨,Bound by Scent: The Don's Fake Bride,,否 / No,,https://www.tiktok.com/@aidramalabs_pulse0
aidramalabs_pulse0,Shape of Desire,Shape of Desire,88,ID 7653693831652627474,"Five Brothers, One Vow",五兄弟一誓,2026-06-21 12:03:40,37,799016,3035,50.6,是 / Yes,Family Disputes、Family Feud、Love Triangle,家庭纠纷、家庭恩怨、三角恋,"Five Brothers, One Vow",,否 / No,,https://www.tiktok.com/@aidramalabs_pulse0
aidramalabs_pulse0,Shape of Desire,Shape of Desire,89,ID 7654250756618621959,The King's Regret: Rise of the Thorns,国王的遗憾：荆棘崛起,2026-06-23 00:04:57,40,778292,2820,47.0,是 / Yes,Reconciliation、Romantic Complications、Family Feud,和解、浪漫并发症、家庭恩怨,The King's Regret: Rise of the Thorns,,否 / No,,https://www.tiktok.com/@aidramalabs_pulse0
aidramalabs_pulse0,Shape of Desire,Shape of Desire,90,ID 7653647414452491272,"Daddy, You Lost Your Little Princess",爸爸，你失去了你的小公主,2026-06-21 09:11:13,50,137934341,3882,64.7,是 / Yes,Family & Ethics、Challenge/Quests in Game、Lost Child,家庭与道德、游戏中的挑战/任务、丢失的孩子,"Daddy, You Lost Your Little Princess",,否 / No,,https://www.tiktok.com/@aidramalabs_pulse0
aidramalabs_pulse0,Shape of Desire,Shape of Desire,91,ID 7654250859005613063,Frost Blooms for Her,霜花为她绽放,2026-06-23 00:05:25,28,1713940,2290,38.2,是 / Yes,Revealed Crush、Romantic Complications、Royal Palace,揭露暗恋、浪漫并发症、皇宫,She cries roses. He breathes winter. One kiss blooms a city and erases one of them forever. Will they dare to fall?,,否 / No,,https://www.tiktok.com/@aidramalabs_pulse0
aidramalabs_pulse0,Shape of Desire,Shape of Desire,92,ID 7655363678862136327,The Filler Wife,填充物的妻子,2026-06-26 00:03:41,50,17843746,4103,68.4,是 / Yes,First Love & Substitute、Family Feud、Mistaken Identities,初恋与替身、家庭恩怨、错误的身份,They married her to keep a seat warm for another woman—then learned she was the floor the whole empire stood on.,,否 / No,,https://www.tiktok.com/@aidramalabs_pulse0
aidramalabs_pulse0,Shape of Desire,Shape of Desire,93,ID 7655348854824571911,Love Lands at Dawn,爱在黎明降临,2026-06-25 23:06:04,40,360122,4651,77.5,是 / Yes,Romantic Complications、Family Feud、Love Triangle,浪漫并发症、家庭恩怨、三角恋,Love Lands at Dawn,,否 / No,,https://www.tiktok.com/@aidramalabs_pulse0
aidramalabs_pulse0,Shape of Desire,Shape of Desire,94,ID 7652952502794556434,My Two Demon Suitors Won't Leave Me Alone,我的两个恶魔追求者不会丢下我一个人,2026-06-19 12:07:10,36,13209401,2028,33.8,是 / Yes,Romantic Complications、Love Triangle、Fantasy,浪漫并发症、三角恋、奇幻,My Two Demon Suitors Won't Leave Me Alone,,否 / No,,https://www.tiktok.com/@aidramalabs_pulse0
aidramalabs_pulse0,Shape of Desire,Shape of Desire,95,ID 7653477636433351698,The Billionaire Queen's Return,亿万富翁女王归来,2026-06-20 22:06:43,30,1906366,1721,28.7,是 / Yes,Reconciliation、Revenge、Family Feud,和解、复仇、家庭恩怨,The Billionaire Queen's Return,,否 / No,,https://www.tiktok.com/@aidramalabs_pulse0
aidramalabs_pulse0,Shape of Desire,Shape of Desire,96,ID 7655348887120794631,"Switched at Birth, Back for Revenge",出生时改变，为了复仇而回来,2026-06-25 23:07:51,32,3722058,2621,43.7,是 / Yes,Real/Fake Heir/Heiress、Family Feud、Lost Child,真/假继承人/女继承人、家庭恩怨、丢失的孩子,"Switched at Birth, Back for Revenge",,否 / No,,https://www.tiktok.com/@aidramalabs_pulse0
aidramalabs_pulse0,Shape of Desire,Shape of Desire,97,ID 7653384729915741191,The Diva’s Perfect Partner,女主角的完美搭档,2026-06-20 16:04:03,30,418544,2206,36.8,是 / Yes,Mistaken Identities、Romantic Complications、Werewolf,错误的身份、浪漫并发症、狼人,The Diva’s Perfect Partner,,否 / No,,https://www.tiktok.com/@aidramalabs_pulse0
aidramalabs_pulse0,Shape of Desire,Shape of Desire,98,ID 7653724713625523207,"Mocked by Everyone, I Made the Billionaire Heir Kneel",被众人嘲笑，我让亿万富翁继承人下跪,2026-06-21 14:08:59,40,4059307,3324,55.4,是 / Yes,Revenge、Mistaken Identities、Family Feud,复仇、错误的身份、家庭恩怨,"Mocked by Everyone, I Made the Billionaire Heir Kneel",,否 / No,,https://www.tiktok.com/@aidramalabs_pulse0
aidramalabs_pulse0,Shape of Desire,Shape of Desire,99,ID 7653029376338056199,Serpent King's Secret Heir,蛇王的秘密继承人,2026-06-19 17:05:19,58,5443668,3676,61.3,是 / Yes,Adventure、Fantasy、Mistaken Identities,冒险、奇幻、错误的身份,Serpent King's Secret Heir,,否 / No,,https://www.tiktok.com/@aidramalabs_pulse0
aidramalabs_pulse0,Shape of Desire,Shape of Desire,100,ID 7653508848300594184,Don't Tell My Brother,别告诉我兄弟,2026-06-21 00:07:34,36,12875316,3487,58.1,是 / Yes,City、Romantic Complications、dark romance,城市、浪漫并发症、黑暗浪漫,Don't Tell My Brother,,否 / No,,https://www.tiktok.com/@aidramalabs_pulse0
aidramalabs_pulse0,Shape of Desire,Shape of Desire,101,ID 7649218906024088583,Forbidden Frequency,禁止频率,2026-06-11 00:00:30,45,6995355,2927,48.8,是 / Yes,Romantic Complications、City、Reconciliation,浪漫并发症、城市、和解,Forbidden Frequency,,否 / No,,https://www.tiktok.com/@aidramalabs_pulse0
aidramalabs_pulse0,Shape of Desire,Shape of Desire,102,ID 7650348858245043208,Seven Nights In His Villa,别墅七夜,2026-06-12 11:43:23,29,4217270,1952,32.5,是 / Yes,Mistaken Identities、Romantic Complications、Family Feud,错误的身份、浪漫并发症、家庭恩怨,"She was sent to his villa as a masseuse. He knew she wasn't. For seven nights, they played a game where every touch was a lie and every silence was a confession.",,否 / No,,https://www.tiktok.com/@aidramalabs_pulse0
aidramalabs_pulse0,Shape of Desire,Shape of Desire,103,ID 7650349531007276040,Handcuffed Hearts,戴上手铐的心,2026-06-12 11:49:11,32,902778,2503,41.7,是 / Yes,Revenge、Family Feud,复仇、家庭恩怨,Handcuffed Hearts,,否 / No,,https://www.tiktok.com/@aidramalabs_pulse0
aidramalabs_pulse0,Shape of Desire,Shape of Desire,104,ID 7652240478259368968,Eles Não Sabiam Que Eu Era Bilionária,,2026-06-17 14:09:21,59,18026000,6652,110.9,是 / Yes,Mistaken Identities、Family Feud、Family & Ethics,错误的身份、家庭恩怨、家庭与道德,Eles Não Sabiam Que Eu Era Bilionária,,否 / No,,https://www.tiktok.com/@aidramalabs_pulse0
aidramalabs_pulse0,Shape of Desire,Shape of Desire,105,ID 7650348793766073351,A Golden Cage,金色的笼子,2026-06-12 11:45:00,30,19346223,2415,40.2,是 / Yes,Married Life、Family Feud、Reconciliation,婚姻生活、家庭恩怨、和解,A Golden Cage,,否 / No,,https://www.tiktok.com/@aidramalabs_pulse0
aidramalabs_pulse0,Shape of Desire,Shape of Desire,106,ID 7650347680694326290,"He Made Me a Football Widow, I Stole His Idol",他让我成为足球寡妇，我偷了他的偶像,2026-06-12 11:38:54,34,327072,2103,35.0,是 / Yes,City、Family & Ethics,城市、家庭与道德,"He Made Me a Football Widow, I Stole His Idol",,否 / No,,https://www.tiktok.com/@aidramalabs_pulse0
aidramalabs_pulse0,Shape of Desire,Shape of Desire,107,ID 7650348114964108296,The Fighter's Private Healer,战士的私人治疗师,2026-06-12 11:42:39,30,5005538,1796,29.9,是 / Yes,City、Contract Lovers、Forced Love,城市、合约爱好者、强迫的爱,The Fighter's Private Healer,,否 / No,,https://www.tiktok.com/@aidramalabs_pulse0
aidramalabs_pulse0,Shape of Desire,Shape of Desire,108,ID 7647854025270285332,The Maid’s Daughter Stole My Mansion,女仆的女儿偷了我的豪宅,2026-06-08 16:19:10,50,184197248,4137,69.0,是 / Yes,Family Feud、Master-Servant Love、Family Disputes,家庭恩怨、主仆之爱、家庭纠纷,The Maid’s Daughter Stole My Mansion,,否 / No,,https://www.tiktok.com/@aidramalabs_pulse0
aidramalabs_pulse0,Shape of Desire,Shape of Desire,109,ID 7644334576160052225,The Midnight Cure,午夜治愈,2026-06-06 12:56:10,29,31657592,1842,30.7,是 / Yes,City、Superior and Inferior、Mystery,城市、强弱逆袭、神秘,The Midnight Cure,,否 / No,,https://www.tiktok.com/@aidramalabs_pulse0
aidramalabs_pulse0,Shape of Desire,Shape of Desire,110,ID 7652178501952738311,Seducing My Ex's Celibate Uncle,引诱我前任的独身叔叔,2026-06-17 10:02:39,50,6470117,3805,63.4,是 / Yes,Revenge、Family Feud、Age Gap/Older Boyfriend,复仇、家庭恩怨、年龄差距/年长的男朋友,Seducing My Ex's Celibate Uncle,,否 / No,,https://www.tiktok.com/@aidramalabs_pulse0
aidramalabs_pulse0,Shape of Desire,Shape of Desire,111,ID 7650348693882901511,Mom's Furry Fortune,妈妈的毛茸茸的财富,2026-06-12 11:41:54,32,11472667,1764,29.4,是 / Yes,Lost Child、Family & Ethics、Family Feud,丢失的孩子、家庭与道德、家庭恩怨,Mom's Furry Fortune,,否 / No,,https://www.tiktok.com/@aidramalabs_pulse0
aidramalabs_pulse0,Shape of Desire,Shape of Desire,112,ID 7652147573314262034,My Husband's Mistress's Son is Obsessed with Me,老公情妇的儿子对我着迷,2026-06-17 08:03:31,50,792755,4165,69.4,是 / Yes,Revenge、Family Feud、dark romance,复仇、家庭恩怨、黑暗浪漫,My Husband's Mistress's Son is Obsessed with Me,,否 / No,,https://www.tiktok.com/@aidramalabs_pulse0
aidramalabs_pulse0,Shape of Desire,Shape of Desire,113,ID 7647854039715599381,Dead by Morning: My Husband's 7-Day Kill List,清晨死亡：我丈夫的 7 天杀戮名单,2026-06-07 16:47:39,20,817400,1280,21.3,是 / Yes,Mystery、Family Feud、dark romance,神秘、家庭恩怨、黑暗浪漫,"She found a kill list in her perfect husband's safe — six names crossed off, and hers is the seventh. She has seven days. The only man willing to help her is the one her husband trusts most. But the dead names on that list aren't all dead.",,否 / No,,https://www.tiktok.com/@aidramalabs_pulse0
aidramalabs_pulse0,Shape of Desire,Shape of Desire,114,ID 7652936800394155015,The False Luna Bride,虚假的露娜新娘,2026-06-19 11:08:09,50,2230144,4810,80.2,是 / Yes,Family Feud、Mistaken Identities、Married Life,家庭恩怨、错误的身份、婚姻生活,The False Luna Bride,,否 / No,,https://www.tiktok.com/@aidramalabs_pulse0
aidramalabs_pulse0,Shape of Desire,Shape of Desire,115,ID 7649219292298482695,Gacha Queen：My Ex-Husband's Ruin,扭蛋女王：前夫的毁灭,2026-06-10 23:59:24,25,791786,2103,35.0,是 / Yes,Family Feud、Revenge、Mistaken Identities,家庭恩怨、复仇、错误的身份,Gacha Queen：My Ex-Husband's Ruin,,否 / No,,https://www.tiktok.com/@aidramalabs_pulse0
aidramalabs_pulse0,Shape of Desire,Shape of Desire,116,ID 7645772399090127880,The Rogue Alpha's Loyal Dog,盗贼阿尔法的忠诚狗,2026-06-05 12:50:05,30,846061,1125,18.8,是 / Yes,Romantic Complications、Challenge/Quests in Game、Love Triangle,浪漫并发症、游戏中的挑战/任务、三角恋,The Rogue Alpha's Loyal Dog,,否 / No,,https://www.tiktok.com/@aidramalabs_pulse0
aidramalabs_pulse0,Shape of Desire,Shape of Desire,117,ID 7650347970679821320,Fatal Stolen Love,致命的被盗的爱情,2026-06-12 11:40:52,30,876052,1710,28.5,是 / Yes,Family Feud、Mistaken Identities、Married Life,家庭恩怨、错误的身份、婚姻生活,Fatal Stolen Love,,否 / No,,https://www.tiktok.com/@aidramalabs_pulse0
aidramalabs_pulse0,Shape of Desire,Shape of Desire,118,ID 7647854338677183509,Escape the Ex: 72-Hour Love Lockdown,逃离前任：72小时爱情封锁,2026-06-07 17:15:42,32,3557417,2262,37.7,是 / Yes,City、Revenge,城市、复仇,Escape the Ex: 72-Hour Love Lockdown,,否 / No,,https://www.tiktok.com/@aidramalabs_pulse0
aidramalabs_pulse0,Shape of Desire,Shape of Desire,119,ID 7650349719411250184,The Billionaire Mother-in-Law,亿万富翁婆婆,2026-06-12 11:48:22,34,51186998,2648,44.1,是 / Yes,Family Feud、Married Life、Mother- & Daughter-in-Law,家庭恩怨、婚姻生活、婆婆和儿媳妇,The Billionaire Mother-in-Law,,否 / No,,https://www.tiktok.com/@aidramalabs_pulse0
aidramalabs_pulse0,Shape of Desire,Shape of Desire,120,ID 7650349041699935240,Can a mortal win the bone queen,凡人能赢得白骨女王吗,2026-06-12 11:47:17,30,4096786,3110,51.8,是 / Yes,Fantasy、Romantic Complications、dark romance,奇幻、浪漫并发症、黑暗浪漫,Can a mortal win the bone queen,,否 / No,,https://www.tiktok.com/@aidramalabs_pulse0
aidramalabs_pulse0,Shape of Desire,Shape of Desire,121,ID 7647767659215459344,The Tycoon's Captive Angel,大亨的俘虏天使,2026-06-08 12:58:53,37,83835859,2762,46.0,是 / Yes,Romantic Complications、City、Contract Lovers,浪漫并发症、城市、合约爱好者,The Tycoon's Captive Angel,,否 / No,,https://www.tiktok.com/@aidramalabs_pulse0
aidramalabs_pulse0,Shape of Desire,Shape of Desire,122,ID 7650349005876286482,The Wall Street Hostage,华尔街人质,2026-06-12 11:47:13,30,351060,1790,29.8,是 / Yes,Superior and Inferior、Workplace、Business Competition,强弱逆袭、职场、商业竞赛,The Wall Street Hostage,,否 / No,,https://www.tiktok.com/@aidramalabs_pulse0
aidramalabs_pulse0,Shape of Desire,Shape of Desire,123,ID 7650348122702500871,The Goddess Who Fell For A Mortal,爱上凡人的女神,2026-06-12 11:52:12,29,4029067,2608,43.5,是 / Yes,Romantic Complications、Fantasy、Mistaken Identities,浪漫并发症、奇幻、错误的身份,"A moon goddess sneaks down to earth for one mortal's song, only to learn Olympus sent her to destroy the city he lives in.",,否 / No,,https://www.tiktok.com/@aidramalabs_pulse0
aidramalabs_pulse0,Shape of Desire,Shape of Desire,124,ID 7650347051070362631,The Eden Ark: Bow to the Botanist,伊甸方舟：向植物学家鞠躬,2026-06-12 11:37:46,50,386210,3636,60.6,是 / Yes,Superior and Inferior、Revenge、Challenge/Quests in Game,强弱逆袭、复仇、游戏中的挑战/任务,The Eden Ark: Bow to the Botanist,,否 / No,,https://www.tiktok.com/@aidramalabs_pulse0
aidramalabs_pulse0,Shape of Desire,Shape of Desire,125,ID 7644349639470355476,Pregnant By Brother-in-law,姐夫怀孕了,2026-06-03 16:39:51,30,35683070,1686,28.1,是 / Yes,Family Feud、Romantic Complications、Love Triangle,家庭恩怨、浪漫并发症、三角恋,"Married for three weeks, pregnant for six. The man who fathered her child isn't her husband—it's his brother.",,否 / No,,https://www.tiktok.com/@aidramalabs_pulse0
aidramalabs_pulse0,Shape of Desire,Shape of Desire,126,ID 7643082029575476241,My Racer Mechanic Boyfriend Full Drama,我的赛车机械师男友完整剧情,2026-06-15 11:18:13,70,10940420,3962,66.0,是 / Yes,Action、City,行动、城市,My Racer Mechanic Boyfriend,,否 / No,,https://www.tiktok.com/@aidramalabs_pulse0
aidramalabs_pulse0,Shape of Desire,Shape of Desire,127,ID 7652951952430486535,Lucky & Unlucky Swap,幸运与不幸互换,2026-06-19 12:04:50,35,1158628,2320,38.7,是 / Yes,Mystery、Fantasy、Sismance,神秘、奇幻、西斯芒斯,Lucky & Unlucky Swap,,否 / No,,https://www.tiktok.com/@aidramalabs_pulse0
aidramalabs_pulse0,Shape of Desire,Shape of Desire,128,ID 7647854400648270869,When Stars Align,当星星对齐时,2026-06-07 17:25:42,31,5391144,2255,37.6,是 / Yes,Lost Child、Family & Ethics,丢失的孩子、家庭与道德,When Stars Align,,否 / No,,https://www.tiktok.com/@aidramalabs_pulse0
aidramalabs_pulse0,Shape of Desire,Shape of Desire,129,ID 7647771755997844500,Revenge Of The Mother Of Roots,根之母的复仇,2026-06-07 13:00:11,51,352918,4934,82.2,是 / Yes,Fantasy、Adventure、Lost Child,奇幻、冒险、丢失的孩子,Revenge Of The Mother Of Roots,,否 / No,,https://www.tiktok.com/@aidramalabs_pulse0
aidramalabs_pulse0,Shape of Desire,Shape of Desire,130,ID 7647820644751102996,Forced to Marry the Mafia King,被迫嫁给黑手党国王,2026-06-07 15:33:57,54,110565519,4907,81.8,是 / Yes,Forced Love、Family Feud、dark romance,强迫的爱、家庭恩怨、黑暗浪漫,Forced to Marry the Mafia King,,否 / No,,https://www.tiktok.com/@aidramalabs_pulse0
aidramalabs_pulse0,Shape of Desire,Shape of Desire,131,ID 7650348139148399634,My Roommate Is A Male Model,我的室友是男模特,2026-06-12 11:46:03,28,55924755,2074,34.6,是 / Yes,City、Romantic Complications,城市、浪漫并发症,She moved in to save rent. He opened the door in a towel. Now Manhattan's coldest law intern is losing every single moral argument—one bathroom at a time.,,否 / No,,https://www.tiktok.com/@aidramalabs_pulse0
aidramalabs_pulse0,Shape of Desire,Shape of Desire,132,ID 7647862241810928661,Ten Days To Betray Him,背叛他的十天,2026-06-07 18:46:48,30,803861,1873,31.2,是 / Yes,Mistaken Identities、Family Disputes、Family Feud,错误的身份、家庭纠纷、家庭恩怨,Ten Days To Betray Him,,否 / No,,https://www.tiktok.com/@aidramalabs_pulse0
aidramalabs_pulse0,Shape of Desire,Shape of Desire,133,ID 7652132068822127634,My Husband's Mistress's Son is Obsessed with Me,老公情妇的儿子对我着迷,2026-06-17 07:03:17,50,3315055,4165,69.4,是 / Yes,Revealed Crush、Family & Ethics、Family Feud,揭露暗恋、家庭与道德、家庭恩怨,My Husband's Mistress's Son is Obsessed with Me,,否 / No,,https://www.tiktok.com/@aidramalabs_pulse0
aidramalabs_pulse0,Shape of Desire,Shape of Desire,134,ID 7652034046138012679,My Husband Lost His Memory and Fell for Me Again,我的丈夫失去了记忆，又爱上了我,2026-06-17 06:30:32,30,876034,1699,28.3,是 / Yes,Reconciliation、Romantic Complications、Family Feud,和解、浪漫并发症、家庭恩怨,My Husband Lost His Memory and Fell for Me Again,,否 / No,,https://www.tiktok.com/@aidramalabs_pulse0
aidramalabs_pulse0,Shape of Desire,Shape of Desire,135,ID 7650348987253543944,Married to the Man Who Bought Me,嫁给买下我的男人,2026-06-12 11:46:44,41,39313435,2731,45.5,是 / Yes,Family Feud、Contract Lovers、Family & Ethics,家庭恩怨、合约爱好者、家庭与道德,Married to the Man Who Bought Me,,否 / No,,https://www.tiktok.com/@aidramalabs_pulse0
aidramalabs_pulse0,Shape of Desire,Shape of Desire,136,ID 7650101342576808967,They Said I Flirted With a Superstar,他们说我和一个超级巨星调情,2026-06-12 09:14:16,45,550632,3501,58.4,是 / Yes,Family & Ethics、Lost Child、Celebrity,家庭与道德、丢失的孩子、名人,They Said I Flirted With a Superstar,,否 / No,,https://www.tiktok.com/@aidramalabs_pulse0
aidramalabs_pulse0,Shape of Desire,Shape of Desire,137,ID 7650347718367433735,Chained by the Gods：The Pharaoh and the Beast,众神锁链：法老与野兽,2026-06-12 11:40:12,30,27177594,3065,51.1,是 / Yes,Reconciliation、Romantic Complications、Royal Palace,和解、浪漫并发症、皇宫,Chained by the Gods：The Pharaoh and the Beast,,否 / No,,https://www.tiktok.com/@aidramalabs_pulse0
aidramalabs_pulse0,Shape of Desire,Shape of Desire,138,ID 7652843390912369671,My Husband Claimed I Was Barren,我丈夫声称我不能生育,2026-06-19 05:04:16,30,383056,1695,28.2,是 / Yes,Mother- & Daughter-in-Law、Family & Ethics、Family Feud,婆婆和儿媳妇、家庭与道德、家庭恩怨,My Husband Claimed I Was Barren,,否 / No,,https://www.tiktok.com/@aidramalabs_pulse0
aidramalabs_pulse0,Shape of Desire,Shape of Desire,139,ID 7651482746317116434,The Dragon's Forbidden Fox,龙之禁狐,2026-06-15 13:05:03,45,824520,2884,48.1,是 / Yes,Romantic Complications、Cultivation、Reconciliation,浪漫并发症、栽培、和解,The Dragon's Forbidden Fox,,否 / No,,https://www.tiktok.com/@aidramalabs_pulse0
aidramalabs_pulse0,Shape of Desire,Shape of Desire,140,ID 7647771787027764244,The Exiled Prince and the Intruder,流亡王子与入侵者,2026-06-07 13:00:13,60,775298,4298,71.6,是 / Yes,Political Intrigue、Royal Palace、Enemies to Lovers,政治阴谋、皇宫、从敌人到恋人,The Exiled Prince and the Intruder,,否 / No,,https://www.tiktok.com/@aidramalabs_pulse0
aidramalabs_pulse0,Shape of Desire,Shape of Desire,141,ID 7647820653835326484,The Sea Witch Stole My Prince,海女巫偷走了我的王子,2026-06-07 15:24:51,30,435568,2127,35.5,是 / Yes,Fantasy、Reconciliation、Revenge,奇幻、和解、复仇,"The real mermaid princess rises from bloody foam to crash her own stolen wedding, wielding her severed tail as a gown and her tears as the last magic left in a kingdom built on lies.",,否 / No,,https://www.tiktok.com/@aidramalabs_pulse0
aidramalabs_pulse0,Shape of Desire,Shape of Desire,142,ID 7650101426714498055,"After He Cheated, I Took Everything",他出轨后我拿走了一切,2026-06-12 16:29:14,45,162501034,3948,65.8,是 / Yes,Family Feud、Revenge,家庭恩怨、复仇,"After He Cheated, I Took Everything",,否 / No,,https://www.tiktok.com/@aidramalabs_pulse0
aidramalabs_pulse0,Shape of Desire,Shape of Desire,143,ID 7650348715286238215,The Roommate Agreement,室友协议,2026-06-12 11:46:31,34,22247773,2617,43.6,是 / Yes,Romantic Complications、Contract Lovers,浪漫并发症、合约爱好者,The Roommate Agreement,,否 / No,,https://www.tiktok.com/@aidramalabs_pulse0
aidramalabs_pulse0,Shape of Desire,Shape of Desire,144,ID 7647854249699660821,Golden Ball for Her,送给她的金球奖,2026-06-07 18:02:03,50,774683,5001,83.3,是 / Yes,Love Triangle、Romantic Complications、City,三角恋、浪漫并发症、城市,Golden Ball for Her,,否 / No,,https://www.tiktok.com/@aidramalabs_pulse0
aidramalabs_pulse0,Shape of Desire,Shape of Desire,145,ID 7650347923011621906,Sweet Fall for the Alpha Boss,Alpha Boss 的甜蜜堕落,2026-06-12 11:40:27,30,7984935,1689,28.1,是 / Yes,Forced Love、Family Feud、Contract Lovers,强迫的爱、家庭恩怨、合约爱好者,Sweet Fall for the Alpha Boss,,否 / No,,https://www.tiktok.com/@aidramalabs_pulse0
aidramalabs_pulse0,Shape of Desire,Shape of Desire,146,ID 7650346793288340487,The Sinner's Secret,罪人的秘密,2026-06-12 11:36:17,30,861457,1791,29.9,是 / Yes,Family Feud、Contract Lovers、Courtroom Drama,家庭恩怨、合约爱好者、法庭剧,The Sinner's Secret,,否 / No,,https://www.tiktok.com/@aidramalabs_pulse0
aidramalabs_pulse0,Shape of Desire,Shape of Desire,147,ID 7650348911928120328,My Ex Returns With His Twin Brother,我的前任带着他的双胞胎兄弟回来了,2026-06-12 11:44:08,30,773231,2448,40.8,是 / Yes,Reconciliation、Romantic Complications、City,和解、浪漫并发症、城市,"Three years after he left her, he came back on his knees—with a twin brother she never knew existed, who pinned her against the oven and whispered, ""What he threw away, I'm taking back.""",,否 / No,,https://www.tiktok.com/@aidramalabs_pulse0
aidramalabs_pulse0,Shape of Desire,Shape of Desire,148,ID 7652255963478856722,Under Her Skin,在她的皮肤下,2026-06-17 15:05:45,51,835024,2908,48.5,是 / Yes,Revenge、Mistaken Identities、Family Feud,复仇、错误的身份、家庭恩怨,An ordinary girl occupies a wealthy lady’s body to avenge and rise.,,否 / No,,https://www.tiktok.com/@aidramalabs_pulse0
aidramalabs_pulse0,Shape of Desire,Shape of Desire,149,ID 7650348557207163922,The Freeloading Human Exhibit,不劳而获的人类展览,2026-06-12 11:44:58,60,768454,4252,70.9,是 / Yes,Adventure、Fantasy、Superior and Inferior,冒险、奇幻、强弱逆袭,The Freeloading Human Exhibit,,否 / No,,https://www.tiktok.com/@aidramalabs_pulse0
aidramalabs_pulse0,Shape of Desire,Shape of Desire,150,ID 7652193937855468551,Seducing My Ex's Celibate Uncle,引诱我前任的独身叔叔,2026-06-17 11:03:38,49,23397025,3805,63.4,是 / Yes,Revenge、Age Gap/Older Boyfriend、Family Feud,复仇、年龄差距/年长的男朋友、家庭恩怨,Seducing My Ex's Celibate Uncle,,否 / No,,https://www.tiktok.com/@aidramalabs_pulse0
aidramalabs_pulse0,Shape of Desire,Shape of Desire,151,ID 7645880432214643719,The Cinder Prince,灰烬王子,2026-06-01 02:01:32,34,361943,2297,38.3,是 / Yes,Palace/Mansion Intrigue、Royal Palace、Flipped,宫殿/豪宅阴谋、皇宫、翻转,The Cinder Prince,,否 / No,,https://www.tiktok.com/@aidramalabs_pulse0
aidramalabs_pulse0,Shape of Desire,Shape of Desire,152,ID 7645865062166713364,Reborn to Rule,重生统治,2026-06-01 00:48:47,30,523592,2198,36.6,是 / Yes,Contract Lovers、Revenge、City,合约爱好者、复仇、城市,Reborn to Rule,,否 / No,,https://www.tiktok.com/@aidramalabs_pulse0
aidramalabs_pulse0,Shape of Desire,Shape of Desire,153,ID 7645787462249436181,My Bully Is My Mate,我的恶霸是我的伴侣,2026-05-31 15:25:20,45,13177513,3862,64.4,是 / Yes,Werewolf、Enemies to Lovers、Romantic Complications,狼人、从敌人到恋人、浪漫并发症,My Bully Is My Mate,,否 / No,,https://www.tiktok.com/@aidramalabs_pulse0
aidramalabs_pulse0,Shape of Desire,Shape of Desire,154,ID 7643221141456360468,Checked In to Love: The Hotel Heir's Front Desk Bride,入住爱情：酒店继承人的前台新娘,2026-05-31 10:01:15,33,5587291,1988,33.1,是 / Yes,Contract Lovers、Love After Divorce、City,合约爱好者、离婚后的爱情、城市,Checked In to Love: The Hotel Heir's Front Desk Bride,,否 / No,,https://www.tiktok.com/@aidramalabs_pulse0
aidramalabs_pulse0,Shape of Desire,Shape of Desire,155,ID 7643798069426803719,The Seventh Husband,第七任丈夫,2026-06-01 00:33:54,28,398079,1582,26.4,是 / Yes,Revenge、Mistaken Identities、City,复仇、错误的身份、城市,"Trapped in false memories, she fights to expose the truth.",,否 / No,,https://www.tiktok.com/@aidramalabs_pulse0
aidramalabs_pulse0,Shape of Desire,Shape of Desire,156,ID 7645802974698214407,A Child Among Demons,恶魔中的孩子,2026-06-01 12:34:55,31,28941066,1894,31.6,是 / Yes,City、Romantic Complications、Bromance,城市、浪漫并发症、兄弟情谊,"Demon Caspian falls for priest Lucien, building a sweet BL family.",,否 / No,,https://www.tiktok.com/@aidramalabs_pulse0
aidramalabs_pulse0,Shape of Desire,Shape of Desire,157,ID 7644617726186935317,"His Ring, Her Ruin",他的戒指，她的毁灭,2026-06-01 03:07:24,20,5211873,1297,21.6,是 / Yes,Revenge、City、Contract Lovers,复仇、城市、合约爱好者,"A gifted jewelry designer is destroyed by her cheating boyfriend and best friend until a hidden billionaire helps her reclaim her talent, her power, and her revenge.",,否 / No,,https://www.tiktok.com/@aidramalabs_pulse0
aidramalabs_pulse0,Shape of Desire,Shape of Desire,158,ID 7643236301487395861,Racing Sweetheart: The Racer's Contract Mechanic,赛车甜心：赛车手的合约机械师,2026-06-01 01:42:22,32,9405835,1965,32.8,是 / Yes,City、Contract Lovers、Romantic Complications,城市、合约爱好者、浪漫并发症,Racing Sweetheart: The Racer's Contract Mechanic,,否 / No,,https://www.tiktok.com/@aidramalabs_pulse0
aidramalabs_pulse0,Shape of Desire,Shape of Desire,159,ID 7643241528944612353,The House Hungers,房子的饥饿,2026-05-25 15:01:00,22,563952,1610,26.8,是 / Yes,Adventure、Family Feud、Ensemble Cast,冒险、家庭恩怨、群像,The House Hungers,,否 / No,,https://www.tiktok.com/@aidramalabs_pulse0
aidramalabs_pulse0,Shape of Desire,Shape of Desire,160,ID 7643329133115626513,Lethal Heartbeats,致命的心跳,2026-06-01 09:29:51,41,778672,2539,42.3,是 / Yes,Survival、Revenge、Contract Lovers,生存、复仇、合约爱好者,Lethal Heartbeats,,否 / No,,https://www.tiktok.com/@aidramalabs_pulse0
aidramalabs_pulse0,Shape of Desire,Shape of Desire,161,ID 7645865060585214996,The Valet Billionaire Trap,代客亿万富翁陷阱,2026-06-01 15:46:46,30,811407,1659,27.6,是 / Yes,Contract Lovers、Family Feud、Revenge,合约爱好者、家庭恩怨、复仇,The Valet Billionaire Trap,,否 / No,,https://www.tiktok.com/@aidramalabs_pulse0
aidramalabs_pulse0,Shape of Desire,Shape of Desire,162,ID 7645849609280951312,The Bride He Hated to Love,他讨厌爱的新娘,2026-06-01 11:48:23,20,3568762,1203,20.1,是 / Yes,Revenge、City、Contract Lovers,复仇、城市、合约爱好者,"She married the most powerful man in the city to save her father's life — never knowing her husband has spent ten years planning to destroy the very man she's trying to protect, and the love he can't stop feeling is the one weapon that could ruin everything.",,否 / No,,https://www.tiktok.com/@aidramalabs_pulse0
aidramalabs_pulse0,Shape of Desire,Shape of Desire,163,ID 7643082168025125905,His Ex Came Back Hotter And Deadlier,他的前任回来后变得更加性感和致命,2026-06-01 11:59:37,20,1042431,1431,23.9,是 / Yes,Revenge、Love Triangle、Family Feud,复仇、三角恋、家庭恩怨,"Sloane, a wealthy heiress, loses everything after being framed by her fiancé and best friend. Three years later, she returns as Wren to seek revenge, gets involved with Kade, and finally brings down her enemies, but a new crisis emerges.",,否 / No,,https://www.tiktok.com/@aidramalabs_pulse0
aidramalabs_pulse0,Shape of Desire,Shape of Desire,164,ID 7643221638498505749,The Human Pet Shop,人类宠物店,2026-05-25 04:24:09,21,19364890,1282,21.4,是 / Yes,Revenge、Fantasy、Master-Servant Love,复仇、奇幻、主仆之爱,"After aliens conquer Earth and turn humans into luxury pets, a brilliant medical prodigy is bought by a cold alien commander and must survive his twisted affection long enough to save her sister and ignite a human uprising.",,否 / No,,https://www.tiktok.com/@aidramalabs_pulse0
aidramalabs_pulse0,Shape of Desire,Shape of Desire,165,ID 7645823661265409045,She Called Me a Homewrecker,她称我为家庭破坏者,2026-05-31 22:35:50,32,5167874,2366,39.4,是 / Yes,Revenge、City、Superior and Inferior,复仇、城市、强弱逆袭,She Called Me a Homewrecker,,否 / No,,https://www.tiktok.com/@aidramalabs_pulse0
aidramalabs_pulse0,Shape of Desire,Shape of Desire,166,ID 7645808132135965697,MOM'S REVENGE KITCHEN,妈妈的复仇厨房,2026-05-31 21:29:32,50,1830129,2657,44.3,是 / Yes,Skill/Talent Competition、City、Lost Child,技能/才艺竞赛、城市、丢失的孩子,MOM'S REVENGE KITCHEN,,否 / No,,https://www.tiktok.com/@aidramalabs_pulse0
aidramalabs_pulse0,Shape of Desire,Shape of Desire,167,ID 7645772444501873682,Only Kids Can See What Kills You,只有孩子才能看到什么会杀死你,2026-05-31 11:03:20,20,771297,1217,20.3,是 / Yes,Adventure、Fantasy、Ensemble Cast,冒险、奇幻、群像,"An 8-year-old girl begs her mom to believe the smiling creature in her closet is real—but adults can't see it, and every parent who refuses to believe becomes its next kill.",,否 / No,,https://www.tiktok.com/@aidramalabs_pulse0
aidramalabs_pulse0,Shape of Desire,Shape of Desire,168,ID 7645792650578301968,My Caveman Husband Is a Secret Chief,我的穴居人丈夫是秘密酋长,2026-05-31 17:33:09,33,837721,1925,32.1,是 / Yes,Flipped、Revenge、End-of-the-World,翻转、复仇、世界末日,My Caveman Husband Is a Secret Chief,,否 / No,,https://www.tiktok.com/@aidramalabs_pulse0
aidramalabs_pulse0,Shape of Desire,Shape of Desire,169,ID 7645818470919214101,The Gilded Scar： Silent Judgment,镀金伤疤：沉默的审判,2026-05-31 22:15:09,60,430736,3578,59.6,是 / Yes,Ensemble Cast、Revenge、City,群像、复仇、城市,The Gilded Scar： Silent Judgment,,否 / No,,https://www.tiktok.com/@aidramalabs_pulse0
aidramalabs_pulse0,Shape of Desire,Shape of Desire,170,ID 7643288098696696852,30 Days to Say Goodbye,30 天说再见,2026-05-25 22:43:38,20,2083152,1570,26.2,是 / Yes,Love Triangle、Romantic Complications、City,三角恋、浪漫并发症、城市,30 Days to Say Goodbye,,否 / No,,https://www.tiktok.com/@aidramalabs_pulse0
aidramalabs_pulse0,Shape of Desire,Shape of Desire,171,ID 7643298187423388679,The Beast King Wants Me As His Bride,兽王想要我做他的新娘,2026-05-31 10:19:13,19,807796,1691,28.2,是 / Yes,Fantasy、Romantic Complications、Mistaken Identities,奇幻、浪漫并发症、错误的身份,"A hot girl crashes into a cursed forest where a beast king with eight legs desperately needs her kiss to break his thousand-year spell — but every time their lips get close, the curse fights back, and the dark truth is: he chose this punishment because of a woman who looked exactly like her.",,否 / No,,https://www.tiktok.com/@aidramalabs_pulse0
aidramalabs_pulse0,Shape of Desire,Shape of Desire,172,ID 7645864968100860949,Mistaken for My Sister on His Ice,被误认为是我在冰上的妹妹,2026-06-01 15:46:46,36,11334362,2421,40.4,是 / Yes,Love Triangle、Family Feud、Revenge,三角恋、家庭恩怨、复仇,Mistaken for My Sister on His Ice,,否 / No,,https://www.tiktok.com/@aidramalabs_pulse0
aidramalabs_pulse0,Shape of Desire,Shape of Desire,173,ID 7644349561997317140,The Thief and the Kingpin,小偷与头目,2026-06-01 06:16:32,31,361310,1559,26.0,是 / Yes,Contract Lovers、Crime、Family Feud,合约爱好者、犯罪、家庭恩怨,A thief and a mafia boss fall in love in a dangerous deal on a cruise.,,否 / No,,https://www.tiktok.com/@aidramalabs_pulse0
aidramalabs_pulse0,Shape of Desire,Shape of Desire,174,ID 7643241565339014145,My Lies Become Reality,我的谎言变成了现实,2026-05-25 15:05:54,31,406250,1665,27.8,是 / Yes,Family Feud、Romantic Complications,家庭恩怨、浪漫并发症,"Lies come true and backfire on life. Facing sincerity straightens reality with truth, and true love is gained in the end.",,否 / No,,https://www.tiktok.com/@aidramalabs_pulse0
aidramalabs_pulse0,Shape of Desire,Shape of Desire,175,ID 7643221182602384405,The Scullery Queen：Secrets of the Hidden Fashion Mogul,餐具女王：隐藏的时尚大亨的秘密,2026-05-25 03:23:56,28,419040,2445,40.8,是 / Yes,Family Disputes、Family Feud,家庭纠纷、家庭恩怨,The Scullery Queen：Secrets of the Hidden Fashion Mogul,,否 / No,,https://www.tiktok.com/@aidramalabs_pulse0
aidramalabs_pulse0,Shape of Desire,Shape of Desire,176,ID 7620479694239962142,Together Until the Last Bullet,一起直到最后一颗子弹,2026-05-29 22:42:40,45,13219707,2536,42.3,是 / Yes,End-of-the-World、Adventure、Ensemble Cast,世界末日、冒险、群像,"Together Until the Last Bullet, love and survive",,否 / No,,https://www.tiktok.com/@aidramalabs_pulse0
aidramalabs_pulse0,Shape of Desire,Shape of Desire,177,ID 7645787674711774228,Granny Got Drip,奶奶得了滴水,2026-05-31 14:58:26,30,348884,2261,37.7,是 / Yes,City、Lost Child、Business Competition,城市、丢失的孩子、商业竞赛,Granny Got Drip,,否 / No,,https://www.tiktok.com/@aidramalabs_pulse0
aidramalabs_pulse0,Shape of Desire,Shape of Desire,178,ID 7618640143162954783,Rose Beneath the Butcher's Blade,屠夫刀下的玫瑰,2026-05-31 11:52:57,50,9558849,3321,55.4,是 / Yes,City、dark romance、Romantic Complications,城市、黑暗浪漫、浪漫并发症,"Rose Beneath the Butcher's Blade, fated lovers",,否 / No,,https://www.tiktok.com/@aidramalabs_pulse0
aidramalabs_pulse0,Shape of Desire,Shape of Desire,179,ID 7644416748963435540,Carrying His Baby While He Calls Me Trash,他骂我垃圾，却抱着他的孩子,2026-05-28 00:08:27,20,40078089,1780,29.7,是 / Yes,City、Revenge,城市、复仇,"Eight months pregnant, Sage catches her husband cheating with another pregnant woman who claims her baby is his — humiliated, cast out, and stripped of everything, she vows to claw back every piece of the life that was stolen from her.",,否 / No,,https://www.tiktok.com/@aidramalabs_pulse0
aidramalabs_pulse0,Shape of Desire,Shape of Desire,180,ID 7643221516045456405,The Other Sister,另一个妹妹,2026-05-31 04:19:42,29,387565,1676,27.9,是 / Yes,Revenge、Family Feud、Contract Lovers,复仇、家庭恩怨、合约爱好者,The Other Sister,,否 / No,,https://www.tiktok.com/@aidramalabs_pulse0
aidramalabs_pulse0,Shape of Desire,Shape of Desire,181,ID 7645818393471505428,The Senator's Pawn,参议员的棋子,2026-06-01 08:58:00,50,18394850,2998,50.0,是 / Yes,Bromance、Spy Drama、Family Feud,兄弟情谊、谍战剧、家庭恩怨,The Senator's Pawn,,否 / No,,https://www.tiktok.com/@aidramalabs_pulse0
aidramalabs_pulse0,Shape of Desire,Shape of Desire,182,ID 7642648681417774087,Bleeding Vows,流血的誓言,2026-05-23 11:45:46,33,11409712,1643,27.4,是 / Yes,Family Feud、Enemies to Lovers、Family Disputes,家庭恩怨、从敌人到恋人、家庭纠纷,Bleeding Vows,,否 / No,,https://www.tiktok.com/@aidramalabs_pulse0
aidramalabs_pulse0,Shape of Desire,Shape of Desire,183,ID 7645808198599037968,The Scholarship Girl Owns the Ivy League,奖学金女孩拥有常春藤盟校,2026-06-01 11:44:23,30,4056740,1954,32.6,是 / Yes,Revenge、Family Feud、Superior and Inferior,复仇、家庭恩怨、强弱逆袭,The Scholarship Girl Owns the Ivy League,,否 / No,,https://www.tiktok.com/@aidramalabs_pulse0
aidramalabs_pulse0,Shape of Desire,Shape of Desire,184,ID 7644488455623742482,How to Own a Demon,如何拥有恶魔,2026-05-28 06:25:28,31,2779874,1570,26.2,是 / Yes,Revenge、Contract Lovers、Fantasy,复仇、合约爱好者、奇幻,A girl signs a devil contract and counterattacks her vicious rivals.,,否 / No,,https://www.tiktok.com/@aidramalabs_pulse0
aidramalabs_pulse0,Shape of Desire,Shape of Desire,185,ID 7643226112440685569,Pregnant and Powerful,怀孕且强大,2026-05-25 07:56:47,30,125174786,1673,27.9,是 / Yes,Family Feud,家庭恩怨,Pregnant and Powerful,,否 / No,,https://www.tiktok.com/@aidramalabs_pulse0
aidramalabs_pulse0,Shape of Desire,Shape of Desire,186,ID 7640583163651167252,The Beast Queen's Canvas,野兽女王的画布,2026-05-20 22:11:49,36,153714633,2729,45.5,是 / Yes,Revenge、Fantasy、Love Triangle,复仇、奇幻、三角恋,The Beast Queen's Canvas,,否 / No,,https://www.tiktok.com/@aidramalabs_pulse0
aidramalabs_pulse0,Shape of Desire,Shape of Desire,187,ID 7643088616889537537,Deep Sea Drown: Bone Scales,深海溺水者：骨鳞,2026-05-31 09:29:47,35,12866940,2534,42.2,是 / Yes,Redemption、Fantasy、Romantic Complications,赎回、奇幻、浪漫并发症,Deep Sea Drown: Bone Scales,,否 / No,,https://www.tiktok.com/@aidramalabs_pulse0
aidramalabs_pulse0,Shape of Desire,Shape of Desire,188,ID 7639360750746145812,Shadow of the Serpent：Hearts United with Mirrorlight,蛇之影：镜光之心,2026-05-20 21:40:29,29,830678,1959,32.6,是 / Yes,Crime、Reconciliation、City,犯罪、和解、城市,Shadow of the Serpent：Hearts United with Mirrorlight,,否 / No,,https://www.tiktok.com/@aidramalabs_pulse0
aidramalabs_pulse0,Shape of Desire,Shape of Desire,189,ID 7644334394546836496,The Real Crown,真正的王冠,2026-05-27 16:02:28,30,556744,2033,33.9,是 / Yes,Real/Fake Heir/Heiress、Mistaken Identities、Family Feud,真/假继承人/女继承人、错误的身份、家庭恩怨,The Real Crown,,否 / No,,https://www.tiktok.com/@aidramalabs_pulse0
aidramalabs_pulse0,Shape of Desire,Shape of Desire,190,ID 7643257027971683336,His Forbidden Rider,他的禁忌骑士,2026-05-25 21:17:58,50,454788,3162,52.7,是 / Yes,City、Romantic Complications、Mistaken Identities,城市、浪漫并发症、错误的身份,His Forbidden Rider,,否 / No,,https://www.tiktok.com/@aidramalabs_pulse0
aidramalabs_pulse0,Shape of Desire,Shape of Desire,191,ID 7645885375198368789,Twenty Inches Apart,相距二十英寸,2026-06-02 15:39:46,39,43491770,3316,55.3,是 / Yes,City、Bromance、Sports,城市、兄弟情谊、运动的,Twenty Inches Apart,,否 / No,,https://www.tiktok.com/@aidramalabs_pulse0
aidramalabs_pulse0,Shape of Desire,Shape of Desire,192,ID 7645787628319347733,The Little Merman,小人鱼,2026-06-01 05:44:28,30,3183789,1835,30.6,是 / Yes,Fantasy、Love Triangle、Romantic Complications,奇幻、三角恋、浪漫并发症,The Little Merman,,否 / No,,https://www.tiktok.com/@aidramalabs_pulse0
aidramalabs_pulse0,Shape of Desire,Shape of Desire,193,ID 7643088647142626321,Oops! I Tipped The Underworld Boss,哎呀！我向黑社会老大透露了消息,2026-06-01 01:09:08,40,75372261,2530,42.2,是 / Yes,Love Life of Ordinary People、Family Feud、Contract Lovers,普通人的爱情生活、家庭恩怨、合约爱好者,Oops! I Tipped The Underworld Boss,,否 / No,,https://www.tiktok.com/@aidramalabs_pulse0
aidramalabs_pulse0,Shape of Desire,Shape of Desire,194,ID 7643256988717274120,Wall Street Kiss: The Tycoon's Contract Bride,华尔街之吻：大亨的契约新娘,2026-06-01 03:40:19,30,22340379,2023,33.7,是 / Yes,Family Feud、Contract Lovers、Revenge,家庭恩怨、合约爱好者、复仇,Wall Street Kiss: The Tycoon's Contract Bride,,否 / No,,https://www.tiktok.com/@aidramalabs_pulse0
aidramalabs_pulse0,Shape of Desire,Shape of Desire,195,ID 7645880525483381768,Lethal Wellness,致命的健康,2026-06-01 11:59:37,30,575064,1791,29.9,是 / Yes,Crime、City、Superior and Inferior,犯罪、城市、强弱逆袭,Lethal Wellness,,否 / No,,https://www.tiktok.com/@aidramalabs_pulse0
aidramalabs_pulse0,Shape of Desire,Shape of Desire,196,ID 7643251250338960404,Spilled Love,溢出的爱,2026-05-31 12:02:17,31,10132756,1561,26.0,是 / Yes,City、Contract Lovers、Family & Ethics,城市、合约爱好者、家庭与道德,Poor intern falls in love with cold CEO and his cute son.,,否 / No,,https://www.tiktok.com/@aidramalabs_pulse0
aidramalabs_pulse0,Shape of Desire,Shape of Desire,197,ID 7643778311252005909,Hollywood Blacklisted Me So I Burned It Down,好莱坞将我列入黑名单，所以我把它烧毁了,2026-05-26 11:13:43,27,5352313,2269,37.8,是 / Yes,Revenge、Celebrity,复仇、名人,"The most canceled woman in America discovers her downfall was an inside job — now she's back with proof, and every fake smile in Hollywood is about to crack.",,否 / No,,https://www.tiktok.com/@aidramalabs_pulse0
aidramalabs_pulse0,Shape of Desire,Shape of Desire,198,ID 7645833856352228372,Teach me,教我,2026-06-01 20:50:41,53,1114776,3226,53.8,是 / Yes,Love Life of Ordinary People、Revealed Crush,普通人的爱情生活、揭露暗恋,Teach me,,否 / No,,https://www.tiktok.com/@aidramalabs_pulse0
aidramalabs_pulse0,Shape of Desire,Shape of Desire,199,ID 7645803058362029063,Contract with the Nemesis CEO,与 Nemesis CEO 的契约,2026-06-01 20:47:30,33,899212,1954,32.6,是 / Yes,Revenge、Family Feud、Contract Lovers,复仇、家庭恩怨、合约爱好者,Contract with the Nemesis CEO,,否 / No,,https://www.tiktok.com/@aidramalabs_pulse0
aidramalabs_pulse0,Shape of Desire,Shape of Desire,200,ID 7644287639444755473,Wildfire,野火,2026-05-27 14:03:16,30,2756995,2410,40.2,是 / Yes,Childhood Sweethearts、Romantic Complications、City,青梅竹马、浪漫并发症、城市,Wildfire,,否 / No,,https://www.tiktok.com/@aidramalabs_pulse0
aidramalabs_pulse0,Shape of Desire,Shape of Desire,201,ID 7638319539855348757,Pregnant Predator's Trap,怀孕掠夺者的陷阱,2026-05-11 03:20:21,29,24037227,1643,27.4,是 / Yes,Revenge、Superior and Inferior、Family Feud,复仇、强弱逆袭、家庭恩怨,Pregnant Predator's Trap,,否 / No,,https://www.tiktok.com/@aidramalabs_pulse0
aidramalabs_pulse0,Shape of Desire,Shape of Desire,202,ID 7566958494407136287,My Dangerous Mind Reader,我危险的读心术,2025-10-31 00:03:14,5,51001127,289,4.8,是 / Yes,Fantasy、Betrayal、Enemies to Lovers,奇幻、背叛、从敌人到恋人,"In a world where minds can be read, the only unpredictable things are love—and the monster sleeping within her.",,否 / No,,https://www.tiktok.com/@aidramalabs_pulse0
aidramalabs_pulse0,Shape of Desire,Shape of Desire,203,ID 7576938571173499935,The Show,演出,2025-11-26 20:55:12,5,16284438,341,5.7,是 / Yes,Love Triangle、Fantasy、Political Intrigue,三角恋、奇幻、政治阴谋,A reality show about life and death.,,否 / No,,https://www.tiktok.com/@aidramalabs_pulse0
aidramalabs_pulse0,Shape of Desire,Shape of Desire,204,ID 7577441069646763038,The Fallen lady Returns,堕落的女士归来,2025-11-28 18:27:23,5,851392,289,4.8,是 / Yes,Revenge、Workplace,复仇、职场,"Betrayed by her husband and left for dead, designer Nora is Reborn a year in the past, vowing to uncover the entire truth.",,否 / No,,https://www.tiktok.com/@aidramalabs_pulse0
aidramalabs_pulse0,Shape of Desire,Shape of Desire,205,ID 7582909011100472351,Billionaire's Substitute Lover,亿万富翁的替身情人,2025-12-14 20:36:18,5,13312509,334,5.6,是 / Yes,Revenge、Family Feud,复仇、家庭恩怨,"Janitor humiliated, rescued by the new CEO, transforms into his fiancée, and is plunged into a deadly revenge plot.",,否 / No,,https://www.tiktok.com/@aidramalabs_pulse0
aidramalabs_pulse0,Shape of Desire,Shape of Desire,206,ID 7635371112356402197,Offside Desire,越位欲望,2026-05-03 07:59:21,26,3101816,1318,22.0,是 / Yes,City、Enemies to Lovers、Revenge,城市、从敌人到恋人、复仇,Offside Desire,,否 / No,,https://www.tiktok.com/@aidramalabs_pulse0
aidramalabs_pulse0,Shape of Desire,Shape of Desire,207,ID 7617375230859727902,I Married A Fake Beggar,我嫁给了一个假乞丐,2026-03-22 10:06:42,30,14485394,1984,33.1,是 / Yes,Family Feud、Revenge、Contract Lovers,家庭恩怨、复仇、合约爱好者,"I Married A Fake Beggar, Romance",,否 / No,,https://www.tiktok.com/@aidramalabs_pulse0
aidramalabs_pulse0,Shape of Desire,Shape of Desire,208,ID 7568818486622049310,Queen of Time's Revenge,时间女王的复仇,2025-11-04 23:08:16,4,46073890,324,5.4,是 / Yes,Fantasy、Redemption、Revenge,奇幻、赎回、复仇,"A billionaire heiress takes revenge on her cheating fiancé at the altar, only to be trapped in 3000 time loops—she has 48 hours to save her angel husband who died for her, or lose him forever",,否 / No,,https://www.tiktok.com/@aidramalabs_pulse0
aidramalabs_pulse0,Shape of Desire,Shape of Desire,209,ID 7611223747349025822,Ballerina Fear,芭蕾舞演员的恐惧,2026-02-27 20:18:55,30,9779674,1825,30.4,是 / Yes,Mystery、City,神秘、城市,"BALLERINA FEAR, where there is light in the heart, there is no fear of darkness",,否 / No,,https://www.tiktok.com/@aidramalabs_pulse0
aidramalabs_pulse0,Shape of Desire,Shape of Desire,210,ID 7585408013088068638,"The Hater, The Lover",恨者，爱者,2025-12-19 21:43:34,10,11955654,706,11.8,是 / Yes,Family Feud、Love After Divorce,家庭恩怨、离婚后的爱情,"The Hater, The Lover",,否 / No,,https://www.tiktok.com/@aidramalabs_pulse0
aidramalabs_pulse0,Shape of Desire,Shape of Desire,211,ID 7581727994071536670,"My CEO, My Property",我的首席执行官，我的财产,2025-12-09 19:16:59,5,1579806,333,5.5,是 / Yes,Revenge、Fantasy,复仇、奇幻,The mighty CEO is my pet.,,否 / No,,https://www.tiktok.com/@aidramalabs_pulse0
aidramalabs_pulse0,Shape of Desire,Shape of Desire,212,ID 7639357329057747988,Viper's Vengeful Heart,毒蛇的复仇之心,2026-05-15 23:00:48,30,1852770,1535,25.6,是 / Yes,Reconciliation、City、Revenge,和解、城市、复仇,Viper's Vengeful Heart,,否 / No,,https://www.tiktok.com/@aidramalabs_pulse0
aidramalabs_pulse0,Shape of Desire,Shape of Desire,213,ID 7605847568010236958,My Professor's Obsession,我的教授的痴迷,2026-02-16 10:18:22,30,5137498,1981,33.0,是 / Yes,Romantic Complications、Superior and Inferior,浪漫并发症、强弱逆袭,"My Professor's Obsession, She is his only exception",,否 / No,,https://www.tiktok.com/@aidramalabs_pulse0
aidramalabs_pulse0,Shape of Desire,Shape of Desire,214,ID 7591789926815978526,Fell for my mafia professor,爱上了我的黑手党教授,2026-01-06 20:33:34,10,68166481,770,12.8,是 / Yes,Superior and Inferior、Revenge、Family Feud,强弱逆袭、复仇、家庭恩怨,"A criminal professor, an innocent student, and a fatal debt.",,否 / No,,https://www.tiktok.com/@aidramalabs_pulse0
aidramalabs_pulse0,Shape of Desire,Shape of Desire,215,ID 7592512151428830239,The Billionaire Intern's Fury,亿万富翁实习生的愤怒,2026-01-07 20:33:57,5,1181734,300,5.0,是 / Yes,Love Triangle、Workplace、Revenge,三角恋、职场、复仇,"She hid her billionaire identity as an intern—until her work was stolen, her dignity crushed, and she decided to destroy everyone who crossed her.",,否 / No,,https://www.tiktok.com/@aidramalabs_pulse0
aidramalabs_pulse0,Shape of Desire,Shape of Desire,216,ID 7639357072492090388,The Sea God Fell In Love With A Mortal Girl,海神爱上凡间少女,2026-05-14 15:31:08,19,34902998,1121,18.7,是 / Yes,Fantasy、Romantic Complications,奇幻、浪漫并发症,"A fisherman's daughter saves a dying whale that transforms into the most powerful sea god alive — he becomes obsessed with her, but every kiss triggers catastrophic tsunamis, and the entire ocean kingdom wants her dead before she discovers the ancient power sleeping inside her blood.",,否 / No,,https://www.tiktok.com/@aidramalabs_pulse0
aidramalabs_pulse0,Shape of Desire,Shape of Desire,217,ID 7616401683437999134,Love Under the Barrel,桶下的爱,2026-05-02 09:09:08,45,1835829,2948,49.1,是 / Yes,Revenge、Redemption、Family Feud,复仇、赎回、家庭恩怨,"Love Under the Barrel, Romance",,否 / No,,https://www.tiktok.com/@aidramalabs_pulse0
aidramalabs_pulse0,Shape of Desire,Shape of Desire,218,ID 7638319593451164693,Doctors-love,医者之爱,2026-05-11 03:56:42,38,4446106,2210,36.8,是 / Yes,Love After Marriage、Family Feud、Betrayal,婚后的爱情、家庭恩怨、背叛,Doctors-love,,否 / No,,https://www.tiktok.com/@aidramalabs_pulse0
aidramalabs_pulse0,Shape of Desire,Shape of Desire,219,ID 7638319560928023572,Fired Waitress Got the Power of Night,被解雇的女服务员获得了夜晚的力量,2026-05-11 02:01:54,20,369975,1416,23.6,是 / Yes,Fantasy、Revenge,奇幻、复仇,"A fired waitress screams at the full moon in the Arizona desert—and the moonlight rips her shadow alive, turning her into a dark warrior who devours the wicked every night, but each kill erases her happiest memory forever until she becomes the darkness itself.",,否 / No,,https://www.tiktok.com/@aidramalabs_pulse0
aidramalabs_pulse0,Shape of Desire,Shape of Desire,220,ID 7600359684226290718,CHIMERA,奇美拉,2026-01-29 13:55:07,5,5462842,370,6.2,是 / Yes,Fantasy、dark romance、Revenge,奇幻、黑暗浪漫、复仇,"After a brutal betrayal, a programmer creates the perfect AI lover—only to learn that perfect love can be the cruelest prison.",,否 / No,,https://www.tiktok.com/@aidramalabs_pulse0
aidramalabs_pulse0,Shape of Desire,Shape of Desire,221,ID 7616412681675002910,Married to the Wall Street Devil,嫁给华尔街魔鬼,2026-03-16 09:36:04,30,3786607,1741,29.0,是 / Yes,Family Feud、Revenge、Contract Lovers,家庭恩怨、复仇、合约爱好者,"Married to the Wall Street Devil, the Romance",,否 / No,,https://www.tiktok.com/@aidramalabs_pulse0
aidramalabs_pulse0,Shape of Desire,Shape of Desire,222,ID 7614087561056916510,"I Forgot He Cheated, But He Didn't",我忘记了他作弊，但他没有,2026-03-10 10:11:08,81,122841793,5025,83.8,是 / Yes,City、Love Life of Ordinary People、Childhood Sweethearts,城市、普通人的爱情生活、青梅竹马,"I Forgot He Cheated, But He Didn't",,否 / No,,https://www.tiktok.com/@aidramalabs_pulse0
aidramalabs_pulse0,Shape of Desire,Shape of Desire,223,ID 7550301718165099533,Defective Heart,有缺陷的心脏,2025-09-15 22:09:34,1,7879214,81,1.4,是 / Yes,Romantic Complications、Fantasy、Master-Servant Love,浪漫并发症、奇幻、主仆之爱,Defective Heart：He made his master's sexy robot cry.,,否 / No,,https://www.tiktok.com/@aidramalabs_pulse0
aidramalabs_pulse0,Shape of Desire,Shape of Desire,224,ID 7606155775295149087,Forbidden Lovers,禁忌恋人,2026-02-20 09:33:53,29,66517464,1602,26.7,是 / Yes,Family Feud、Love After Divorce、Love After Marriage,家庭恩怨、离婚后的爱情、婚后的爱情,Forced into a marriage with fated lovers,,否 / No,,https://www.tiktok.com/@aidramalabs_pulse0
aidramalabs_pulse0,Shape of Desire,Shape of Desire,225,ID 7574783223549580318,Housewife's Boob Job,家庭主妇的布布工作,2025-11-23 22:20:28,6,2781991,472,7.9,是 / Yes,Revenge、Family Feud,复仇、家庭恩怨,Husband wants bigger boobs... 😱💔,,否 / No,,https://www.tiktok.com/@aidramalabs_pulse0
aidramalabs_pulse0,Shape of Desire,Shape of Desire,226,ID 7639329845642499093,The Queen’s Revenge,女王的复仇,2026-05-14 11:59:51,30,5340696,1675,27.9,是 / Yes,Revenge、Royal Palace,复仇、皇宫,The Queen’s Revenge,,否 / No,,https://www.tiktok.com/@aidramalabs_pulse0
aidramalabs_pulse0,Shape of Desire,Shape of Desire,227,ID 7572165299261281310,Collateral love,附带的爱,2025-11-14 02:55:24,5,7766088,283,4.7,是 / Yes,Contract Lovers、Revenge、Family Feud,合约爱好者、复仇、家庭恩怨,"Betrayed by her husband and maid, she fights back.",,否 / No,,https://www.tiktok.com/@aidramalabs_pulse0
aidramalabs_pulse0,Shape of Desire,Shape of Desire,228,ID 7640406854308566036,The Ex-Con Queen's Revenge,有犯罪前科的女王的复仇,2026-05-18 00:00:28,10,839532,594,9.9,是 / Yes,Love Triangle、Family Feud、Revenge,三角恋、家庭恩怨、复仇,The Ex-Con Queen's Revenge,,否 / No,,https://www.tiktok.com/@aidramalabs_pulse0
aidramalabs_pulse0,Shape of Desire,Shape of Desire,229,ID 7623836875917186069,"Farewell, My Swan",再见，我的天鹅,2026-04-12 10:19:40,30,923781,1876,31.3,是 / Yes,Redemption、Fantasy、Revenge,赎回、奇幻、复仇,"Farewell, My Swan, my love",,否 / No,,https://www.tiktok.com/@aidramalabs_pulse0
aidramalabs_pulse0,Shape of Desire,Shape of Desire,230,ID 7589897646270075934,Billionaire Waitress,亿万富翁女服务员,2026-01-01 18:57:44,5,23492149,362,6.0,是 / Yes,Family Feud、Superior and Inferior、Revenge,家庭恩怨、强弱逆袭、复仇,A humiliated waitress inherits a fortune and seeks revenge on those who wronged her.,,否 / No,,https://www.tiktok.com/@aidramalabs_pulse0
aidramalabs_pulse0,Shape of Desire,Shape of Desire,231,ID 7634654852370486293,The Housekeeper Was the CEO’s Missing Wife,管家是总裁失踪的妻子,2026-05-01 09:58:27,29,1575152,1606,26.8,是 / Yes,Family Feud、Reconciliation、Family & Ethics,家庭恩怨、和解、家庭与道德,"After losing her memory, Ella becomes a housekeeper in a CEO’s mansion—never knowing she is his missing wife. As hidden rooms, old letters, and buried lies surface, she and Daniel uncover the conspiracy that stole her identity, marriage, and past.",,否 / No,,https://www.tiktok.com/@aidramalabs_pulse0
aidramalabs_pulse0,Shape of Desire,Shape of Desire,232,ID 7563979664163705887,Bound to the Billionaire,与亿万富翁绑定,2025-10-22 23:48:13,5,62914728,413,6.9,是 / Yes,Family Feud、dark romance、Revenge,家庭恩怨、黑暗浪漫、复仇,"A waitress forced into a contract marriage with a billionaire discovers their families share a dark, twisted history of revenge, kidnapping, and forbidden love.",,否 / No,,https://www.tiktok.com/@aidramalabs_pulse0
aidramalabs_pulse0,Shape of Desire,Shape of Desire,233,ID 7572137602690864158,Agreement boyfriend 72hours,协议男友72小时,2025-11-15 19:58:39,5,819904,345,5.8,是 / Yes,Revenge、Celebrity、Contract Lovers,复仇、名人、合约爱好者,Fake relationship turned real. Deadly game unveiled.,,否 / No,,https://www.tiktok.com/@aidramalabs_pulse0
aidramalabs_pulse0,Shape of Desire,Shape of Desire,234,ID 7595876998397072414,The Nerd's Forbidden Romance,书呆子的禁忌浪漫,2026-01-17 01:17:56,1,642320,106,1.8,是 / Yes,Romantic Complications、Superior and Inferior,浪漫并发症、强弱逆袭,The Nerd's Forbidden Romance,,否 / No,,https://www.tiktok.com/@aidramalabs_pulse0
aidramalabs_pulse0,Shape of Desire,Shape of Desire,235,ID 7639314190527861776,Pregnant and Banished: The Tycoon's Return,怀孕与放逐：大亨归来,2026-05-14 09:52:55,10,57513008,597,9.9,是 / Yes,Revenge、Family Feud,复仇、家庭恩怨,Pregnant and Banished: The Tycoon's Return,,否 / No,,https://www.tiktok.com/@aidramalabs_pulse0
aidramalabs_pulse0,Shape of Desire,Shape of Desire,236,ID 7612870289445245983,My Mafia Devil Husband: King’s Forced Bride,我的黑手党恶魔丈夫：国王的强迫新娘,2026-03-05 09:32:53,55,129582779,3399,56.6,是 / Yes,Family Feud、Revenge,家庭恩怨、复仇,"My Mafia Devil Husband, charming and strong",,否 / No,,https://www.tiktok.com/@aidramalabs_pulse0
aidramalabs_pulse0,Shape of Desire,Shape of Desire,237,ID 7581404359867536415,The Trillionaire Janitor: Trash to Tycoon,亿万富翁清洁工：垃圾到大亨,2025-12-08 18:31:19,8,18189895,600,10.0,是 / Yes,Revenge、Redemption、Family Feud,复仇、赎回、家庭恩怨,Billionaire disguises as janitor for brutal revenge……,,否 / No,,https://www.tiktok.com/@aidramalabs_pulse0
aidramalabs_pulse0,Shape of Desire,Shape of Desire,238,ID 7639357180482917396,Fairytale Villains Are My Employees Now,童话里的恶棍现在是我的员工,2026-05-14 19:40:12,20,775943,1123,18.7,是 / Yes,Revenge、Fantasy、Lost Child,复仇、奇幻、丢失的孩子,"Every fairytale villain just got fired — now a fearless boss babe runs the only company crazy enough to hire them, but taming Big Bad Wolves and wicked witches is nothing compared to the ancient evil that wants her throne.",,否 / No,,https://www.tiktok.com/@aidramalabs_pulse0
aidramalabs_pulse0,Shape of Desire,Shape of Desire,239,ID 7593314722842448927,My blind wife,我的盲人妻子,2026-01-10 10:43:47,1,839578,27,0.5,是 / Yes,Revenge、Family Feud、dark romance,复仇、家庭恩怨、黑暗浪漫,My blind wife,,否 / No,,https://www.tiktok.com/@aidramalabs_pulse0
aidramalabs_pulse0,Shape of Desire,Shape of Desire,240,ID 7575034243718386719,Fated to My Mafia Priest,命中注定我的黑手党牧师,2025-11-21 23:07:41,10,10849553,818,13.6,是 / Yes,dark romance、Family & Ethics、Family Feud,黑暗浪漫、家庭与道德、家庭恩怨,"Is his love my salvation, or my danger?",,否 / No,,https://www.tiktok.com/@aidramalabs_pulse0
aidramalabs_pulse0,Shape of Desire,Shape of Desire,241,ID 7574306493973943327,The Queen's Revenge Game,女王的复仇游戏,2025-11-19 19:21:09,5,46252893,377,6.3,是 / Yes,Contract Lovers、Revenge、Family Feud,合约爱好者、复仇、家庭恩怨,"A contract marriage, a fake death, and the most shocking wedding crash in history.",,否 / No,,https://www.tiktok.com/@aidramalabs_pulse0
aidramalabs_pulse0,Shape of Desire,Shape of Desire,242,ID 7562192431857488910,Second Chance with My Billionaire Husband,与我的亿万富翁丈夫的第二次机会,2025-10-17 23:03:47,7,20577315,971,16.2,是 / Yes,Family Feud、Love After Marriage、Love After Divorce,家庭恩怨、婚后的爱情、离婚后的爱情,Can a fake marriage spark a real second chance?,,否 / No,,https://www.tiktok.com/@aidramalabs_pulse0
aidramalabs_pulse0,Shape of Desire,Shape of Desire,243,ID 7604526773237306398,Credits to Love,爱的积分,2026-02-12 20:03:50,20,7505110,1667,27.8,是 / Yes,Revenge、Love Triangle、Celebrity,复仇、三角恋、名人,No one can steal her talent and credits to love.,,否 / No,,https://www.tiktok.com/@aidramalabs_pulse0
aidramalabs_pulse0,Shape of Desire,Shape of Desire,244,ID 7639329973153600532,Hexing My Ex's Wedding,对我前任的婚礼施咒,2026-05-15 07:00:53,29,873260,1749,29.1,是 / Yes,Enemies to Lovers、Revenge、Fantasy,从敌人到恋人、复仇、奇幻,Hexing My Ex's Wedding,,否 / No,,https://www.tiktok.com/@aidramalabs_pulse0
aidramalabs_pulse0,Shape of Desire,Shape of Desire,245,ID 7623427958463779871,My Racer Mechanic Boyfriend,我的赛车机械师男友,2026-04-05 20:27:43,31,26355894,1977,33.0,是 / Yes,Action、Celebrity、Flipped,行动、名人、翻转,My Racer Mechanic Boyfriend,,否 / No,,https://www.tiktok.com/@aidramalabs_pulse0
aidramalabs_pulse0,Shape of Desire,Shape of Desire,246,ID 7640607715630781461,The Broke Mom's Billion-Dollar Secret,破产妈妈的十亿美元秘密,2026-05-18 13:44:20,21,27323628,1600,26.7,是 / Yes,Revenge、Family Feud,复仇、家庭恩怨,The Broke Mom's Billion-Dollar Secret,,否 / No,,https://www.tiktok.com/@aidramalabs_pulse0
aidramalabs_pulse0,Shape of Desire,Shape of Desire,247,ID 7551821937102738446,The CEO's Secret Wife,总裁的秘密妻子,2025-09-20 00:42:38,35,79773612,3312,55.2,是 / Yes,Family Feud、Love After Divorce,家庭恩怨、离婚后的爱情,Can a fake marriage spark a real second chance?,,否 / No,,https://www.tiktok.com/@aidramalabs_pulse0
shortdramatime,shortdramatime,shortdramatime,1,ID 7650740401636217872,"Don't Mess With the Bride, She's the Real Boss",别惹新娘，她才是真正的老板,2026-06-28 08:30:00,30,854718,1900,31.7,是 / Yes,Revenge、Family Feud、Contract Lovers,复仇、家庭恩怨、合约爱好者,"A world-renowned wedding planner returns to marry her longtime fiancé, only to discover he is marrying another woman; teaming up with a disgraced billionaire heir in a fake relationship, she exposes a web of betrayal and corruption, turning their fake love into the real thing.",,否 / No,,https://www.tiktok.com/@shortdramatime
shortdramatime,shortdramatime,shortdramatime,2,ID 7655317506655884296,Provoking Rose,挑衅玫瑰,2026-06-26 08:00:01,65,806226,7011,116.8,是 / Yes,Family Feud、Romantic Complications、Reconciliation,家庭恩怨、浪漫并发症、和解,"After 18 years of being treated as a fake heiress, Rose is unceremoniously dumped in a 'poor slum' when the real daughter returns. But the ultimate plot twist? That slum is actually the country’s most exclusive billionaire enclave! Overnight, she goes from a discarded elite fake to the true princess of the ultimate billionaire family. With her doting biological parents spoiling her rotten, her only problem is her arrogant ex-fiancé—who dumped her, only to come crawling back and obsessively chase her down.",,否 / No,,https://www.tiktok.com/@shortdramatime
shortdramatime,shortdramatime,shortdramatime,3,ID 7655875693510906901,He Shines Like The Galaxy,他像银河一样闪耀,2026-06-27 09:09:11,61,828831,7970,132.8,是 / Yes,Family Feud、Married Life、Love After Marriage,家庭恩怨、婚姻生活、婚后的爱情,"On their marriage registration day, the heroine waited nine times for her fiancé, who was busy proposing to his first love. She broke up with him, married a wealthy man on impulse, and later found she was his long-lost beloved.",,否 / No,,https://www.tiktok.com/@shortdramatime
shortdramatime,shortdramatime,shortdramatime,4,ID 7650781632307565589,Undercover Bride of the Tyrant CEO,卧底暴君新娘CEO,2026-07-03 08:30:00,32,324872,3096,51.6,是 / Yes,Family Feud、Contract Lovers、Romantic Complications,家庭恩怨、合约爱好者、浪漫并发症,"Bought by Duke Kieran to repay debts, Wren discovers their secret betrothal and his immortality. They break the blood oath, and she must sacrifice twenty years of life to save his fading lifespan.",,否 / No,,https://www.tiktok.com/@shortdramatime
shortdramatime,shortdramatime,shortdramatime,5,ID 7652698882383680520,The Billion Dollar Bride,十亿美元的新娘,2026-06-29 16:30:01,68,2517779,6608,110.1,是 / Yes,Real/Fake Heir/Heiress、Mistaken Identities、Family Feud,真/假继承人/女继承人、错误的身份、家庭恩怨,"She lived as a nobody, married to a billionaire who knew her secret all along. When the most powerful family in the nation comes to claim their lost princess, the woman who stole her identity will lose everything.",,否 / No,,https://www.tiktok.com/@shortdramatime
shortdramatime,shortdramatime,shortdramatime,6,ID 7652245324451124244,Fatal Empathy,致命的同理心,2026-07-04 12:30:02,40,394951,3506,58.4,是 / Yes,Romantic Complications、Contract Lovers、Family Feud,浪漫并发症、合约爱好者、家庭恩怨,"Billionaire tycoon Damon and elite hacker Elena enter a contractual marriage for family interests, only to be trapped by an absolute empathy curse that lets them share every pain and sensation; they grow from wary strangers to soulmates amid life-or-death crises plotted by hypocritical gentleman Ethan, and finally break the curse, defeat the scheming villain, and embrace genuine lifelong love.",,否 / No,,https://www.tiktok.com/@shortdramatime
shortdramatime,shortdramatime,shortdramatime,7,ID 7650781630864725013,Fragments of Memory,记忆碎片,2026-06-27 10:30:00,50,841226,4383,73.0,是 / Yes,Mystery、Family Feud、dark romance,神秘、家庭恩怨、黑暗浪漫,"After losing her memory, she finds her ""husband"" is a total stranger hiding dark secrets. Suspicious drugs and altered photos prove her life is a carefully crafted lie. With everyone around her deceiving her, she must piece together fragments of the past. Is the man beside her a protector, or a monster who stole her life? Will she find her way back to her true love?",,否 / No,,https://www.tiktok.com/@shortdramatime
shortdramatime,shortdramatime,shortdramatime,8,ID 7658010125034247184,A Belated Confession,迟来的忏悔,2026-07-03 14:35:39,70,393961,7937,132.3,是 / Yes,Reconciliation、Romantic Complications、Family Feud,和解、浪漫并发症、家庭恩怨,"Chloe Hale looks identical to Alex Wilson’s long-lost first love Eva. After a one-night stand, she enters a contract marriage with him to pay for her mom’s medical bills. Tormented by schemes at Wilson Group, cold-hearted Alex slowly falls for her and secretly protects her. The shocking truth hits—Chloe IS Eva. When her lost memories return, Alex makes up for every regret with a dream wedding, and they finally get their happy ending.",,否 / No,,https://www.tiktok.com/@shortdramatime
shortdramatime,shortdramatime,shortdramatime,9,ID 7652698875476923400,Seducing the Devil CEO,引诱恶魔总裁,2026-07-03 08:30:02,80,358106,8215,136.9,是 / Yes,Married Life、Love Triangle、Family Feud,婚姻生活、三角恋、家庭恩怨,"A coldly brilliant divorce lawyer who survived a brutal assault in her youth—choosing to stay alive rather than die defending her """"honor,"""" only to be branded and abandoned for that choice—is engaged to the powerful man who once rescued her, until she discovers he has been cheating on her all along. Refusing to punish herself for his betrayal, she calls off the wedding and recklessly takes his shameless playboy best friend to bed as revenge, never imagining that this so-called scoundrel is in fact the broken boy she once talked down from the edge years ago—a man who has quietly loved her ever",,是 / Yes,,https://www.tiktok.com/@shortdramatime
shortdramatime,shortdramatime,shortdramatime,10,ID 7650745553982493714,My King Boss is a Hidden Legend,我的王老大是隐藏的传奇,2026-06-27 12:30:02,72,820688,7327,122.1,是 / Yes,City、Sudden Wealth,城市、暴富,"An entrepreneur on the brink of bankruptcy unexpectedly gains a system that returns ten times whatever he spends on his employees. To keep his last six staff members from leaving, he poses as a wealthy heir and showers them with money—only to accidentally lead his team to a stunning comeback, crush his ex-girlfriend's scheming family, and transform his dying company into a business success story.",,否 / No,,https://www.tiktok.com/@shortdramatime
shortdramatime,shortdramatime,shortdramatime,11,ID 7658339926724645909,End of the Eight-Year Lie,八年谎言的终结,2026-07-05 08:00:00,34,318764,3738,62.3,是 / Yes,First Love & Substitute、Family Feud、Contract Lovers,初恋与替身、家庭恩怨、合约爱好者,"Eight years ago, Joy signed a contract to stay with Simon to repay his mother’s favor, enduring his cold indifference while mending his heart broken by his first love. Once their deal ended after his ex’s return ruined everything, Joy left without a second thought, leaving divorce papers behind and abandoning the man she could never warm.",,否 / No,,https://www.tiktok.com/@shortdramatime
shortdramatime,shortdramatime,shortdramatime,12,ID 7650776469198689297,The Spoiled Wife Has All the Luck,被宠坏的妻子运气很好,2026-07-02 16:30:01,66,833421,8153,135.9,是 / Yes,Love After Marriage、Romantic Complications、City,婚后的爱情、浪漫并发症、城市,"After a wild one-night stand, she enters a flash marriage with a stranger—who turns out to be a powerful billionaire! When a jealous rival tries to ruin her career, her protective CEO husband steps in to crush the haters and help her conquer it all.",,否 / No,,https://www.tiktok.com/@shortdramatime
shortdramatime,shortdramatime,shortdramatime,13,ID 7658102052450767890,The Contract Wife's Million Countdown,契约妻的百万倒计时,2026-07-03 09:09:41,29,866565,1671,27.9,是 / Yes,Contract Lovers、Forced Love、Family Feud,合约爱好者、强迫的爱、家庭恩怨,"""Forced into a contract marriage with a cold and ruthless billionaire to save her mother, a small-town girl discovers she has only 30 days to live and finally fights back—only to uncover a long-forgotten childhood bond that ties their destinies together.""",,否 / No,,https://www.tiktok.com/@shortdramatime
shortdramatime,shortdramatime,shortdramatime,14,ID 7656612737032180757,His Misjudged Pregnant Bride.,他误判了怀孕的新娘。,2026-06-29 08:50:00,41,3943256,3340,55.7,是 / Yes,Family Feud、Redemption、Love After Divorce,家庭恩怨、赎回、离婚后的爱情,"An unexpected pregnancy led to misunderstandings. After the truth came to light, the wealthy heir fell for her and wholeheartedly protected her and the unborn twins. Plagued by schemes and family troubles, the young woman left in despair. Bound together through life-or-death moments, all rifts were mended. They finally stayed together, finding redemption and true love in each other.",,否 / No,,https://www.tiktok.com/@shortdramatime
shortdramatime,shortdramatime,shortdramatime,15,ID 7657955918797198352,The Guide to Being a Substitute for White Moonlight,白月光替代品指南,2026-07-03 14:34:54,90,395479,7792,129.9,是 / Yes,First Love & Substitute、Family Feud、Mistaken Identities,初恋与替身、家庭恩怨、错误的身份,"elaine a heiress from a top-tier wealthy family, and leon, the president of a conglomerate, were a loving couple. On their wedding day, an accident occurred, and elaine disappeared and was presumed dead. However, elaine had only suffered amnesia and was taken in by Lee's mother. Because she resembled Kira, Damon's wife who was murdered, Damon fabricated a new identity for her (Kira) to attract attention and to covet elaine. Kira, unwilling to marry Damon, ran away and fortunately met leon.",,否 / No,,https://www.tiktok.com/@shortdramatime
shortdramatime,shortdramatime,shortdramatime,16,ID 7650745563394774034,His Fangs Found the Wrong Boy,他的獠牙找错了男孩,2026-07-02 08:30:01,30,770121,3725,62.1,是 / Yes,Revenge、Love Triangle、Vampire,复仇、三角恋、吸血鬼,"To avenge her slaughtered family, a hidden vampire queen disguises herself as a boy to infiltrate an elite all-boys academy. But when the ruthless campus captain and her loyal childhood bestie both discover her secret, survival becomes a deadly game of obsession and revenge.""",,否 / No,,https://www.tiktok.com/@shortdramatime
shortdramatime,shortdramatime,shortdramatime,17,ID 7652240169399178258,The Young Lady Stops Pretending,年轻女士停止伪装,2026-06-28 10:30:00,83,883826,7735,128.9,是 / Yes,Mistaken Identities、Family Feud、Married Life,错误的身份、家庭恩怨、婚姻生活,"Three years ago, Elena Sterling, the young lady of the Sterling family, accidentally fell into the water and was rescued by the head of the Vanderbilt family. To repay the kindness, she deliberately concealed her identity as the daughter of the richest man and married his son, Alexander Vanderbilt. Secretly, she silently supported Alexander’s career—she even devoted the Sterling family’s resources to secure a 100-billion-yuan contract for the Vanderbilt family.",,否 / No,,https://www.tiktok.com/@shortdramatime
shortdramatime,shortdramatime,shortdramatime,18,ID 7655317486619120647,The Billionaire CEO Dotes on His Stand-In Wife,亿万富翁首席执行官宠爱他的替身妻子,2026-06-26 08:00:01,101,2279888,8281,138.0,是 / Yes,Family Feud、Married Life、Mistaken Identities,家庭恩怨、婚姻生活、错误的身份,"：A country girl with scars substitutes for her sister, marrying the most powerful man. By day, she’s a humble maid; by night, she removes her scars, revealing a stunning face, acting as the billionaire’s stand-in wife. When the secret leaks, socialites wait for her downfall—but instead, she lives a overpowered life: perfumery, medicine, dazzling everyone. The CEO becomes a wife-slave, cherishing her: ""Mine—don’t touch!""",,否 / No,,https://www.tiktok.com/@shortdramatime
shortdramatime,shortdramatime,shortdramatime,19,ID 7655332650143683592,"My Husband, theAmnesiac Wolf",我的丈夫失忆狼,2026-06-26 08:00:02,67,42367009,6137,102.3,是 / Yes,Family Feud、Reconciliation、Married Life,家庭恩怨、和解、婚姻生活,"Trapped in a loveless marriage for three years, she was treated as a prisoner by her cruel husband. After a car accident, he loses his memory and develops the primal instincts of a loyal wolf, obeying her every command. She seizes the chance for revenge, only to uncover his tragic secrets. Can their broken hearts find healing together?",,否 / No,,https://www.tiktok.com/@shortdramatime
shortdramatime,shortdramatime,shortdramatime,20,ID 7658010123989799937,Frozen Betrayal72Hours,冰冻背叛72小时,2026-07-03 14:35:43,70,379736,8324,138.7,是 / Yes,Love Triangle、Revenge、Family Feud,三角恋、复仇、家庭恩怨,"This drama follows Zoe, the reborn heiress to the Ashford Group, who is locked in a subzero cold storage as part of a conspiracy orchestrated by her fiancé Leo and adopted sister Claire. She survives three days in the desperate situation with her tenacious will to live. After being rescued, she exposes their plot to seize the company, takes back the group, and brings the wrongdoers to justice.",,否 / No,,https://www.tiktok.com/@shortdramatime
shortdramatime,shortdramatime,shortdramatime,21,ID 7652240174054855687,My Sweet and Clingy Husband,我的甜蜜又粘人的丈夫,2026-07-03 17:30:01,98,845218,9202,153.4,是 / Yes,Married Life、Family Feud、Contract Lovers,婚姻生活、家庭恩怨、合约爱好者,"After dreaming of a future where her husband falls for another woman and drives her to a tragic end, a wife wakes up determined to change her fate—starting with three hard slaps across his face.",,否 / No,,https://www.tiktok.com/@shortdramatime
shortdramatime,shortdramatime,shortdramatime,22,ID 7652245324337009685,The Clairvoyant Bride of the Magnate,千里眼的大亨新娘,2026-06-27 16:30:00,71,847381,5264,87.7,是 / Yes,Contract Lovers、Revenge、Family Feud,合约爱好者、复仇、家庭恩怨,"Reborn after being murdered by her stepmother and cousin, a young woman enters a contract marriage with a powerful man to exact her revenge, uncover hidden family secrets, and ultimately find justice, love, and her true identity.",,否 / No,,https://www.tiktok.com/@shortdramatime
shortdramatime,shortdramatime,shortdramatime,23,ID 7652698874998232072,The CEO's Contract Wife,总裁的契约妻,2026-06-28 16:30:02,58,9371390,5648,94.1,是 / Yes,Reconciliation、Married Life、Family Feud,和解、婚姻生活、家庭恩怨,"Ordinary girl Gu Xixi and CEO Yin Sichen have a contract marriage after an accidental night and pregnancy. They overcome hardships, fall in love and live happily with their baby.",,否 / No,,https://www.tiktok.com/@shortdramatime
shortdramatime,shortdramatime,shortdramatime,24,ID 7650781631661839380,Claimed by the Vampire Duke,被吸血鬼公爵认领,2026-07-02 12:30:01,30,767618,2113,35.2,是 / Yes,Romantic Complications、Vampire、Contract Lovers,浪漫并发症、吸血鬼、合约爱好者,A human girl becomes the hunted blood source that could either save a vampire duke’s house—or tear it apart.,,否 / No,,https://www.tiktok.com/@shortdramatime
shortdramatime,shortdramatime,shortdramatime,25,ID 7655332602496865298,The End Of Mother,母亲的终结,2026-06-26 08:00:02,67,1406101,5097,85.0,是 / Yes,Fantasy、Lost Child、Body Swaps,奇幻、丢失的孩子、身体交换,"After unexpectedly waking up in her daughter's body, a mother uncovers the horrific truth of her child's suffering and orchestrates a chilling, meticulous revenge.",,否 / No,,https://www.tiktok.com/@shortdramatime
shortdramatime,shortdramatime,shortdramatime,26,ID 7652698875539264519,Reborn from the Cell Reclaiming My Crown,从细胞中重生夺回我的王冠,2026-06-30 17:30:01,60,4377504,7518,125.3,是 / Yes,Real/Fake Heir/Heiress、Mistaken Identities、Family Feud,真/假继承人/女继承人、错误的身份、家庭恩怨,"Seraphina Miller, the true heiress of the wealthy Sterling family, is framed for a murder committed by the fake heiress and forced by her own biological parents to serve three years in prison. Upon her release, she vows revenge and crashes the fake heiress's extravagant birthday party to reclaim her identity.",,否 / No,,https://www.tiktok.com/@shortdramatime
shortdramatime,shortdramatime,shortdramatime,27,ID 7649748055037793301,My Dog Does My Job,我的狗做我的工作,2026-06-26 08:30:00,40,765360,2999,50.0,是 / Yes,Workplace、Superior and Inferior、Body Swaps,职场、强弱逆袭、身体交换,"An overworked office worker and her loyal Border Collie accidentally swap souls after a lightning strike, turning a toxic workplace upside down as a dog trapped in a human body takes on office politics with pure canine instinct.",,否 / No,,https://www.tiktok.com/@shortdramatime
shortdramatime,shortdramatime,shortdramatime,28,ID 7652245324001809428,A Brave Mother's Redemption,勇敢母亲的救赎,2026-06-27 14:30:01,71,801732,6349,105.8,是 / Yes,Reconciliation、Revenge、Family Feud,和解、复仇、家庭恩怨,"After giving birth, Emma becomes a wet nurse for the wealthy family in a desperate attempt to rescue her daughter from her abusive in-laws, only to reunite with Mr. Mason, the powerful CEO who has secretly loved her for years. As she faces family betrayal, dangerous schemes, and a long-buried past, Emma must fight to reclaim her child, rediscover her dreams, and uncover the truth that has been hidden for years.",,否 / No,,https://www.tiktok.com/@shortdramatime
shortdramatime,shortdramatime,shortdramatime,29,ID 7652245322773058580,Blood for Blood: The Witch's Crimson Curse,血债血偿：女巫的猩红诅咒,2026-07-04 08:30:02,40,375663,2797,46.6,是 / Yes,Fantasy、Revenge,奇幻、复仇,"Billionaire Lia was betrayed by her husband Frank and her adopted younger sister Chloe, and died in a car accident. After her death, she struck a blood pact with the witch Selena to be resurrected, and cast a vicious curse on Frank: whenever he feels lust for any other woman, he will be afflicted with endless menstrual bleeding.",,否 / No,,https://www.tiktok.com/@shortdramatime
shortdramatime,shortdramatime,shortdramatime,30,ID 7655317422953616392,You Belong With Me,你是属于我的,2026-06-26 08:00:01,58,2663351,6378,106.3,是 / Yes,Reconciliation、Love After Divorce、Family Feud,和解、离婚后的爱情、家庭恩怨,"Scarlett and Harrison had a four-year contract secret marriage. When Harrison’s first love came back, Scarlett filed for divorce, found she was pregnant, and Harrison realized he truly loved her instead of just being possessive.",,否 / No,,https://www.tiktok.com/@shortdramatime
shortdramatime,shortdramatime,shortdramatime,31,ID 7652698877245608978,"Sweet Lies, Deadly Trap",甜蜜的谎言，致命的陷阱,2026-06-29 12:30:00,60,1359459,7996,133.3,是 / Yes,Married Life、City、Love Triangle,婚姻生活、城市、三角恋,"Driven by insatiable ambition and reckless greed, Ethan Vance, a brilliant but ruthless private hospital executive, stops at nothing to climb the corporate ladder. He manipulates, exploits, and betrays the women in his life, treating them as mere stepping stones for his meteoric rise to power. However, his web of deceit unravels when his newlywed wife, Sophia, discovers his ultimate betrayal. Turning the tables, Sophia secretly allies with Ethan’s meticulous sister, Emily, and his former mistress, Vivian. Together, the trio of scorned women orchestrate a flawless, high-stakes insurance and cor",,是 / Yes,,https://www.tiktok.com/@shortdramatime
shortdramatime,shortdramatime,shortdramatime,32,ID 7652240169814348818,"When the daughter returned, her ex-husband couldn't climb high",女儿回来，前夫爬不高,2026-06-28 14:30:00,72,12889729,7557,126.0,是 / Yes,Family Feud、Reconciliation、Love After Divorce,家庭恩怨、和解、离婚后的爱情,"Elias Grayson and Charlotte Miller were separated in childhood and exchanged keepsakes with each other. After growing up, they got married but failed to recognize one another. Manipulated by others, Elias Grayson treated Charlotte Miller cruelly. When Charlotte Miller fell into utter despair, she discovered her true identity as Iris Sylvester, the heiress of a prestigious clan, and began to fight back fiercely. It was then that Elias Grayson realized Charlotte Miller was his long-cherished white moonlight. He spared no effort to atone for his mistakes and win her back, and finally regained his",,是 / Yes,,https://www.tiktok.com/@shortdramatime
shortdramatime,shortdramatime,shortdramatime,33,ID 7650771336008651796,My Devil Butler,我的恶魔管家,2026-07-03 12:30:01,30,370204,2126,35.4,是 / Yes,Family Feud、Crime、Contract Lovers,家庭恩怨、犯罪、合约爱好者,"FBI undercover Kate marries Lucian falsely for a mission, only to find he is also a secret agent. He rescues pregnant kidnapped Kate, knowing her child is from her late partner but still protects her.",,否 / No,,https://www.tiktok.com/@shortdramatime
shortdramatime,shortdramatime,shortdramatime,34,ID 7658009844112233489,Dino Betrayal Reborn,恐龙背叛重生,2026-07-03 14:35:17,70,1621717,6804,113.4,是 / Yes,Lost Child、Adventure、Fantasy,丢失的孩子、冒险、奇幻,"Liam is reborn into a dinosaur crisis. His family favors adopted son Noah. Greed for dinosaur eggs brings disaster, and only Liam escapes alone in the end.",,否 / No,,https://www.tiktok.com/@shortdramatime
shortdramatime,shortdramatime,shortdramatime,35,ID 7655317323544417287,The Lucky Sweet Wife in a Secret Marriage,秘密婚姻中幸运的甜蜜妻子,2026-06-26 08:00:02,65,1782588,7645,127.4,是 / Yes,Married Life、Love After Marriage、Family Feud,婚姻生活、婚后的爱情、家庭恩怨,"A young woman has a whirlwind marriage to a wealthy heir. While interning at his family’s firm, she faces bullying and framing from a jealous rival. Gradually winning over her new stepchild with kindness and talent, she clears up misunderstandings with her husband and uncovers a shocking family secret, leading to a happy ending.",,否 / No,,https://www.tiktok.com/@shortdramatime
shortdramatime,shortdramatime,shortdramatime,36,ID 7652245323830187028,Revenge of the Disguised Bride,乔装新娘的复仇,2026-07-04 10:30:01,30,466380,2942,49.0,是 / Yes,Family Feud、Revenge、Contract Lovers,家庭恩怨、复仇、合约爱好者,"An assassin fakes a marriage to expose corporate money laundering, only to be outwitted by her CEO target, who knows her secret and pulls her into a dangerous choice between mission and love.",,否 / No,,https://www.tiktok.com/@shortdramatime
shortdramatime,shortdramatime,shortdramatime,37,ID 7658351567690552337,His Regret Came Too Late,他的后悔来得太晚了,2026-07-04 08:00:01,73,400817,8149,135.8,是 / Yes,Family Feud、Reconciliation、Love After Divorce,家庭恩怨、和解、离婚后的爱情,"The female lead loved the male lead devotedly for ten years and always stayed by his side. The second female lead repeatedly framed her and staged a false injury. The male lead believed the lies and abandoned the heroine in the countryside. She suffered a head trauma and lost all memories of him after surgery. The male lead thought she was just playing hard to get. The heroine cut off all contact with him and met the gentle second male lead through an arranged marriage. When the male lead finally saw through the villain’s tricks, he was filled with regret and tried hard to win her back. But th",,是 / Yes,,https://www.tiktok.com/@shortdramatime
shortdramatime,shortdramatime,shortdramatime,38,ID 7655332629453427720,The One I Love Hurts Me The Most,我爱的人伤我最深,2026-06-26 08:00:02,66,835315,6340,105.7,是 / Yes,Betrayal、City,背叛、城市,"Elowen has developed a Quantum AI that will usher in a new era, but she was robbed of her achievements by Shirley, the general Manager of the research and development department of the Quantum Company, on the day of the press conference.Elowen was expelled from the venue without a defense, and on the way home, she was framed by Shirley and her fiancé Hayden, causing a sudden change in her life. Elowen was reborn and returned to the day before the Quantum AI conference. With the hatred of her previous life, she was determined to make the traitors pay a heavy price.",,否 / No,,https://www.tiktok.com/@shortdramatime
shortdramatime,shortdramatime,shortdramatime,39,ID 7652240170023932946,"Blinded by Love, Burned by Revenge",被爱蒙蔽双眼，被复仇灼伤,2026-07-01 13:30:01,39,907855,3333,55.5,是 / Yes,Revenge、Challenge/Quests in Game、Redemption,复仇、游戏中的挑战/任务、赎回,"After being confined by wealthy tycoon Victor for five years, Evelyn discovers she is merely a spare cornea donor for his beloved Chloe, who suffered eye cancer. Facing a 12-hour countdown to forced eye removal and learning Victor orchestrated her family’s bankruptcy and parents’ fatal car crash, she fakes her death to escape. Three years later, rebranded as powerful Aurora Capital executive Scarlett, she returns to seize corporate control, drive a wedge between Victor and Chloe, and gathers damning evidence. At their lavish live-streamed wedding, she exposes Victor’s murder schemes, sending h",,是 / Yes,,https://www.tiktok.com/@shortdramatime
shortdramatime,shortdramatime,shortdramatime,40,ID 7650781640062735381,Doting Boss and His Sweet Bride,溺爱的老板和他甜蜜的新娘,2026-06-26 12:30:01,58,12165619,4276,71.3,是 / Yes,Love After Marriage、Married Life、Family Feud,婚后的爱情、婚姻生活、家庭恩怨,"Betrayed by her fiancé, she enters a whirlwind marriage with a mysterious stranger. Thinking he is unemployed, she vows to support him, unaware he is actually a powerful billionaire hiding his identity. When her enemies plot against her, he reveals his true power to save her. Will their love survive the truth behind his hidden empire?",,否 / No,,https://www.tiktok.com/@shortdramatime
shortdramatime,shortdramatime,shortdramatime,41,ID 7652245326075106324,My Scumbag Dad Hooked Up with My Ex — in a Dress,我的人渣爸爸和我的前男友勾搭上了——穿着裙子,2026-06-28 12:30:01,40,371873,2293,38.2,是 / Yes,Betrayal、City、Lost Child,背叛、城市、丢失的孩子,"Reborn on the day of her murder, Summer outsmarts her greedy father Howard and vengeful ex Derek—exposing their schemes, dismantling an underground gambling ring, and freeing her mother—until three years later, she walks away from a broken Derek without mercy, finally leaving the past behind.",,否 / No,,https://www.tiktok.com/@shortdramatime
shortdramatime,shortdramatime,shortdramatime,42,ID 7652245326481462293,Don't Cheat in My Luxury Car,不要在我的豪华车上作弊,2026-06-27 12:30:02,52,859151,4256,70.9,是 / Yes,Revenge、Mistaken Identities、Family Feud,复仇、错误的身份、家庭恩怨,"After catching her cheating husband gifting her own luxury car and black card to his toxic mistress, billionaire CEO Sophia hides her identity to plot the ultimate revenge. She exposes their sinister crimes, sends the duo to jail, and serves up the ultimate lesson in instant regret.",,否 / No,,https://www.tiktok.com/@shortdramatime
shortdramatime,shortdramatime,shortdramatime,43,ID 7652698874427462674,Drowning in the deep,溺水于深渊,2026-06-30 16:30:00,86,15210467,6921,115.3,是 / Yes,Revenge、Family Feud、Reconciliation,复仇、家庭恩怨、和解,"To exact revenge, Damien Sterling pretends to pursue Sienna Hale, who gives him her whole heart for five years — only to discover at a party that she has been nothing but a pawn in his scheme. Heartbroken, she plans to leave for London, while Damien, to dodge family pressure, falsely gets engaged to his childhood friend Sutton Reeves. By the time he realizes his true feelings and desperately tries to win her back, Sienna has already grown close to Adrian Whitmore, forcing Damien to finally understand the meaning of love and step out of the abyss that once consumed him.",,否 / No,,https://www.tiktok.com/@shortdramatime
shortdramatime,shortdramatime,shortdramatime,44,ID 7652240171731178503,Flash Marriage With My Savior,与我的救主闪婚,2026-06-28 08:30:02,79,33146610,6380,106.3,是 / Yes,Family Feud、Love After Marriage、Married Life,家庭恩怨、婚后的爱情、婚姻生活,"Five years ago, the heroine accidentally saved the hero in trouble. Six years later, when forced into marriage by her family, she reunites with the hero who has been searching for her for years. After they marry by chance, the hero secretly helps her deal with her ungrateful best friend, the snobbish mother, and the persistent blind date.",,否 / No,,https://www.tiktok.com/@shortdramatime
shortdramatime,shortdramatime,shortdramatime,45,ID 7655317517828920338,"Attorney Quinn, Vivi Likes You",奎因律师，薇薇喜欢你,2026-06-26 08:00:02,65,477476,6400,106.7,是 / Yes,City、Childhood Sweethearts、Courtroom Drama,城市、青梅竹马、法庭剧,"Forced by her corrupt agency to entertain powerful investors, a stunning, self-made top actress risks everything to escape the dark side of showbiz. Threatened and cornered, she reunites with her childhood crush—now a powerhouse lawyer who steps into the spotlight to shield her and destroy her oppressors.",,否 / No,,https://www.tiktok.com/@shortdramatime
shortdramatime,shortdramatime,shortdramatime,46,ID 7652240168929416210,Stealthy Coaxing,隐秘的哄骗,2026-06-30 17:00:02,61,830628,6481,108.0,是 / Yes,Family Feud、Love After Marriage、Married Life,家庭恩怨、婚后的爱情、婚姻生活,"To escape an arranged marriage, she impulsively marries a man she kisses, only to find he is the city's richest man. Bullied by family and villains during pregnancy, and targeted by colleagues at his company, she overcomes crises with her grit and his protection, growing closer.",,否 / No,,https://www.tiktok.com/@shortdramatime
shortdramatime,shortdramatime,shortdramatime,47,ID 7652240174818513938,The Inner Voice of the Cannon Fodder,炮灰的内心声音,2026-06-28 12:30:01,87,1015008,7091,118.2,是 / Yes,Married Life、Love Triangle、Family Feud,婚姻生活、三角恋、家庭恩怨,"Modern-day girl Stella is transported into a novel as a foolish, disposable side character who kills herself for love.",,否 / No,,https://www.tiktok.com/@shortdramatime
shortdramatime,shortdramatime,shortdramatime,48,ID 7655317564390151176,Don't Exit the Car Without Opening Window,不打开窗户就不要下车,2026-06-26 08:00:01,59,484366,5231,87.2,是 / Yes,Lost Child、Family & Ethics、City,丢失的孩子、家庭与道德、城市,"This realistic tragic short drama depicts family betrayal and kinship redemption, while warning of the danger of locking people in overheated cars. It follows Lynn, her parents and the third party Sophie.",,否 / No,,https://www.tiktok.com/@shortdramatime
shortdramatime,shortdramatime,shortdramatime,49,ID 7652240169269253138,"Blurred Love, Clear Destiny",模糊的爱情，清晰的命运,2026-07-04 16:30:01,77,772060,5629,93.8,是 / Yes,Reconciliation、Family Feud、Romantic Complications,和解、家庭恩怨、浪漫并发症,"The heroine comes from a son-favoring ordinary family, loved only by her grandmother. A college boy often helps her, but her severe nearsightedness and poverty for glasses leave her never seeing his face clearly. Years later, to pay for her grandma's surgery, she tries to trick him — only to be seen through and claimed by him.",,否 / No,,https://www.tiktok.com/@shortdramatime
shortdramatime,shortdramatime,shortdramatime,50,ID 7652245326418695188,The Magic Princess Returns with the Crown,魔法公主带着王冠归来,2026-06-29 16:30:00,40,3302208,3672,61.2,是 / Yes,Royal Palace、Mistaken Identities、Palace/Mansion Intrigue,皇宫、错误的身份、宫殿/豪宅阴谋,"For seven years, Princess Elara hid in a small town as a red-caped healer, betrayed and abandoned by the husband she saved. Reunited with her king father, she uncovers palace conspiracies, a vengeful knight’s deception, and a decades-old royal blood feud, rising from a humiliated wife to the saving queen of her kingdom.",,否 / No,,https://www.tiktok.com/@shortdramatime
shortdramatime,shortdramatime,shortdramatime,51,ID 7655317280628413448,Killed by My Son s New Wife Now I m Back,被我儿子的新婚妻子杀死，现在我回来了,2026-06-26 08:00:00,80,918392,6338,105.6,是 / Yes,Lost Child、Family & Ethics、Family Feud,丢失的孩子、家庭与道德、家庭恩怨,"A wealthy patriarch is murdered by his son's mistress and dies knowing he wronged his virtuous daughter-in-law. Reborn three years earlier, he stands by her side. He exposes the mistress's fake pregnancy, stops his son's cruelty, and gives the family fortune to the woman who truly belongs. As conspiracies unravel, the truth shatters his son's delusions. Though some wounds never heal, the patriarch redeems his legacy and protects the family line he almost destroyed.",,否 / No,,https://www.tiktok.com/@shortdramatime
shortdramatime,shortdramatime,shortdramatime,52,ID 7648452035930641426,"Back from the Dead, The Heiress Slays",死而复生，女继承人杀人,2026-06-07 09:01:24,52,8644776,4589,76.5,是 / Yes,Betrayal、Family Feud,背叛、家庭恩怨,"The heroine was betrayed by her husband and best friend. They drugged her and left her in a dangerous area, where she barely escaped being buried by mudslides. The pair plotted to seize her business and harm her family. Just as their scheme was about to succeed, she made a powerful comeback, exposing their conspiracy and bringing them to justice.",,否 / No,,https://www.tiktok.com/@shortdramatime
shortdramatime,shortdramatime,shortdramatime,53,ID 7647332598553580565,He Goes Overboard,他太过分了,2026-06-04 08:37:12,72,9937423,7171,119.5,是 / Yes,Family Feud、Redemption、Romantic Complications,家庭恩怨、赎回、浪漫并发症,"They had a fleeting encounter three years ago and meet again later. The male lead pursues her secretly while hiding his true identity, faithfully protecting the fallen noble lady. Determined to reclaim her family property and get revenge, the female lead gradually uncovers past affection and youthful bonds. The two heal each other, strive side by side and embrace a happy ending.",,否 / No,,https://www.tiktok.com/@shortdramatime
shortdramatime,shortdramatime,shortdramatime,54,ID 7649702524693566485,New man New life,新人新生活,2026-06-10 17:54:10,80,113270714,6463,107.7,是 / Yes,Married Life、Family Feud、Love Triangle,婚姻生活、家庭恩怨、三角恋,"When my son wished for a ""new mom"" on his birthday, I granted it by divorcing my husband of seven years and walking away with my daughter to build my own empire. Now, my ex and son are kneeling outside begging for mercy, while my new billionaire lover pins me against the door inside, demanding I finally make him official.",,否 / No,,https://www.tiktok.com/@shortdramatime
shortdramatime,shortdramatime,shortdramatime,55,ID 7652801954799997969,"Captain, They Beg Your Forgiveness",队长，他们请求你的原谅,2026-06-20 08:30:00,58,152838230,4294,71.6,是 / Yes,Mistaken Identities、Action、City,错误的身份、行动、城市,"Three years ago, a miracle born from a world-shocking air disaster turned Ethan Blake into a legend in a single stroke, making him the one and only god-tier captain in global aviation. And yet no one could have imagined that he would bury his overwhelming status and descend into a little airline, becoming a lowly trainee air traffic controller. On his very first day at work, he was publicly humiliated by the airline’s “star female captain”, Scarlet. Ethan didn’t even bother stooping to her level. Instead, he discovered a fatal fracture in the left wing of the aircraft she was about to fly and",,否 / No,,https://www.tiktok.com/@shortdramatime
shortdramatime,shortdramatime,shortdramatime,56,ID 7655327525618373650,The Fire Between Us,我们之间的火焰,2026-06-26 08:00:01,66,6333780,7267,121.1,是 / Yes,Married Life、Family Feud、Contract Lovers,婚姻生活、家庭恩怨、合约爱好者,"What started as a cold marriage of convenience slowly turns into something real — until Scarlett Fontaine discovers she's pregnant and Dominic Westbrook's first love returns, bringing the truth about a three-year-old fire that could either destroy them or finally set them free.",,否 / No,,https://www.tiktok.com/@shortdramatime
shortdramatime,shortdramatime,shortdramatime,57,ID 7655332621773181959,"Oops, I Caught Feelings",哎呀，我感受到了感情,2026-06-26 08:00:00,75,8999210,7677,128.0,是 / Yes,Family Feud、Contract Lovers、Married Life,家庭恩怨、合约爱好者、婚姻生活,"After dumping her cheating fiancé, Chloe Quinn gains a wealthy contract husband. She plays along with his chaotic wealthy antics, only to end up winning his sincere love unexpectedly.",,否 / No,,https://www.tiktok.com/@shortdramatime
shortdramatime,shortdramatime,shortdramatime,58,ID 7655317304087122962,Destined Contractual Love,命中注定的契约爱情,2026-06-26 08:00:01,80,1768013,6644,110.7,是 / Yes,Family Feud、Contract Lovers、Married Life,家庭恩怨、合约爱好者、婚姻生活,"Macy Drew enters a flash marriage with Fortino Sterling, who hides his true identity. The tyrannical boss she constantly complains about turns out to be her own husband. They weather numerous crises—interference from his ex-girlfriend, scheming family members, stolen design drafts, and even a kidnapping incident—growing deeply attached to each other through every trial. Fortino tears up their marriage contract and proposes to her, turning their contractual union into genuine love, and the two live happily ever after.",,否 / No,,https://www.tiktok.com/@shortdramatime
shortdramatime,shortdramatime,shortdramatime,59,ID 7655317275175605266,The Playboy's Daily Confession,花花公子的每日自白,2026-06-26 08:00:01,76,443352,9609,160.2,是 / Yes,Married Life、Family Feud、Contract Lovers,婚姻生活、家庭恩怨、合约爱好者,"After a betrayal and a car crash, Evelyn Walker is transformed into a powerhouse corporate VP by a wealthy matriarch, only to catch the eye of the family’s notorious playboy heir. Pushed into marriage by his matchmaking grandmother, the unlikely duo embarks on a wildly chaotic and spark-flying life together.",,否 / No,,https://www.tiktok.com/@shortdramatime
shortdramatime,shortdramatime,shortdramatime,60,ID 7650776474974426128,"Mr. Julian, That Drunken Rioter Is Your Wife",朱利安先生，那个醉酒暴徒是你的妻子,2026-06-25 16:30:01,64,5213985,6689,111.5,是 / Yes,Romantic Complications、Reconciliation、Family Feud,浪漫并发症、和解、家庭恩怨,"To save her mother, a young woman enters a one-year contract marriage with a stranger, only for the two to unknowingly fall in love when fate brings them back together—without realizing they are already husband and wife.",,否 / No,,https://www.tiktok.com/@shortdramatime
shortdramatime,shortdramatime,shortdramatime,61,ID 7646296628026201108,One Night With the Alpha,与阿尔法共度一晚,2026-06-01 13:38:11,73,22879059,9400,156.7,是 / Yes,Family Disputes、Reconciliation、Family Feud,家庭纠纷、和解、家庭恩怨,"While striving to regain what belongs to her, a young woman meets a formidable man and later has two special children. Years on, they reunite. He dotes on her and the kids, and they face plots and bias side by side in a heartwarming yet exciting journey.",,否 / No,,https://www.tiktok.com/@shortdramatime
shortdramatime,shortdramatime,shortdramatime,62,ID 7652904882000712705,Settling My Sister's Scor,解决我姐姐的冤屈,2026-06-19 09:01:36,80,8165356,6104,101.7,是 / Yes,Mother- & Daughter-in-Law、Family Disputes、Family Feud,婆婆和儿媳妇、家庭纠纷、家庭恩怨,"When a ruthless mafia boss discovers his twin sister has been brutally abused for eight years, he disguises himself as her to unleash absolute hell. This New Year’s Eve, her toxic husband is about to find out what real karma looks like.",,否 / No,,https://www.tiktok.com/@shortdramatime
shortdramatime,shortdramatime,shortdramatime,63,ID 7654390343584142337,"Betrayed at Birth: Goodbye, Toxic Husband",出生时的背叛：再见，有毒的丈夫,2026-06-23 09:05:25,80,6727389,7068,117.8,是 / Yes,Lost Child、Real/Fake Heir/Heiress、Family Feud,丢失的孩子、真/假继承人/女继承人、家庭恩怨,"Raised by a scavenger, a woman endures betrayal and divorce before finally reuniting with her powerful birth family and transforming her fate. But just as she claims the life that was stolen from her, another woman emerges carrying the same ancestral jade heirloom, igniting a fierce battle over the family's true heiress.",,否 / No,,https://www.tiktok.com/@shortdramatime
shortdramatime,shortdramatime,shortdramatime,64,ID 7647480410208769044,Rebirth of the Fierce Wife with Special Abilities,重生之特异能悍妻,2026-06-14 08:30:01,70,13636328,9376,156.3,是 / Yes,Family Feud、Revenge,家庭恩怨、复仇,"Reborn from a badass apocalypse commander into a ""useless"" heiress, she shocks high society by saving a ruthless billionaire and effortlessly crushing her enemies. He thinks he can tame her, but she’s the one making the rules now.",,否 / No,,https://www.tiktok.com/@shortdramatime
shortdramatime,shortdramatime,shortdramatime,65,ID 7655317454323700754,Miss Sophia's Radiant Life After Divorce,索菲亚小姐离婚后的辉煌生活,2026-06-26 08:00:00,74,1654113,9238,154.0,是 / Yes,Family Feud、Married Life、Reconciliation,家庭恩怨、婚姻生活、和解,"After divorcing her unfaithful husband who took her devotion for granted, once-doted wife Sophia rebuilds her life into a famous, wealthy influencer. Her ex regrets deeply, while a top tycoon spoils her relentlessly.",,否 / No,,https://www.tiktok.com/@shortdramatime
shortdramatime,shortdramatime,shortdramatime,66,ID 7655317378259227666,MY CROWN I WEAR MYSELF,我的王冠我自己戴,2026-06-26 08:00:01,70,810781,5797,96.6,是 / Yes,Revenge、Family Feud,复仇、家庭恩怨,"The wealthy heiress married a poor man she loved,but to be abandoned when she lost her baby and was left paralyzed in a car crash.With the help of her father ,she decided to revenge ang find back her dignity as a top-tier heiress.",,否 / No,,https://www.tiktok.com/@shortdramatime
shortdramatime,shortdramatime,shortdramatime,67,ID 7655317368159081479,A Requiem for My Remaining Days,我余下日子的安魂曲,2026-06-26 08:00:00,60,788978,6545,109.1,是 / Yes,Love After Divorce、Reconciliation、Family Feud,离婚后的爱情、和解、家庭恩怨,"For five years, Damien Crawford has blamed Lyra Ashford for his sister Chloe's death — imprisoning her, tormenting her, never knowing that Lyra secretly gave him her own kidney to save his life. But when the truth finally comes out on the day of his engagement, Lyra has only seven days left to live, and the woman who stole credit for her sacrifice is demanding her last remaining kidney.",,否 / No,,https://www.tiktok.com/@shortdramatime
shortdramatime,shortdramatime,shortdramatime,68,ID 7655317261376492552,I Announced Our Divorce at My Husband’s Birthday Banquet,我在丈夫的生日宴会上宣布离婚,2026-06-26 08:00:00,70,333376,7261,121.0,是 / Yes,Revenge、Family Feud,复仇、家庭恩怨,"After discovering her husband's 25-year secret affair and being called a ""glorified maid"" by her own son, a devoted housewife unleashes the ultimate revenge. At his lavish 60th birthday gala, she publicly exposes the cheaters, strips her ex-husband of his entire fortune, and leaves him bedridden and abandoned while she happily travels the world.",,否 / No,,https://www.tiktok.com/@shortdramatime
shortdramatime,shortdramatime,shortdramatime,69,ID 7648825138318070804,Umbilical Gambit,脐带策略,2026-06-08 09:09:19,76,123079273,7405,123.4,是 / Yes,Family Feud、Family & Ethics,家庭恩怨、家庭与道德,"As a placeholder wife pregnant with the billionaire family's golden heiress, my husband's toxic ex tried to murder my unborn baby to steal my throne. Little did she know, my 7-month-old fetus can communicate with me telepathically, and together, we are destroying the mistress from inside the womb.",,否 / No,,https://www.tiktok.com/@shortdramatime
shortdramatime,shortdramatime,shortdramatime,70,ID 7655317281664439304,Mistaken Flash Marriage,错误的闪婚,2026-06-26 08:00:00,65,874304,6532,108.9,是 / Yes,Love After Marriage、Family Feud、Married Life,婚后的爱情、家庭恩怨、婚姻生活,"Flash-married to a stranger whose face she never saw, Celeste unknowingly becomes her secret billionaire husband’s assistant, igniting a fiery office romance. After surviving endless framing and drama, they meet at the registry office to finalize their divorce—only to discover they’ve been madly in love with each other all along.",,否 / No,,https://www.tiktok.com/@shortdramatime
shortdramatime,shortdramatime,shortdramatime,71,ID 7649758609471050768,Before We Knew.,在我们知道之前。,2026-06-16 08:30:00,74,163080419,6066,101.1,是 / Yes,Married Life、City、Love After Marriage,婚姻生活、城市、婚后的爱情,"Two years after a marriage of convenience, two strangers fall deeply in love at work, completely oblivious that they are actually husband and wife. Facing corporate rivals and family pressure, they must unravel the ultimate identity mix-up to turn their fake vows into real love.",,否 / No,,https://www.tiktok.com/@shortdramatime
shortdramatime,shortdramatime,shortdramatime,72,ID 7647421244060931080,"I Got Married, and My Sister Too?",我结婚了，我妹妹也结婚了？,2026-06-12 13:01:04,67,23698444,6500,108.3,是 / Yes,Family Feud、Love Triangle、Married Life,家庭恩怨、三角恋、婚姻生活,"To win a massive cash reward, the Wilson sisters take on the role of “professional daughters-in-law” and marry into the wealthy Montgomery family.",,否 / No,,https://www.tiktok.com/@shortdramatime
shortdramatime,shortdramatime,shortdramatime,73,ID 7644112231864734727,My Boss Turned Into a Frenchie,我的老板变成了法国人,2026-05-27 08:30:01,30,842749,2802,46.7,是 / Yes,Fantasy、Romantic Complications、Superior and Inferior,奇幻、浪漫并发症、强弱逆袭,"A hopeless office worker stuck on the career fringe accidentally turns their cold, sharp-tongued CEO boss into a squat, short-legged French bulldog that only huffs and puffs and can barely run by day. As the boss reverts back to human form every night, they embark on a secret cohabitation. What follows is a dramatic journey of career comeback and sweet, playful ""pet training"" romance.",,否 / No,,https://www.tiktok.com/@shortdramatime
shortdramatime,shortdramatime,shortdramatime,74,ID 7655317399390032914,Three Years After the Breakup,分手三年后,2026-06-26 08:00:00,43,793871,4328,72.1,是 / Yes,Reconciliation、Revenge、Family Feud,和解、复仇、家庭恩怨,"To save his girlfriend’s bankrupt family, he sacrificed his empire and hid his terminal illness, breaking her heart to spare her the pain. Three years later, she ruthlessly torments her ""heartless"" ex out of spite, only to face devastating regret when his ultimate sacrifice is finally exposed.",,否 / No,,https://www.tiktok.com/@shortdramatime
shortdramatime,shortdramatime,shortdramatime,75,ID 7649289553932637205,My Dear Family,我亲爱的家人,2026-06-20 08:30:02,67,28273449,6901,115.0,是 / Yes,Lost Child、Family & Ethics、City,丢失的孩子、家庭与道德、城市,"A widowed mom raised two sons alone, losing the elder to a childhood drowning. Years later, her younger son kicked her out for his snobbish wife. Destitute, she dated a rich elderly man introduced by a little child.",,否 / No,,https://www.tiktok.com/@shortdramatime
shortdramatime,shortdramatime,shortdramatime,76,ID 7655317390569509896,So You Love Me,所以你爱我,2026-06-26 08:00:00,87,779902,5703,95.0,是 / Yes,Romantic Complications、Reconciliation、Family Feud,浪漫并发症、和解、家庭恩怨,"A wealthy girl once helped a poor young man, who kept the kindness in mind for a decade. Years later, their fates reversed. They crossed paths again but failed to recognize each other. When the truth came out and he tried to make amends, an accident tore them apart once more.",,否 / No,,https://www.tiktok.com/@shortdramatime
shortdramatime,shortdramatime,shortdramatime,77,ID 7650781622303773717,"My ""Foolish"" Husband Is A Billionaire",我的“愚蠢”丈夫是亿万富翁,2026-06-24 08:30:00,80,3150232,6456,107.6,是 / Yes,Romantic Complications、Family Feud、Childhood Sweethearts,浪漫并发症、家庭恩怨、青梅竹马,"""After being separated from her childhood sweetheart for twenty years, a woman who secretly holds the identity of the richest heiress mistakenly pours her love and resources into the wrong man, only to be betrayed on their wedding day. Heartbroken, she impulsively marries a seemingly foolish stranger—only to discover that he is the childhood sweetheart she has been searching for all along.""",,否 / No,,https://www.tiktok.com/@shortdramatime
shortdramatime,shortdramatime,shortdramatime,78,ID 7647758736953775124,"18 Months to Live, 18 Dunks to Go",只剩下 18 个月的生命，还有 18 次扣篮,2026-06-25 08:30:00,31,470582,2361,39.4,是 / Yes,Revenge、City,复仇、城市,"For decades belittled and exploited by her family, a hidden Shaolin kung fu housewife goes viral, exposes their cruel betrayal amid a false cancer diagnosis, cuts toxic ties, rebuilds her life, finds true love, and empowers oppressed women.",,否 / No,,https://www.tiktok.com/@shortdramatime
shortdramatime,shortdramatime,shortdramatime,79,ID 7650750717816329233,Devoted to You,献身于你,2026-06-24 12:30:01,78,12505202,7390,123.2,是 / Yes,Reconciliation、Romantic Complications、Family Feud,和解、浪漫并发症、家庭恩怨,"Five years after a one-night encounter, a billionaire CEO unknowingly reunites with the woman he has been searching for when their long-lost twins bring them together, forcing them to uncover a web of lies, stolen identities, and family betrayal before they can finally become a family.",,否 / No,,https://www.tiktok.com/@shortdramatime
shortdramatime,shortdramatime,shortdramatime,80,ID 7649369452001252372,Mutual Trust in Love,爱情中的相互信任,2026-06-21 08:30:00,35,6232346,2290,38.2,是 / Yes,Family & Ethics、Family Feud,家庭与道德、家庭恩怨,"After ten years of marriage, pregnant Luna was beaten to miscarry in a live stream by Vale’s delusional first love who thought she was a mistress.",,否 / No,,https://www.tiktok.com/@shortdramatime
shortdramatime,shortdramatime,shortdramatime,81,ID 7654018313718354951,Love in the Ashes of Hate,爱在仇恨的灰烬中,2026-06-22 09:02:10,85,1661003,8394,139.9,是 / Yes,Enemies to Lovers、Romantic Complications、Family Feud,从敌人到恋人、浪漫并发症、家庭恩怨,"Shortly after returning home, the male lead crosses paths with his sworn enemy by chance. Though consumed by deep-seated hatred for one another, they secretly harbour a long-buried love.",,否 / No,,https://www.tiktok.com/@shortdramatime
shortdramatime,shortdramatime,shortdramatime,82,ID 7644524716799054849,The Bodyguard Deal,保镖交易,2026-05-31 08:30:00,77,21113307,7541,125.7,是 / Yes,Family Disputes、Family Feud、Contract Lovers,家庭纠纷、家庭恩怨、合约爱好者,"Forced into a debt marriage, a girl is saved by a powerful man. They part over misunderstandings, yet years later she finds her masked husband is none other than him. After uncovering family conspiracies, the two reunite for good.",,否 / No,,https://www.tiktok.com/@shortdramatime
shortdramatime,shortdramatime,shortdramatime,83,ID 7655327475043570706,The heart he left behind,他留下的心,2026-06-26 08:00:00,80,2925720,5599,93.3,是 / Yes,Betrayal、Family Feud、Love After Marriage,背叛、家庭恩怨、婚后的爱情,"After discovering that Adrian Goldwell seduced her only to avenge his scheming stepsister Vivienne Sterling, a heartbroken Evelyn Linton accepts an arranged marriage to Sebastian Forrester. But her comatose groom has a secret of his own — and his love for her has been anything but fake.",,否 / No,,https://www.tiktok.com/@shortdramatime
shortdramatime,shortdramatime,shortdramatime,84,ID 7650766174237676565,He's Having Morning Sickness,他有孕吐症状,2026-06-24 16:30:00,79,1254215,7870,131.2,是 / Yes,City、Reconciliation、Family & Ethics,城市、和解、家庭与道德,"""After a fateful night leaves her pregnant with triplets, an adopted heiress struggling against her circumstances becomes bound by destiny to the enigmatic king of a powerful family, whose ancient blood oath leads him to protect, cherish, and ultimately help her blossom into the woman she was meant to be.""",,否 / No,,https://www.tiktok.com/@shortdramatime
shortdramatime,shortdramatime,shortdramatime,85,ID 7650786799569671189,Flash Romance,闪光浪漫,2026-06-25 12:30:01,60,2865212,6840,114.0,是 / Yes,Married Life、Family Feud、Love After Marriage,婚姻生活、家庭恩怨、婚后的爱情,"Forced to become a substitute bride for a comatose billionaire, ordinary girl is shocked to discover her ""vegetative"" husband is secretly awake! As they team up to crush her toxic family, their awkward cohabitation turns into an unstoppable, sizzling romance.",,否 / No,,https://www.tiktok.com/@shortdramatime
shortdramatime,shortdramatime,shortdramatime,86,ID 7649784329782629392,My Lucky Mommy: Pampered by the CEO,我的幸运妈咪：被总裁宠着,2026-06-18 08:30:01,80,23797149,6613,110.2,是 / Yes,Reconciliation、Family & Ethics、City,和解、家庭与道德、城市,"After a one-night fling with a cold magnate, a woman disappeared and left their baby with him. Years later, the girl he hired for his son proved to be their daughter, parted long ago by her serious illness.",,否 / No,,https://www.tiktok.com/@shortdramatime
shortdramatime,shortdramatime,shortdramatime,87,ID 7655317295501382664,Falling for the Tutor,爱上导师,2026-06-26 08:00:00,99,2957394,11186,186.4,是 / Yes,Enemies to Lovers、Romantic Complications、Family Feud,从敌人到恋人、浪漫并发症、家庭恩怨,"To gain a foothold in Alexander Sterling, Claire Bennett applies for a tutor position with the family. Using her wit, intelligence and courage, she wins over Leo Sterling, who is resistant to having a tutor. She and Alexander Sterling start off at loggerheads, yet gradually develop romantic feelings for each other.",,否 / No,,https://www.tiktok.com/@shortdramatime
shortdramatime,shortdramatime,shortdramatime,88,ID 7655317565606564871,When Clouds Clear Love's Moon Appears,当云开雾散时，爱的月亮出现,2026-06-26 08:00:00,73,392236,7678,128.0,是 / Yes,Workplace、Love After Marriage、Married Life,职场、婚后的爱情、婚姻生活,"Three years ago, Luna Sam agreed to a flash marriage with a mysterious CEO to save her father from debt. After the wedding, her husband went abroad, and they remained strangers for three years. Three years later, Luna Sam joined a law firm, and her new boss turned out to be the very CEO who had just returned. They worked closely together; he admired her competence, unaware that she was his nominal wife. It was only when he called his wife and noticed his assistant's phone ring at the same time that the couple—the closest of strangers—finally recognized each other.",,否 / No,,https://www.tiktok.com/@shortdramatime
shortdramatime,shortdramatime,shortdramatime,89,ID 7643797822810412053,Reborn Heiress: Revenge Against My Fake Family,重生女继承人：向假家族复仇,2026-05-26 17:30:00,40,3035129,2803,46.7,是 / Yes,Family Feud、Revenge,家庭恩怨、复仇,"The wronged genuine daughter is reborn after a tragic death. Her inner thoughts can be heard by her family. She teams up with her mother to punish villains, expose family scandals and take back her life. Those hidden voices embody her deep affection for her family.",,否 / No,,https://www.tiktok.com/@shortdramatime
shortdramatime,shortdramatime,shortdramatime,90,ID 7655317611898655752,Birth Trap on the Plane,飞机上的诞生陷阱,2026-06-26 08:00:01,39,6341127,2404,40.1,是 / Yes,Family & Ethics、City,家庭与道德、城市,"Reborn heiress Iris uncovers her husband Lucas, mistress Scarlett, and Vivian's plot to kill her for insurance. On the plane, they stage tricks like fake labor and drugging, but she videos and, with Dr. Kane, proves their lies. Desperate Lucas turns violent, leading to their arrest, and Iris rises triumphant.",,否 / No,,https://www.tiktok.com/@shortdramatime
shortdramatime,shortdramatime,shortdramatime,91,ID 7645197315439186965,Mr.Hargrove's Hidden Marriage,哈格罗夫先生的隐秘婚姻,2026-06-11 08:30:01,76,69282070,6507,108.5,是 / Yes,Family Feud、Contract Lovers、Romantic Complications,家庭恩怨、合约爱好者、浪漫并发症,"A woman takes a part-time job to save her orphanage and accidentally spends one night with a billionaire CEO. When she joins his company, she is shocked to discover he is her new boss—and she is pregnant. He secretly protects her, rewriting her proposals and carrying her to bed when she falls asleep, teaching her by day and loving her by night.",,否 / No,,https://www.tiktok.com/@shortdramatime
shortdramatime,shortdramatime,shortdramatime,92,ID 7655332647727633416,Sweet Wife Steals My Heart,甜蜜的妻子偷走了我的心,2026-06-26 08:00:00,81,864263,6916,115.3,是 / Yes,Contract Lovers、Family Feud、Married Life,合约爱好者、家庭恩怨、婚姻生活,"Agent Shian accidentally acquires the power of invisibility while stealing Eason’s ancestral sapphire. To get the lost sapphire back, she agrees to harsh terms and becomes Eason’s contract wife. On the night of their wedding ceremony, she uses her invisibility to sneak in and steal the gem. The invisibility power nearly leaves her completely naked in front of all the guests, but Eason saves her just in time. The close call almost gives away her identity as a secret agent.",,否 / No,,https://www.tiktok.com/@shortdramatime
shortdramatime,shortdramatime,shortdramatime,93,ID 7647472783563346965,Perfect Timing of His Love,他的爱的完美时机,2026-06-13 08:30:01,78,153147598,6256,104.3,是 / Yes,Romantic Complications、Reconciliation、City,浪漫并发症、和解、城市,"Six years ago, a young woman shared one passionate night with a powerful billionaire. Fearing he would see her as a gold-digger, she fled—unaware she carried his child.",,否 / No,,https://www.tiktok.com/@shortdramatime
shortdramatime,shortdramatime,shortdramatime,94,ID 7655317363663393799,Incurable,不治之症,2026-06-26 08:00:00,61,397234,5785,96.4,是 / Yes,Forced Love、Family Feud、Reconciliation,强迫的爱、家庭恩怨、和解,"A dramatic love story full of twists: the heroine flees her controlling partner and tries to restart her life, yet his sudden return leads to tangled bonds where they become each other’s only cure.",,否 / No,,https://www.tiktok.com/@shortdramatime
shortdramatime,shortdramatime,shortdramatime,95,ID 7655317438027830280,"The True Heiress Is Done Pretending, and Her Family Regrets It to the Core",真正的女继承人已经不再装了，她的家人后悔极了,2026-06-26 08:00:00,83,2737393,8680,144.7,是 / Yes,Real/Fake Heir/Heiress、Family Feud、Childhood Sweethearts,真/假继承人/女继承人、家庭恩怨、青梅竹马,"A policewoman reincarnates as the wronged real daughter, avenges herself, uncovers her past death’s truth, and is fiercely pursued by her childhood lover.",,否 / No,,https://www.tiktok.com/@shortdramatime
shortdramatime,shortdramatime,shortdramatime,96,ID 7645190494275769352,Stealing Kisses From the Moon,偷走月亮的吻,2026-05-29 14:05:08,73,4087978,6449,107.5,是 / Yes,Family Disputes、Family Feud、Reconciliation,家庭纠纷、家庭恩怨、和解,"Orphaned at an early age, the female lead was taken in by a business tycoon. Affection gradually grows between them over years of companionship. An unexpected incident pushes their relationship to a new level. She falls victim to repeated schemes and plots. Past events bring misunderstandings and estrangement. After going through hardships and uncovering the truth, they confirm their true feelings, fight conspiracies side by side and gain a warm and happy love.",,否 / No,,https://www.tiktok.com/@shortdramatime
shortdramatime,shortdramatime,shortdramatime,97,ID 7648825629827732501,Reborn: My Best Friend Stole My Baby,重生：我最好的朋友偷走了我的孩子,2026-06-08 09:10:52,40,5687949,2246,37.4,是 / Yes,Family & Ethics、City、Love Triangle,家庭与道德、城市、三角恋,"Reborn on the day of genetic selection, Seraphina lets her backstabbing best friend take the elite genes that lead to a deadly experiment plan, while she picks genes from a mixed-race model. She finally destroys her enemy’s eternal life scheme and breaks the cruel fate forever.",,否 / No,,https://www.tiktok.com/@shortdramatime
shortdramatime,shortdramatime,shortdramatime,98,ID 7647714309090956309,Now I'm Dating His Brother,现在我正在和他的兄弟约会,2026-06-05 09:18:50,68,5342965,7912,131.9,是 / Yes,Reconciliation、Romantic Complications、Family Feud,和解、浪漫并发症、家庭恩怨,"Sophia was abducted by a mysterious figure in a car accident right before her wedding with Charles three years ago. She returns years later posing as his sibling, encountering the obsessive Charles who has clung to her memorial tablet. A turbulent noble romance unfolds amid male rivalry, power struggles and schemes, as the buried truth slowly comes to light.",,否 / No,,https://www.tiktok.com/@shortdramatime
shortdramatime,shortdramatime,shortdramatime,99,ID 7638913386650113041,My Billionaire Farm Cowboy,我的亿万富翁农场牛仔,2026-05-12 17:43:14,19,5099441,1543,25.7,是 / Yes,Love After Marriage、Romantic Complications、Family Feud,婚后的爱情、浪漫并发症、家庭恩怨,"Ivy, a Texas farm girl, accidentally causes the amnesiac tycoon Colton to lose his memory while trying to stop his conglomerate from seizing her family farm, so she lies that he is her devoted cowboy boyfriend. To her surprise, the once cold-hearted CEO becomes a sexy, tough protector of the farm. As their fake relationship gradually turns real, they ultimately save both love and the homestead.",,否 / No,,https://www.tiktok.com/@shortdramatime
shortdramatime,shortdramatime,shortdramatime,100,ID 7655317531280167954,The Caged Bird Strikes,笼中鸟来袭,2026-06-26 08:00:00,42,1189266,3350,55.8,是 / Yes,Family Disputes、City、Mistaken Identities,家庭纠纷、城市、错误的身份,"After spending five years in prison for protecting her in-laws from an armed attack on her wedding night, Victoria Sterling returns to the Hawthorne empire — only to find a scheming woman has taken her place. With razor-sharp wit and ice-cold patience, she dismantles every trap set against her, exposing the parasite within and reclaiming her throne as the true queen of the Hawthorne dynasty.",,否 / No,,https://www.tiktok.com/@shortdramatime
shortdramatime,shortdramatime,shortdramatime,101,ID 7618843833321280533,Code Blue Romance,蓝色代码浪漫,2026-03-24 12:30:17,26,2130532,3326,55.4,是 / Yes,Contract Lovers、Love After Divorce、Family Feud,合约爱好者、离婚后的爱情、家庭恩怨,"Emily, a medical student in desperate need of funds for her grandmother's treatment, meets cardiac surgeon Dr. Carter, who relies on her presence to overcome his surgical anxieties. From a transactional start, their bond deepens amidst interference from exes and family tragedy. After weathering lies and separation, they ultimately reunite, choosing to face life's challenges together.",,否 / No,,https://www.tiktok.com/@shortdramatime
shortdramatime,shortdramatime,shortdramatime,102,ID 7632163083276014609,Taming My Primal Protector,驯服我的原始保护者,2026-04-27 14:06:52,47,22187335,3363,56.0,是 / Yes,Survival、Romantic Complications,生存、浪漫并发症,"Ye Qingxin, a botanist, travels back to the ancient times. She narrowly escapes being eaten by a wild beast right after her arrival, but is luckily rescued by Qi, a strong and handsome savage chief. Qi takes her back to his home and insists that she become his woman. Ye Qingxin expects the savage tribe to lack food and clothing, yet her domineering and wild husband, besides hunting wild beasts, dotes on her endlessly. Under the protection of her savage husband, Ye Qingxin builds a powerful tribe",,否 / No,,https://www.tiktok.com/@shortdramatime
shortdramatime,shortdramatime,shortdramatime,103,ID 7618880209336636432,Notes of a 7-Day Hunt,7天狩猎笔记,2026-03-24 12:30:28,56,122689399,5205,86.8,是 / Yes,Revenge、Family Feud,复仇、家庭恩怨,"Using an alias, Mia infiltrates the Julian's family to take revenge on Victoria, the enemy responsible for her parents' death. She exploits Julian's resentment towards Victoria, sowing discord between them and exposing Victoria's crimes, such as infidelity and the murder of Julian's father. Through her masterful schemes, Mia isolates Victoria, leaving her abandoned by all. In the end, a desperate Victoria falls from a building, is left paralyzed.",,否 / No,,https://www.tiktok.com/@shortdramatime
fz8fjg1,The Long Silence_Trending_B,The Long Silence_Trending_B,1,ID 7651993113203954696,The Janitor Was a Legendary Surgeon,看门人是一位传奇外科医生,2026-06-16 22:02:21,30,189870,2385,39.8,是 / Yes,Mistaken Identities、Medical Drama、City,错误的身份、医疗剧、城市,The Janitor Was a Legendary Surgeon,,否 / No,,https://www.tiktok.com/@fz8fjg1
fz8fjg1,The Long Silence_Trending_B,The Long Silence_Trending_B,2,ID 7650477614616007687,The Secret of the Perfect Father in Law,完美岳父的秘密,2026-06-12 20:01:17,34,273546,1740,29.0,是 / Yes,Revenge、Family Feud,复仇、家庭恩怨,The Secret of the Perfect Father in Law,,否 / No,,https://www.tiktok.com/@fz8fjg1
fz8fjg1,The Long Silence_Trending_B,The Long Silence_Trending_B,3,ID 7652240597319209992,BLOODBALLOT,血球,2026-06-17 14:02:31,32,189399,3610,60.2,是 / Yes,Political Intrigue、Survival、Ensemble Cast,政治阴谋、生存、群像,BLOODBALLOT,,否 / No,,https://www.tiktok.com/@fz8fjg1
fz8fjg1,The Long Silence_Trending_B,The Long Silence_Trending_B,4,ID 7652008491980510216,My Wife Is a Mafia Boss,我的妻子是黑手党老大,2026-06-16 23:01:57,30,275794,2345,39.1,是 / Yes,Action、City,行动、城市,My Wife Is a Mafia Boss,,否 / No,,https://www.tiktok.com/@fz8fjg1
fz8fjg1,The Long Silence_Trending_B,The Long Silence_Trending_B,5,ID 7651853753175299079,Can a mortal win the bone queen,凡人能赢得白骨女王吗,2026-06-16 13:01:19,31,217946,3109,51.8,是 / Yes,dark romance、Romantic Complications、Fantasy,黑暗浪漫、浪漫并发症、奇幻,Can a mortal win the bone queen,,否 / No,,https://www.tiktok.com/@fz8fjg1
fz8fjg1,The Long Silence_Trending_B,The Long Silence_Trending_B,6,ID 7656909795962016776,Hack My Heart: The Anonymous Wife,破解我的心：无名妻子,2026-06-30 04:01:27,32,185988,2622,43.7,是 / Yes,Reconciliation、Crime、City,和解、犯罪、城市,Hack My Heart: The Anonymous Wife,,否 / No,,https://www.tiktok.com/@fz8fjg1
fz8fjg1,The Long Silence_Trending_B,The Long Silence_Trending_B,7,ID 7651992963530363922,Reborn to Steal the Apocalypse King,重生偷天启王,2026-06-16 22:01:47,40,180137,2504,41.7,是 / Yes,Romantic Complications、End-of-the-World、Reconciliation,浪漫并发症、世界末日、和解,Reborn to Steal the Apocalypse King,,否 / No,,https://www.tiktok.com/@fz8fjg1
fz8fjg1,The Long Silence_Trending_B,The Long Silence_Trending_B,8,ID 7630187732521915408,The Karma Countdown,业力倒计时,2026-04-25 16:17:41,21,355666,1428,23.8,是 / Yes,Revenge、Ensemble Cast、Fantasy,复仇、群像、奇幻,The Karma Countdown,,否 / No,,https://www.tiktok.com/@fz8fjg1
fz8fjg1,The Long Silence_Trending_B,The Long Silence_Trending_B,9,ID 7651436276029592584,Tearing the Veil_ The Billionaire's Hidden Bride,揭开面纱_亿万富翁的隐藏新娘,2026-06-15 10:01:19,30,432492,1643,27.4,是 / Yes,Married Life、Contract Lovers、Family Feud,婚姻生活、合约爱好者、家庭恩怨,Tearing the Veil_ The Billionaire's Hidden Bride,,否 / No,,https://www.tiktok.com/@fz8fjg1
fz8fjg1,The Long Silence_Trending_B,The Long Silence_Trending_B,10,ID 7655255315310515207,The Werid Residence Journal,韦里德居住日记,2026-06-25 17:01:12,28,417884,3162,52.7,是 / Yes,Family Feud、Superior and Inferior、Mystery,家庭恩怨、强弱逆袭、神秘,The Werid Residence Journal,,否 / No,,https://www.tiktok.com/@fz8fjg1
fz8fjg1,The Long Silence_Trending_B,The Long Silence_Trending_B,11,ID 7629758973369898005,Patient Zero,零号病人,2026-04-25 16:14:57,36,404116,2182,36.4,是 / Yes,Revenge、End-of-the-World、Love Triangle,复仇、世界末日、三角恋,Patient Zero,,否 / No,,https://www.tiktok.com/@fz8fjg1
fz8fjg1,The Long Silence_Trending_B,The Long Silence_Trending_B,12,ID 7657891605281805320,Jamais Sua Escrava,贾迈斯·苏阿·埃斯克拉瓦,2026-07-03 14:34:15,50,153602,3616,60.3,是 / Yes,Superior and Inferior、Revenge、Celebrity,强弱逆袭、复仇、名人,Jamais Sua Escrava,,否 / No,,https://www.tiktok.com/@fz8fjg1
fz8fjg1,The Long Silence_Trending_B,The Long Silence_Trending_B,13,ID 7650678731707044871,Awakened: The Vampire Queen's Revenge,觉醒：吸血鬼女王的复仇,2026-06-13 09:01:35,30,175590,1639,27.3,是 / Yes,Mistaken Identities、Romantic Complications、Fantasy,错误的身份、浪漫并发症、奇幻,Awakened: The Vampire Queen's Revenge,,否 / No,,https://www.tiktok.com/@fz8fjg1
fz8fjg1,The Long Silence_Trending_B,The Long Silence_Trending_B,14,ID 7650347722901378055,Chained by the Gods：The Pharaoh and the Beast,众神锁链：法老与野兽,2026-06-12 11:37:14,29,256516,3064,51.1,是 / Yes,Romantic Complications、Fantasy、Reconciliation,浪漫并发症、奇幻、和解,Chained by the Gods：The Pharaoh and the Beast,,否 / No,,https://www.tiktok.com/@fz8fjg1
fz8fjg1,The Long Silence_Trending_B,The Long Silence_Trending_B,15,ID 7630174172383106065,Seven Days in Blackstone,黑石七日,2026-04-25 16:16:22,25,1245526,1653,27.6,是 / Yes,Lost Child、Revenge、Survival,丢失的孩子、复仇、生存,Seven Days in Blackstone,,否 / No,,https://www.tiktok.com/@fz8fjg1
fz8fjg1,The Long Silence_Trending_B,The Long Silence_Trending_B,16,ID 7615963903448880135,The Half Zombie Girl,半僵尸少女,2026-03-15 11:45:12,59,4618855,3380,56.3,是 / Yes,Ensemble Cast、Adventure、End-of-the-World,群像、冒险、世界末日,The Half Zombie Girl,,否 / No,,https://www.tiktok.com/@fz8fjg1
fz8fjg1,The Long Silence_Trending_B,The Long Silence_Trending_B,17,ID 7656900506262066184,Ambrosia-Kingdom of Fruit Hearts,Ambrosia-果心王国,2026-06-30 03:25:26,30,182862,1672,27.9,是 / Yes,Reconciliation、Romantic Complications、Royal Palace,和解、浪漫并发症、皇宫,Ambrosia-Kingdom of Fruit Hearts,,否 / No,,https://www.tiktok.com/@fz8fjg1
fz8fjg1,The Long Silence_Trending_B,The Long Silence_Trending_B,18,ID 7650348921918870536,Blood Reckoning: The Vampire's Revenge,血的清算：吸血鬼的复仇,2026-06-12 11:41:47,30,321388,2010,33.5,是 / Yes,Lost Child、Crime、Vampire,丢失的孩子、犯罪、吸血鬼,Blood Reckoning: The Vampire's Revenge,,否 / No,,https://www.tiktok.com/@fz8fjg1
fz8fjg1,The Long Silence_Trending_B,The Long Silence_Trending_B,19,ID 7616237016661120007,The Half Zombie Girl,半僵尸少女,2026-03-15 11:54:11,59,2043653,3380,56.3,是 / Yes,End-of-the-World、Ensemble Cast、Adventure,世界末日、群像、冒险,The Half Zombie Girl,,否 / No,,https://www.tiktok.com/@fz8fjg1
fz8fjg1,The Long Silence_Trending_B,The Long Silence_Trending_B,20,ID 7651993209459053586,Primal Rising,原始崛起,2026-06-16 22:02:41,30,396610,2479,41.3,是 / Yes,Adventure、City,冒险、城市,Primal Rising,,否 / No,,https://www.tiktok.com/@fz8fjg1
fz8fjg1,The Long Silence_Trending_B,The Long Silence_Trending_B,21,ID 7615962809926620167,Fuga da era zumbi,风雅时代尊比,2026-03-16 21:56:14,49,795452,3015,50.2,是 / Yes,Revenge、Redemption、End-of-the-World,复仇、赎回、世界末日,Escape from the Zombie Age,,否 / No,,https://www.tiktok.com/@fz8fjg1
fz8fjg1,The Long Silence_Trending_B,The Long Silence_Trending_B,22,ID 7650349569125176328,Streets of Blood_ The King's Retribution,血腥街道_王者的报应,2026-06-12 11:44:23,29,811483,1861,31.0,是 / Yes,Lost Child、Revenge、City,丢失的孩子、复仇、城市,Streets of Blood_ The King's Retribution,,否 / No,,https://www.tiktok.com/@fz8fjg1
fz8fjg1,The Long Silence_Trending_B,The Long Silence_Trending_B,23,ID 7652256089425236999,Trapped in Hell's Elevator,被困在地狱电梯里,2026-06-17 15:02:46,37,315564,2363,39.4,是 / Yes,Ensemble Cast、Adventure、Fantasy,群像、冒险、奇幻,Trapped in Hell's Elevator,,否 / No,,https://www.tiktok.com/@fz8fjg1
fz8fjg1,The Long Silence_Trending_B,The Long Silence_Trending_B,24,ID 7640587614608708615,Reduced to Prey: The Mad Hunters' Doomsday Obsession,沦为猎物：疯狂猎人对末日的痴迷,2026-06-29 23:42:19,30,196680,1674,27.9,是 / Yes,Action、Challenge/Quests in Game,行动、游戏中的挑战/任务,Reduced to Prey: The Mad Hunters' Doomsday Obsession,,否 / No,,https://www.tiktok.com/@fz8fjg1
fz8fjg1,The Long Silence_Trending_B,The Long Silence_Trending_B,25,ID 7630168365843371028,Gorgon Blood: A Small Town Apocalypse,戈尔贡之血：小镇启示录,2026-04-25 16:15:43,24,784952,1953,32.5,是 / Yes,Revenge、End-of-the-World、Reconciliation,复仇、世界末日、和解,Gorgon Blood: A Small Town Apocalypse,,否 / No,,https://www.tiktok.com/@fz8fjg1
fz8fjg1,The Long Silence_Trending_B,The Long Silence_Trending_B,26,ID 7650353939526734856,I Turned My Lover Into Stone,我把我的爱人变成了石头,2026-06-12 13:01:03,30,353556,2660,44.3,是 / Yes,dark romance、Romantic Complications、Fantasy,黑暗浪漫、浪漫并发症、奇幻,I Turned My Lover Into Stone,,否 / No,,https://www.tiktok.com/@fz8fjg1
fz8fjg1,The Long Silence_Trending_B,The Long Silence_Trending_B,27,ID 7651993010590454792,The Aurora Gaze,极光凝视,2026-06-16 22:01:58,28,164360,2004,33.4,是 / Yes,Fantasy、Political Intrigue、Mistaken Identities,奇幻、政治阴谋、错误的身份,The Aurora Gaze,,否 / No,,https://www.tiktok.com/@fz8fjg1
fz8fjg1,The Long Silence_Trending_B,The Long Silence_Trending_B,28,ID 7630718306642613269,My Husband Came Back Wrong,我丈夫回来错了,2026-04-23 13:42:14,25,323679,1937,32.3,是 / Yes,Mystery、Redemption、Fantasy,神秘、赎回、奇幻,Would you hide your flesh-eating dead husband?,,否 / No,,https://www.tiktok.com/@fz8fjg1
sangaaxdiln,Premium Episode.Drama.J,Premium Episode.Drama.J,1,ID 7657977023381509128,My Hockey Captain's Twin Brother Knows,我的曲棍球队长的双胞胎兄弟知道,2026-07-03 01:03:08,35,330900,2300,38.3,是 / Yes,Romantic Complications、Love Triangle,浪漫并发症、三角恋,My Hockey Captain's Twin Brother Knows,,否 / No,,https://www.tiktok.com/@sangaaxdiln
sangaaxdiln,Premium Episode.Drama.J,Premium Episode.Drama.J,2,ID 7654374528637932551,Bullet Rain,子弹雨,2026-06-23 08:03:25,31,180134,1944,32.4,是 / Yes,Mystery、City,神秘、城市,A cop guards a secret witness and fights corrupt cops and killers in an abandoned tower.,,否 / No,,https://www.tiktok.com/@sangaaxdiln
sangaaxdiln,Premium Episode.Drama.J,Premium Episode.Drama.J,3,ID 7655565291518432274,Mother's Instinct: The 72-Hour Train,母亲的本能：72小时的火车,2026-06-26 13:04:12,35,319882,2466,41.1,是 / Yes,Adventure、Fantasy、Lost Child,冒险、奇幻、丢失的孩子,Mother's Instinct: The 72-Hour Train,,否 / No,,https://www.tiktok.com/@sangaaxdiln
sangaaxdiln,Premium Episode.Drama.J,Premium Episode.Drama.J,4,ID 7655580310016480264,Humanity Tax The Last Pulse,人类税最后的脉搏,2026-06-26 14:02:29,31,243847,2049,34.1,是 / Yes,Challenge/Quests in Game、Lost Child、Adventure,游戏中的挑战/任务、丢失的孩子、冒险,Jack awakens a system to save his sister in a zombie-ruled wasteland.,,否 / No,,https://www.tiktok.com/@sangaaxdiln
sangaaxdiln,Premium Episode.Drama.J,Premium Episode.Drama.J,5,ID 7656972098799244306,You Messed With THe Wrong Veteran,你惹错了退伍军人,2026-06-30 08:03:10,40,322008,2142,35.7,是 / Yes,Lost Child、City、Courtroom Drama,丢失的孩子、城市、法庭剧,You Messed With THe Wrong Veteran,,否 / No,,https://www.tiktok.com/@sangaaxdiln
sangaaxdiln,Premium Episode.Drama.J,Premium Episode.Drama.J,6,ID 7654390155863856136,X-Ray Tycoon-Flipping a Billion-Dollar Empire,X射线大亨——翻转十亿美元帝国,2026-06-23 09:04:12,60,617876,4634,77.2,是 / Yes,Business Competition、City,商业竞赛、城市,X-Ray Tycoon-Flipping a Billion-Dollar Empire,,否 / No,,https://www.tiktok.com/@sangaaxdiln
sangaaxdiln,Premium Episode.Drama.J,Premium Episode.Drama.J,7,ID 7656909790861612050,Hack My Heart: The Anonymous Wife,破解我的心：无名妻子,2026-06-30 04:01:28,32,200704,2622,43.7,是 / Yes,Mistaken Identities、Business Competition、City,错误的身份、商业竞赛、城市,Hack My Heart: The Anonymous Wife,,否 / No,,https://www.tiktok.com/@sangaaxdiln
sangaaxdiln,Premium Episode.Drama.J,Premium Episode.Drama.J,8,ID 7655535683658077202,The Outcast Billionaire of Mumbai,孟买被遗弃的亿万富翁,2026-06-26 11:09:21,44,197184,2887,48.1,是 / Yes,Celebrity,名人,The Outcast Billionaire of Mumbai,,否 / No,,https://www.tiktok.com/@sangaaxdiln
sangaaxdiln,Premium Episode.Drama.J,Premium Episode.Drama.J,9,ID 7655626413093196808,The Official Obituary,官方讣告,2026-06-26 17:01:30,31,319358,2177,36.3,是 / Yes,City、Superior and Inferior、Political Intrigue,城市、强弱逆袭、政治阴谋,A clerk writes fake obituaries and uncovers a deadly official conspiracy.,,否 / No,,https://www.tiktok.com/@sangaaxdiln
sangaaxdiln,Premium Episode.Drama.J,Premium Episode.Drama.J,10,ID 7655472105605125127,Beneath,下面,2026-06-26 07:02:24,31,324922,2239,37.3,是 / Yes,End-of-the-World、Ensemble Cast、Adventure,世界末日、群像、冒险,Miners trapped underground uncover ancient zombie virus cycle and find salvation.,,否 / No,,https://www.tiktok.com/@sangaaxdiln
sangaaxdiln,Premium Episode.Drama.J,Premium Episode.Drama.J,11,ID 7656911651274265608,The Alpha's Kitten Rescue,阿尔法小猫救援,2026-06-30 04:15:30,51,319124,3190,53.2,是 / Yes,Romantic Complications、Werewolf、Mistaken Identities,浪漫并发症、狼人、错误的身份,A wolf Alpha hides identity as a poor man to win a kind human cat lover.,,否 / No,,https://www.tiktok.com/@sangaaxdiln
sangaaxdiln,Premium Episode.Drama.J,Premium Episode.Drama.J,12,ID 7658409640291668999,The Price of Desire,欲望的代价,2026-07-04 05:01:55,36,339804,2518,42.0,是 / Yes,Family Feud、Romantic Complications、Lost Child,家庭恩怨、浪漫并发症、丢失的孩子,The Price of Desire,,否 / No,,https://www.tiktok.com/@sangaaxdiln
sangaaxdiln,Premium Episode.Drama.J,Premium Episode.Drama.J,13,ID 7658100344605643784,The Great Wall's American Boss,长城的美国老板,2026-07-03 09:01:40,36,339087,2993,49.9,是 / Yes,Adventure、Enemies to Lovers、Fantasy,冒险、从敌人到恋人、奇幻,The Great Wall's American Boss,,否 / No,,https://www.tiktok.com/@sangaaxdiln
sangaaxdiln,Premium Episode.Drama.J,Premium Episode.Drama.J,14,ID 7654374382894224392,Reborn on Station Omega,在欧米茄站重生,2026-06-23 08:02:42,31,222022,2334,38.9,是 / Yes,Superior and Inferior、Mystery、Fantasy,强弱逆袭、神秘、奇幻,Reborn on Station Omega,,否 / No,,https://www.tiktok.com/@sangaaxdiln
sangaaxdiln,Premium Episode.Drama.J,Premium Episode.Drama.J,15,ID 7655595784553714706,Twin Alphas Forbidden Mate,双子阿尔法禁忌伴侣,2026-06-26 15:03:02,40,323520,2750,45.8,是 / Yes,Romantic Complications、Love Triangle、Werewolf,浪漫并发症、三角恋、狼人,Twin Alphas Forbidden Mate,,否 / No,,https://www.tiktok.com/@sangaaxdiln
sangaaxdiln,Premium Episode.Drama.J,Premium Episode.Drama.J,16,ID 7655518366098445330,The Lab Partner Protocol,实验室合作伙伴协议,2026-06-26 10:02:07,32,152865,1850,30.8,是 / Yes,Love Life of Ordinary People,普通人的爱情生活,The Lab Partner Protocol,,否 / No,,https://www.tiktok.com/@sangaaxdiln
sangaaxdiln,Premium Episode.Drama.J,Premium Episode.Drama.J,17,ID 7657991568577582087,The Perfect Crash,完美的崩溃,2026-07-03 02:01:13,31,343068,1999,33.3,是 / Yes,City、Mistaken Identities、Revenge,城市、错误的身份、复仇,Reborn Logan chases the rich criminal who framed him across two continents.,,否 / No,,https://www.tiktok.com/@sangaaxdiln
sangaaxdiln,Premium Episode.Drama.J,Premium Episode.Drama.J,18,ID 7654389973709394962,The Driver Who Bought His Boss,买下老板的司机,2026-06-23 09:03:13,21,148824,1506,25.1,是 / Yes,Sudden Wealth、Mistaken Identities、Family Feud,暴富、错误的身份、家庭恩怨,"Homeless driver inherits billions, revenge begins",,否 / No,,https://www.tiktok.com/@sangaaxdiln
sangaaxdiln,Premium Episode.Drama.J,Premium Episode.Drama.J,19,ID 7658100400285029384,The Time Lottery,时间彩票,2026-07-03 09:01:50,31,215792,1746,29.1,是 / Yes,Fantasy、Ensemble Cast、Revenge,奇幻、群像、复仇,Luke avenges his friend and destroys the cruel lifespan extraction system in floating city.,,否 / No,,https://www.tiktok.com/@sangaaxdiln
sangaaxdiln,Premium Episode.Drama.J,Premium Episode.Drama.J,20,ID 7658208598467712008,FATHER'S LEGACY,父亲的遗产,2026-07-03 16:01:53,50,326616,3424,57.1,是 / Yes,Family Disputes、City、Lost Child,家庭纠纷、城市、丢失的孩子,FATHER'S LEGACY,,否 / No,,https://www.tiktok.com/@sangaaxdiln
sangaaxdiln,Premium Episode.Drama.J,Premium Episode.Drama.J,21,ID 7656901154936361992,The Hunter's Captive Prince,猎人的俘虏王子,2026-06-30 03:27:55,30,161093,1687,28.1,是 / Yes,Revenge、Enemies to Lovers、Cultivation,复仇、从敌人到恋人、栽培,The Hunter's Captive Prince,,否 / No,,https://www.tiktok.com/@sangaaxdiln
sangaaxdiln,Premium Episode.Drama.J,Premium Episode.Drama.J,22,ID 7654359099442254855,My Fluffy Alpha Husband,我的毛茸茸的阿尔法丈夫,2026-06-23 07:03:31,37,403890,2954,49.2,是 / Yes,Revenge、Werewolf、dark romance,复仇、狼人、黑暗浪漫,My Fluffy Alpha Husband,,否 / No,,https://www.tiktok.com/@sangaaxdiln
sangaaxdiln,Premium Episode.Drama.J,Premium Episode.Drama.J,23,ID 7656900261142696978,The Maid’s Daughter Stole My Mansion,女仆的女儿偷了我的豪宅,2026-06-30 03:24:30,50,342724,4140,69.0,是 / Yes,Master-Servant Love、Family Feud、Family Disputes,主仆之爱、家庭恩怨、家庭纠纷,The Maid’s Daughter Stole My Mansion,,否 / No,,https://www.tiktok.com/@sangaaxdiln
sangaaxdiln,Premium Episode.Drama.J,Premium Episode.Drama.J,24,ID 7655549841820603410,How to Tame a She-Wolf,如何驯服母狼,2026-06-26 12:04:18,35,1178522,2735,45.6,是 / Yes,Enemies to Lovers、Adventure、Fantasy,从敌人到恋人、冒险、奇幻,How to Tame a She-Wolf,,否 / No,,https://www.tiktok.com/@sangaaxdiln
sangaaxdiln,Premium Episode.Drama.J,Premium Episode.Drama.J,25,ID 7655502899757274130,All In,全部投入,2026-06-26 09:01:56,30,168983,2659,44.3,是 / Yes,Revenge、City,复仇、城市,All In,,否 / No,,https://www.tiktok.com/@sangaaxdiln
sangaaxdiln,Premium Episode.Drama.J,Premium Episode.Drama.J,26,ID 7657977201626764295,The Freshman,新生,2026-07-03 01:03:45,30,164664,2304,38.4,是 / Yes,Mistaken Identities、Revenge、Family Feud,错误的身份、复仇、家庭恩怨,The Freshman,,否 / No,,https://www.tiktok.com/@sangaaxdiln
sangaaxdiln,Premium Episode.Drama.J,Premium Episode.Drama.J,27,ID 7654390339092091922,Bitten by Revenge,被复仇咬伤,2026-06-23 09:04:47,22,204408,1485,24.8,是 / Yes,Revenge、End-of-the-World,复仇、世界末日,He locked his betrayers out to face zombies.,,否 / No,,https://www.tiktok.com/@sangaaxdiln
sangaaxdiln,Premium Episode.Drama.J,Premium Episode.Drama.J,28,ID 7657977007968179207,Shackled Love,束缚的爱,2026-07-03 01:03:03,34,322197,2215,36.9,是 / Yes,Romantic Complications、Enemies to Lovers,浪漫并发症、从敌人到恋人,Shackled Love,,否 / No,,https://www.tiktok.com/@sangaaxdiln
sangaaxdiln,Premium Episode.Drama.J,Premium Episode.Drama.J,29,ID 7654992504885990408,The Super Consumer,超级消费者,2026-06-25 00:01:30,50,480525,3157,52.6,是 / Yes,Adventure、Fantasy,冒险、奇幻,The Super Consumer,,否 / No,,https://www.tiktok.com/@sangaaxdiln
sangaaxdiln,Premium Episode.Drama.J,Premium Episode.Drama.J,30,ID 7655518386721575954,His Couture,他的时装,2026-06-26 10:02:06,32,179130,2127,35.5,是 / Yes,Contract Lovers、Romantic Complications、City,合约爱好者、浪漫并发症、城市,His Couture,,否 / No,,https://www.tiktok.com/@sangaaxdiln
sangaaxdiln,Premium Episode.Drama.J,Premium Episode.Drama.J,31,ID 7655535661121950727,Blood Ledger,血色账本,2026-06-26 11:09:10,30,158153,1726,28.8,是 / Yes,City、Superior and Inferior、Family Disputes,城市、强弱逆袭、家庭纠纷,Blood Ledger,,否 / No,,https://www.tiktok.com/@sangaaxdiln
sangaaxdiln,Premium Episode.Drama.J,Premium Episode.Drama.J,32,ID 7655471898746344466,A Clumsy Succubus Won’t Let Me Graduate,笨拙的魅魔不会让我毕业,2026-06-26 07:01:38,36,188475,2647,44.1,是 / Yes,Romantic Complications、Fantasy,浪漫并发症、奇幻,A Clumsy Succubus Won’t Let Me Graduate,,否 / No,,https://www.tiktok.com/@sangaaxdiln
sangaaxdiln,Premium Episode.Drama.J,Premium Episode.Drama.J,33,ID 7656912176447722504,Borrowed Wife,借来的妻子,2026-06-30 04:16:09,77,317317,6047,100.8,是 / Yes,City、Contract Lovers、Family & Ethics,城市、合约爱好者、家庭与道德,Borrowed Wife,,否 / No,,https://www.tiktok.com/@sangaaxdiln
sangaaxdiln,Premium Episode.Drama.J,Premium Episode.Drama.J,34,ID 7654466848721097746,Algorithm Game,算法游戏,2026-06-23 14:01:36,31,322964,1777,29.6,是 / Yes,City、Superior and Inferior、Sudden Wealth,城市、强弱逆袭、暴富,Algorithm Game,,否 / No,,https://www.tiktok.com/@sangaaxdiln
sangaaxdiln,Premium Episode.Drama.J,Premium Episode.Drama.J,35,ID 7654358976292983816,You Don't Even Qualify,你连资格都没有,2026-06-23 07:03:07,40,405886,2481,41.4,是 / Yes,Romantic Complications、Family Feud,浪漫并发症、家庭恩怨,You Don't Even Qualify,,否 / No,,https://www.tiktok.com/@sangaaxdiln
sangaaxdiln,Premium Episode.Drama.J,Premium Episode.Drama.J,36,ID 7658687875541980167,HETER LOGOUS:Third degree kinship,HETER LOGOUS：三级亲属关系,2026-07-04 23:01:39,34,321916,2089,34.8,是 / Yes,Fantasy、Mystery,奇幻、神秘,HETER LOGOUS:Third degree kinship,,否 / No,,https://www.tiktok.com/@sangaaxdiln
sangaaxdiln,Premium Episode.Drama.J,Premium Episode.Drama.J,37,ID 7654374544278541330,Messing with the Wrong Fishmonger,与错误的鱼贩交往,2026-06-23 08:03:22,34,330876,3104,51.7,是 / Yes,Revenge、Mistaken Identities、City,复仇、错误的身份、城市,Messing with the Wrong Fishmonger,,否 / No,,https://www.tiktok.com/@sangaaxdiln
sangaaxdiln,Premium Episode.Drama.J,Premium Episode.Drama.J,38,ID 7658842612069127175,Legend Of Dust Devil,尘魔传奇,2026-07-05 09:02:23,89,113490,5827,97.1,是 / Yes,Adventure、End-of-the-World、Lost Child,冒险、世界末日、丢失的孩子,Legend Of Dust Devil,,否 / No,,https://www.tiktok.com/@sangaaxdiln
sangaaxdiln,Premium Episode.Drama.J,Premium Episode.Drama.J,39,ID 7658394040953689106,Lethal Inheritance The Bastard's Counterattack,致命传承 私生子的逆袭,2026-07-04 04:01:20,29,176094,1612,26.9,是 / Yes,Family Feud、Family Disputes,家庭恩怨、家庭纠纷,A humble bastard fights for survival and takes revenge on his cruel family.,,否 / No,,https://www.tiktok.com/@sangaaxdiln
sangaaxdiln,Premium Episode.Drama.J,Premium Episode.Drama.J,40,ID 7657141748175213575,The Time Prisoner,时间的囚徒,2026-06-30 19:01:38,30,450504,1778,29.6,是 / Yes,Family Feud、Love Triangle、Married Life,家庭恩怨、三角恋、婚姻生活,"Trapped in a cursed room that drains her youth to generate wealth for her greedy husband, a rapidly aging wife turns the tables by triggering a reverse mechanism, locking him and his new mistress inside to turn to dust before burning down the house and escaping with her baby.",,否 / No,,https://www.tiktok.com/@sangaaxdiln
sangaaxdiln,Premium Episode.Drama.J,Premium Episode.Drama.J,41,ID 7654374615246328839,Tide of the Cursed I WANT TO MARRY,被诅咒的潮汐 我想结婚,2026-06-23 08:03:43,30,211182,2271,37.9,是 / Yes,Romantic Complications、Fantasy、Childhood Sweethearts,浪漫并发症、奇幻、青梅竹马,Tide of the Cursed I WANT TO MARRY,,否 / No,,https://www.tiktok.com/@sangaaxdiln
sangaaxdiln,Premium Episode.Drama.J,Premium Episode.Drama.J,42,ID 7657977258246214663,LifeCourier,生活快递,2026-07-03 01:03:54,31,160889,1894,31.6,是 / Yes,Fantasy、Mystery,奇幻、神秘,A delivery man uncovers a deadly selection system and fights to destroy its cruel creator.,,否 / No,,https://www.tiktok.com/@sangaaxdiln
sangaaxdiln,Premium Episode.Drama.J,Premium Episode.Drama.J,43,ID 7656909740118660103,The Mad Dragon of Chinatown,唐人街的疯龙,2026-06-30 04:15:54,30,278980,1611,26.9,是 / Yes,Lost Child、Action、City,丢失的孩子、行动、城市,The Mad Dragon of Chinatown,,否 / No,,https://www.tiktok.com/@sangaaxdiln
sangaaxdiln,Premium Episode.Drama.J,Premium Episode.Drama.J,44,ID 7655535487867851784,Under the Floorboards,地板下,2026-06-26 11:08:31,31,203586,2199,36.6,是 / Yes,City、Love Triangle、Crime,城市、三角恋、犯罪,Single father Ethan rescues imprisoned Vera and defeats cruel landlord Marcus.,,否 / No,,https://www.tiktok.com/@sangaaxdiln
sangaaxdiln,Premium Episode.Drama.J,Premium Episode.Drama.J,45,ID 7655518344934085639,"Cursed Bond, Royal Omega",被诅咒的债券，皇家欧米茄,2026-06-26 10:01:58,35,371904,2260,37.7,是 / Yes,dark romance、Revenge、Werewolf,黑暗浪漫、复仇、狼人,"Cursed Bond, Royal Omega",,否 / No,,https://www.tiktok.com/@sangaaxdiln
sangaaxdiln,Premium Episode.Drama.J,Premium Episode.Drama.J,46,ID 7655502921001882631,I Ate A Meteorite For Her,我为她吃了一块陨石,2026-06-26 09:02:09,25,174264,1646,27.4,是 / Yes,Revenge、Fantasy、Lost Child,复仇、奇幻、丢失的孩子,I Ate A Meteorite For Her,,否 / No,,https://www.tiktok.com/@sangaaxdiln
sangaaxdiln,Premium Episode.Drama.J,Premium Episode.Drama.J,47,ID 7655535549415101448,The Crown Beneath the Maid Uniform,女仆服下的王冠,2026-06-26 11:08:45,38,224580,2456,40.9,是 / Yes,Reconciliation、Revenge、Family Feud,和解、复仇、家庭恩怨,The Crown Beneath the Maid Uniform,,否 / No,,https://www.tiktok.com/@sangaaxdiln
sangaaxdiln,Premium Episode.Drama.J,Premium Episode.Drama.J,48,ID 7655472125553513479,"Little Spies, Big Daddy",小间谍，大爸爸,2026-06-26 07:02:40,39,346624,2228,37.1,是 / Yes,Mystery、City、Reconciliation,神秘、城市、和解,"Little Spies, Big Daddy",,否 / No,,https://www.tiktok.com/@sangaaxdiln
sangaaxdiln,Premium Episode.Drama.J,Premium Episode.Drama.J,49,ID 7658100367552713735,The Divine Arc: Reborn,神圣之弧：重生,2026-07-03 09:01:55,60,350949,8090,134.8,是 / Yes,City、Revenge,城市、复仇,The Divine Arc: Reborn,,否 / No,,https://www.tiktok.com/@sangaaxdiln
sangaaxdiln,Premium Episode.Drama.J,Premium Episode.Drama.J,50,ID 7656912134017897480,Ela Voltara para Destruir,埃拉·沃尔塔拉·帕拉·德斯特鲁尔,2026-06-30 04:16:31,100,455514,8148,135.8,是 / Yes,Romantic Complications、Reconciliation、Family Feud,浪漫并发症、和解、家庭恩怨,Ela Voltara para Destruir,,否 / No,,https://www.tiktok.com/@sangaaxdiln
sangaaxdiln,Premium Episode.Drama.J,Premium Episode.Drama.J,51,ID 7653508835973567506,I was just a passerby,我只是一个路人,2026-06-21 00:04:00,30,179352,1498,25.0,是 / Yes,Redemption、Adventure、Cultivation,赎回、冒险、栽培,"Bound to Loki, Ken slays the Demon King and battles ancient horrors alongside his allies.",,否 / No,,https://www.tiktok.com/@sangaaxdiln
sangaaxdiln,Premium Episode.Drama.J,Premium Episode.Drama.J,52,ID 7653508814792266759,Reborn Cage King: A Father's Blood Redemption,重生笼王：父亲的血的救赎,2026-06-21 00:03:58,38,408022,2601,43.4,是 / Yes,Revenge、City、Reconciliation,复仇、城市、和解,Reborn Cage King: A Father's Blood Redemption,,否 / No,,https://www.tiktok.com/@sangaaxdiln
sangaaxdiln,Premium Episode.Drama.J,Premium Episode.Drama.J,53,ID 7652952011922805767,The Soldier Who Lost Everything,失去一切的士兵,2026-06-19 12:03:18,20,168890,1433,23.9,是 / Yes,Reconciliation、Family Feud、Revenge,和解、家庭恩怨、复仇,Revenge empties his heart,,否 / No,,https://www.tiktok.com/@sangaaxdiln
sangaaxdiln,Premium Episode.Drama.J,Premium Episode.Drama.J,54,ID 7652549705217594375,The Last Sunrise in Pompeii,庞贝古城最后的日出,2026-06-18 10:02:16,30,355656,2173,36.2,是 / Yes,Romantic Complications、Royal Palace,浪漫并发症、皇宫,The Last Sunrise in Pompeii,,否 / No,,https://www.tiktok.com/@sangaaxdiln
sangaaxdiln,Premium Episode.Drama.J,Premium Episode.Drama.J,55,ID 7653508780168123400,Ice Breaker,破冰活动,2026-06-21 00:03:50,40,426468,2754,45.9,是 / Yes,Romantic Complications、City,浪漫并发症、城市,Ice Breaker,,否 / No,,https://www.tiktok.com/@sangaaxdiln
sangaaxdiln,Premium Episode.Drama.J,Premium Episode.Drama.J,56,ID 7653493289869841415,"Two Princes, One Crown, One Cinderella",两个王子，一顶王冠，一个灰姑娘,2026-06-20 23:03:52,34,233140,2554,42.6,是 / Yes,Mistaken Identities、Romantic Complications、Family Feud,错误的身份、浪漫并发症、家庭恩怨,"Two Princes, One Crown, One Cinderella",,否 / No,,https://www.tiktok.com/@sangaaxdiln
sangaaxdiln,Premium Episode.Drama.J,Premium Episode.Drama.J,57,ID 7652952259969651730,"Rebelling with My Dad, Emperor Qin",与我爹秦皇反叛,2026-06-19 12:04:14,40,329036,2784,46.4,是 / Yes,Farming/Business、Political Intrigue,种田/经商、政治阴谋,"Rebelling with My Dad, Emperor Qin",,否 / No,,https://www.tiktok.com/@sangaaxdiln
sangaaxdiln,Premium Episode.Drama.J,Premium Episode.Drama.J,58,ID 7653693714396812306,Crash Island Stranded With Five Women,坠毁岛搁浅了五名妇女,2026-06-21 12:01:27,33,821338,2253,37.5,是 / Yes,Mistaken Identities、Adventure,错误的身份、冒险,Crash Island Stranded With Five Women,,否 / No,,https://www.tiktok.com/@sangaaxdiln
sangaaxdiln,Premium Episode.Drama.J,Premium Episode.Drama.J,59,ID 7653725101430805512,My Two Campus Princes Won't Leave Me Alone,我的两个校园王子不会丢下我一个人,2026-06-21 14:03:15,31,323526,2205,36.8,是 / Yes,Love Triangle、Romantic Complications,三角恋、浪漫并发症,My Two Campus Princes Won't Leave Me Alone,,否 / No,,https://www.tiktok.com/@sangaaxdiln
sangaaxdiln,Premium Episode.Drama.J,Premium Episode.Drama.J,60,ID 7652951689666024456,System Striker: From Bench to Glory,系统前锋：从替补到荣耀,2026-06-19 12:01:57,31,363504,1955,32.6,是 / Yes,Challenge/Quests in Game、Sports,游戏中的挑战/任务、运动的,System Striker: From Bench to Glory,,否 / No,,https://www.tiktok.com/@sangaaxdiln
sangaaxdiln,Premium Episode.Drama.J,Premium Episode.Drama.J,61,ID 7652565078029423634,The Dragon's Thorns,龙之荆棘,2026-06-18 11:01:39,29,333201,2240,37.3,是 / Yes,Superior and Inferior、Royal Palace、Forced Love,强弱逆袭、皇宫、强迫的爱,The Dragon's Thorns,,否 / No,,https://www.tiktok.com/@sangaaxdiln
sangaaxdiln,Premium Episode.Drama.J,Premium Episode.Drama.J,62,ID 7652549593401463826,The Aurora Gaze,极光凝视,2026-06-18 10:01:35,27,840982,2004,33.4,是 / Yes,Political Intrigue、Royal Palace、Enemies to Lovers,政治阴谋、皇宫、从敌人到恋人,The Aurora Gaze,,否 / No,,https://www.tiktok.com/@sangaaxdiln
sangaaxdiln,Premium Episode.Drama.J,Premium Episode.Drama.J,63,ID 7652565038154257416,The Janitor Was a Legendary Surgeon,看门人是一位传奇外科医生,2026-06-18 11:01:31,30,238948,2385,39.8,是 / Yes,Medical Drama、Mistaken Identities、City,医疗剧、错误的身份、城市,The Janitor Was a Legendary Surgeon,,否 / No,,https://www.tiktok.com/@sangaaxdiln
sangaaxdiln,Premium Episode.Drama.J,Premium Episode.Drama.J,64,ID 7654358583550727175,"From the Abyss, Reborn",来自深渊，重生,2026-06-23 07:01:25,30,207656,1754,29.2,是 / Yes,Fantasy、Revenge,奇幻、复仇,A scientist gains gravity power from black hole to stop partner ruining Earth and open new wormhole.,,否 / No,,https://www.tiktok.com/@sangaaxdiln
sangaaxdiln,Premium Episode.Drama.J,Premium Episode.Drama.J,65,ID 7653755572730352648,Escape from Monster Island,逃离怪物岛,2026-06-21 16:01:31,38,317600,2119,35.3,是 / Yes,Adventure、Survival,冒险、生存,Escape from Monster Island,,否 / No,,https://www.tiktok.com/@sangaaxdiln
sangaaxdiln,Premium Episode.Drama.J,Premium Episode.Drama.J,66,ID 7652456904689882120,I Died Three Times for the Mad God,我为疯神死了三次,2026-06-18 05:01:22,39,316794,2459,41.0,是 / Yes,Romantic Complications、Superior and Inferior、Fantasy,浪漫并发症、强弱逆袭、奇幻,I Died Three Times for the Mad God,,否 / No,,https://www.tiktok.com/@sangaaxdiln
sangaaxdiln,Premium Episode.Drama.J,Premium Episode.Drama.J,67,ID 7652951645403223048,The Beggar Girl Is My Billionaire Boss,乞丐女孩是我的亿万富翁老板,2026-06-19 12:01:47,30,190826,1439,24.0,是 / Yes,City、Mistaken Identities、Revenge,城市、错误的身份、复仇,The Beggar Girl Is My Billionaire Boss,,否 / No,,https://www.tiktok.com/@sangaaxdiln
sangaaxdiln,Premium Episode.Drama.J,Premium Episode.Drama.J,68,ID 7652642356848268306,The Witness,证人,2026-06-18 16:01:36,35,318201,1877,31.3,是 / Yes,Adventure、Fantasy、Lost Child,冒险、奇幻、丢失的孩子,The Witness,,否 / No,,https://www.tiktok.com/@sangaaxdiln
sangaaxdiln,Premium Episode.Drama.J,Premium Episode.Drama.J,69,ID 7652952492862460946,My Vampire Progenitor Is Ruining My Vegan,我的吸血鬼祖先正在毁掉我的素食主义者,2026-06-19 12:05:04,35,316755,1970,32.8,是 / Yes,Contract Lovers、Forced Love、Fantasy,合约爱好者、强迫的爱、奇幻,My Vampire Progenitor Is Ruining My Vegan,,否 / No,,https://www.tiktok.com/@sangaaxdiln
sangaaxdiln,Premium Episode.Drama.J,Premium Episode.Drama.J,70,ID 7652549686930363400,My Vampire Roommate Is a Royal Pain,我的吸血鬼室友是一个皇家痛苦,2026-06-18 10:02:00,35,418384,2552,42.5,是 / Yes,Forced Love、Superior and Inferior、Vampire,强迫的爱、强弱逆袭、吸血鬼,My Vampire Roommate Is a Royal Pain,,否 / No,,https://www.tiktok.com/@sangaaxdiln
sangaaxdiln,Premium Episode.Drama.J,Premium Episode.Drama.J,71,ID 7652472292890645522,KING,国王,2026-06-18 05:01:47,50,391200,3165,52.8,是 / Yes,Romantic Complications、Werewolf、Superior and Inferior,浪漫并发症、狼人、强弱逆袭,KING,,否 / No,,https://www.tiktok.com/@sangaaxdiln
sangaaxdiln,Premium Episode.Drama.J,Premium Episode.Drama.J,72,ID 7652642382802359304,Accent King,口音王,2026-06-18 16:01:38,31,319711,1994,33.2,是 / Yes,Superior and Inferior、Skill/Talent Competition、City,强弱逆袭、技能/才艺竞赛、城市,Accent King,,否 / No,,https://www.tiktok.com/@sangaaxdiln
sangaaxdiln,Premium Episode.Drama.J,Premium Episode.Drama.J,73,ID 7653508869452272647,Don't Tell My Brother,别告诉我兄弟,2026-06-21 00:04:05,39,642312,3486,58.1,是 / Yes,City、dark romance、Family & Ethics,城市、黑暗浪漫、家庭与道德,Don't Tell My Brother,,否 / No,,https://www.tiktok.com/@sangaaxdiln
sangaaxdiln,Premium Episode.Drama.J,Premium Episode.Drama.J,74,ID 7653493319318377479,Heaven’s Worst Intern,天堂最糟糕的实习生,2026-06-20 23:03:45,30,265776,2243,37.4,是 / Yes,Superior and Inferior、Adventure、Fantasy,强弱逆袭、冒险、奇幻,Heaven’s Worst Intern,,否 / No,,https://www.tiktok.com/@sangaaxdiln
sangaaxdiln,Premium Episode.Drama.J,Premium Episode.Drama.J,75,ID 7652951742006957064,The Parking Boy Who Holds All the Keys,掌握所有钥匙的停车男孩,2026-06-19 12:02:11,20,360072,1113,18.6,是 / Yes,Revenge、Mistaken Identities、Family Feud,复仇、错误的身份、家庭恩怨,He became her parking boy for revenge,,否 / No,,https://www.tiktok.com/@sangaaxdiln
sangaaxdiln,Premium Episode.Drama.J,Premium Episode.Drama.J,76,ID 7652858781503902727,From Siberian Husky to Terror Demon God,从哈士奇到恐怖魔神,2026-06-19 06:01:33,40,1698296,2581,43.0,是 / Yes,Challenge/Quests in Game、Adventure,游戏中的挑战/任务、冒险,From Siberian Husky to Terror Demon God,,否 / No,,https://www.tiktok.com/@sangaaxdiln
sangaaxdiln,Premium Episode.Drama.J,Premium Episode.Drama.J,77,ID 7654358871330460690,The Rabbit,兔子,2026-06-23 07:02:37,30,176544,1830,30.5,是 / Yes,Sports、City,运动的、城市,The Rabbit,,否 / No,,https://www.tiktok.com/@sangaaxdiln
sangaaxdiln,Premium Episode.Drama.J,Premium Episode.Drama.J,78,ID 7652472267502523399,Born again to Burn,重生为燃烧,2026-06-18 05:01:31,28,179680,1728,28.8,是 / Yes,Royal Palace、Revenge,皇宫、复仇,Born again to Burn,,否 / No,,https://www.tiktok.com/@sangaaxdiln
sangaaxdiln,Premium Episode.Drama.J,Premium Episode.Drama.J,79,ID 7654359013790372872,The Last Text,最后的文字,2026-06-23 07:03:05,31,195864,2060,34.3,是 / Yes,Revenge、City,复仇、城市,"A car crash survivor infiltrates his father, gets a confession, forsakes billions for fiancée’s justice.",,否 / No,,https://www.tiktok.com/@sangaaxdiln
sangaaxdiln,Premium Episode.Drama.J,Premium Episode.Drama.J,80,ID 7653477208530392082,The Devouring Heir,吞噬的继承人,2026-06-22 09:06:55,43,244565,2581,43.0,是 / Yes,Cultivation、Revenge、Enemies to Lovers,栽培、复仇、从敌人到恋人,The Devouring Heir,,否 / No,,https://www.tiktok.com/@sangaaxdiln
sangaaxdiln,Premium Episode.Drama.J,Premium Episode.Drama.J,81,ID 7653771272442139656,Trash Actor King,垃圾演员王,2026-06-21 17:02:22,31,316056,1879,31.3,是 / Yes,Revenge、Family Feud、Superior and Inferior,复仇、家庭恩怨、强弱逆袭,Trash Actor King,,否 / No,,https://www.tiktok.com/@sangaaxdiln
sangaaxdiln,Premium Episode.Drama.J,Premium Episode.Drama.J,82,ID 7652951782456628231,My Girlfriend Chose the Rich Guy,我的女朋友选择了有钱人,2026-06-19 12:02:21,30,188890,2080,34.7,是 / Yes,Business Competition、Family Feud,商业竞赛、家庭恩怨,My Girlfriend Chose the Rich Guy,,否 / No,,https://www.tiktok.com/@sangaaxdiln
sangaaxdiln,Premium Episode.Drama.J,Premium Episode.Drama.J,83,ID 7652549657821959175,Primal Rising,原始崛起,2026-06-18 10:01:59,30,315604,2479,41.3,是 / Yes,City、Adventure,城市、冒险,Primal Rising,,否 / No,,https://www.tiktok.com/@sangaaxdiln
sangaaxdiln,Premium Episode.Drama.J,Premium Episode.Drama.J,84,ID 7652518569313719314,Attack on Rose,攻击玫瑰,2026-06-18 09:01:19,30,336928,2087,34.8,是 / Yes,City、Adventure,城市、冒险,Attack on Rose,,否 / No,,https://www.tiktok.com/@sangaaxdiln
sangaaxdiln,Premium Episode.Drama.J,Premium Episode.Drama.J,85,ID 7652565002628502535,The Secret of the Perfect Father in Law,完美岳父的秘密,2026-06-18 11:01:23,30,184060,1916,31.9,是 / Yes,Revenge、City、Lost Child,复仇、城市、丢失的孩子,The Secret of the Perfect Father in Law,,否 / No,,https://www.tiktok.com/@sangaaxdiln
sangaaxdiln,Premium Episode.Drama.J,Premium Episode.Drama.J,86,ID 7652487628486398983,Reborn: Making Billions in the World Cup,重生：在世界杯上赚数十亿,2026-06-18 06:01:13,54,492968,3538,59.0,是 / Yes,Revenge、City,复仇、城市,Reborn: Making Billions in the World Cup,,否 / No,,https://www.tiktok.com/@sangaaxdiln
sangaaxdiln,Premium Episode.Drama.J,Premium Episode.Drama.J,87,ID 7653771185192440840,Book of the Dead: The Pharaoh's Guard,死亡之书：法老的守卫,2026-06-21 17:01:56,30,247274,1898,31.6,是 / Yes,Adventure、Fantasy,冒险、奇幻,Book of the Dead: The Pharaoh's Guard,,否 / No,,https://www.tiktok.com/@sangaaxdiln
sangaaxdiln,Premium Episode.Drama.J,Premium Episode.Drama.J,88,ID 7652549587290461202,The Surgeon They Called a Fraud,他们称外科医生是骗子,2026-06-18 10:01:30,30,789994,2614,43.6,是 / Yes,Medical Drama、Workplace、Mistaken Identities,医疗剧、职场、错误的身份,The Surgeon They Called a Fraud,,否 / No,,https://www.tiktok.com/@sangaaxdiln
sangaaxdiln,Premium Episode.Drama.J,Premium Episode.Drama.J,89,ID 7653725120204149767,Bound by Scent: The Don's Fake Bride,被气味所束缚：唐的假新娘,2026-06-21 14:03:24,40,373977,3007,50.1,是 / Yes,Forced Love、Family Feud、Mistaken Identities,强迫的爱、家庭恩怨、错误的身份,Bound by Scent: The Don's Fake Bride,,否 / No,,https://www.tiktok.com/@sangaaxdiln
sangaaxdiln,Premium Episode.Drama.J,Premium Episode.Drama.J,90,ID 7652967415726412818,"Pay My Harem, Own the City",支付我的后宫，拥有这座城市,2026-06-19 13:02:56,30,366120,2442,40.7,是 / Yes,City、Sudden Wealth,城市、暴富,"Pay My Harem, Own the City",,否 / No,,https://www.tiktok.com/@sangaaxdiln
sangaaxdiln,Premium Episode.Drama.J,Premium Episode.Drama.J,91,ID 7653771228464944135,Alpha The Capital Game,阿尔法资本游戏,2026-06-21 17:02:07,30,232485,1888,31.5,是 / Yes,Fantasy、Business Competition、Superior and Inferior,奇幻、商业竞赛、强弱逆袭,"When a demonic rival executive launches a hostile takeover to sacrifice the New York Stock Exchange to dark forces, a ruthless billionaire werewolf must team up with his secretly magical assistant, merging high-stakes financial warfare with savage supernatural combat to slaughter the threat before the opening bell.",,否 / No,,https://www.tiktok.com/@sangaaxdiln
sangaaxdiln,Premium Episode.Drama.J,Premium Episode.Drama.J,92,ID 7652952023591179282,Code Black: Lockdown,黑色代码：封锁,2026-06-19 12:03:18,21,152580,1767,29.4,是 / Yes,Mystery、Survival、Ensemble Cast,神秘、生存、群像,Deep sea horror: who is still human?,,否 / No,,https://www.tiktok.com/@sangaaxdiln
sangaaxdiln,Premium Episode.Drama.J,Premium Episode.Drama.J,93,ID 7652472287345988615,STONE RAIN 12 Hours to Die,石雨死亡12小时,2026-06-18 05:01:31,33,345048,2031,33.9,是 / Yes,Adventure、Fantasy,冒险、奇幻,STONE RAIN 12 Hours to Die,,否 / No,,https://www.tiktok.com/@sangaaxdiln
sangaaxdiln,Premium Episode.Drama.J,Premium Episode.Drama.J,94,ID 7653693844323652616,"Five Brothers, One Vow",五兄弟一誓,2026-06-21 12:01:50,37,330040,3035,50.6,是 / Yes,Family Disputes、Family Feud、Love Triangle,家庭纠纷、家庭恩怨、三角恋,"Five Brothers, One Vow",,否 / No,,https://www.tiktok.com/@sangaaxdiln
sangaaxdiln,Premium Episode.Drama.J,Premium Episode.Drama.J,95,ID 7652549594240848914,The Loyal Hound: Path of Blood,忠诚的猎犬：血色之路,2026-06-18 10:01:38,30,315984,1565,26.1,是 / Yes,Redemption、Family Disputes、City,赎回、家庭纠纷、城市,"Drawn out of hiding to protect the hunted mob heiress he once failed, an unstoppable former hitman wages a brutal one-man war against her treacherous stepmother's syndicate, ultimately breaking free from captivity to help the newly empowered heiress violently slaughter their enemies and reclaim her underworld throne.",,否 / No,,https://www.tiktok.com/@sangaaxdiln
sangaaxdiln,Premium Episode.Drama.J,Premium Episode.Drama.J,96,ID 7652487657418855431,The Janitor Who Broke the Table,打破桌子的清洁工,2026-06-18 06:01:11,22,197814,1590,26.5,是 / Yes,City、Lost Child、Revenge,城市、丢失的孩子、复仇,Use gambling to overturn the villains’ gambling table.,,否 / No,,https://www.tiktok.com/@sangaaxdiln
sangaaxdiln,Premium Episode.Drama.J,Premium Episode.Drama.J,97,ID 7653725051275105298,No Mask for the Wicked,恶人不戴面具,2026-06-21 14:03:04,31,256257,1428,23.8,是 / Yes,End-of-the-World、Revenge,世界末日、复仇,"A reborn soldier avenges betrayal, defeats foes and rules the toxic doomsday shelter.",,否 / No,,https://www.tiktok.com/@sangaaxdiln
sangaaxdiln,Premium Episode.Drama.J,Premium Episode.Drama.J,98,ID 7653493200556037128,No Shelter for the Wicked,恶人无处容身,2026-06-20 23:03:15,20,215925,1223,20.4,是 / Yes,City、Betrayal,城市、背叛,No Shelter for the Wicked,,否 / No,,https://www.tiktok.com/@sangaaxdiln
sangaaxdiln,Premium Episode.Drama.J,Premium Episode.Drama.J,99,ID 7653245450719613970,The Golden Ruin,黄金废墟,2026-06-20 07:02:00,50,354042,5941,99.0,是 / Yes,Martial Arts、Lost Child、Action,武术、丢失的孩子、行动,The Golden Ruin,,否 / No,,https://www.tiktok.com/@sangaaxdiln
sangaaxdiln,Premium Episode.Drama.J,Premium Episode.Drama.J,100,ID 7652627064532882450,The Silent Predator,沉默的掠夺者,2026-06-18 15:02:15,30,366426,1748,29.1,是 / Yes,Crime、End-of-the-World、Superior and Inferior,犯罪、世界末日、强弱逆袭,The Silent Predator,,否 / No,,https://www.tiktok.com/@sangaaxdiln
sangaaxdiln,Premium Episode.Drama.J,Premium Episode.Drama.J,101,ID 7631840938486699015,Evil Burger King,邪恶的汉堡王,2026-04-27 11:36:32,26,333090,1587,26.4,是 / Yes,Redemption、Revenge、Workplace,赎回、复仇、职场,Evil Burger King,,否 / No,,https://www.tiktok.com/@sangaaxdiln
sangaaxdiln,Premium Episode.Drama.J,Premium Episode.Drama.J,102,ID 7640606445540529173,Detective Vet_ Hear Me Meow,兽医侦探_听我喵喵叫,2026-05-18 18:56:54,20,769408,1274,21.2,是 / Yes,Revenge、Fantasy、Friends to Lovers,复仇、奇幻、朋友到恋人,"A cowardly vet driven to the edge by a tycoon gains cat headphone powers from a stray cat, which lets him hear animals’ thoughts. He counterattacks to solve cases, punish villains, and finally becomes a famous and wealthy detective vet.",,否 / No,,https://www.tiktok.com/@sangaaxdiln
sangaaxdiln,Premium Episode.Drama.J,Premium Episode.Drama.J,103,ID 7650555018030142482,Tsunami Abyss,海啸深渊,2026-06-13 01:01:34,22,817222,1808,30.1,是 / Yes,Adventure、City,冒险、城市,Tsunami Abyss,,否 / No,,https://www.tiktok.com/@sangaaxdiln
sangaaxdiln,Premium Episode.Drama.J,Premium Episode.Drama.J,104,ID 7643236272596603925,The Producer's Revenge,制片人的复仇,2026-05-24 13:40:40,20,3337566,1333,22.2,是 / Yes,Revenge、Celebrity,复仇、名人,The Producer's Revenge,,否 / No,,https://www.tiktok.com/@sangaaxdiln
sangaaxdiln,Premium Episode.Drama.J,Premium Episode.Drama.J,105,ID 7651142477462098962,Delivery System Game,传送系统游戏,2026-06-14 15:01:13,32,318024,1928,32.1,是 / Yes,Challenge/Quests in Game、Sudden Wealth,游戏中的挑战/任务、暴富,Delivery System Game,,否 / No,,https://www.tiktok.com/@sangaaxdiln
sangaaxdiln,Premium Episode.Drama.J,Premium Episode.Drama.J,106,ID 7650647774958081031,Tailgate Obsession Racing the Enemy,尾门痴迷与敌人赛跑,2026-06-13 07:01:41,56,438048,4795,79.9,是 / Yes,Sports、City、Bromance,运动的、城市、兄弟情谊,Tailgate Obsession Racing the Enemy,,否 / No,,https://www.tiktok.com/@sangaaxdiln
sangaaxdiln,Premium Episode.Drama.J,Premium Episode.Drama.J,107,ID 7632218240399463431,Northgate Penitentiary,诺斯盖特监狱,2026-04-28 10:37:44,21,850046,1363,22.7,是 / Yes,City、Ensemble Cast、Family Disputes,城市、群像、家庭纠纷,Northgate Penitentiary,,否 / No,,https://www.tiktok.com/@sangaaxdiln
sangaaxdiln,Premium Episode.Drama.J,Premium Episode.Drama.J,108,ID 7645818389697254420,BORN TO REIGN,为统治而生,2026-05-31 07:07:57,40,430300,2995,49.9,是 / Yes,Political Intrigue、Royal Palace、Emperor & Minister,政治阴谋、皇宫、皇帝与大臣,BORN TO REIGN,,否 / No,,https://www.tiktok.com/@sangaaxdiln
sangaaxdiln,Premium Episode.Drama.J,Premium Episode.Drama.J,109,ID 7632155011782628360,Reborn Before the Oil War,石油战争前的重生,2026-04-28 10:31:29,24,2460102,1640,27.3,是 / Yes,End-of-the-World、Lost Child、Revenge,世界末日、丢失的孩子、复仇,Reborn Before the Oil War,,否 / No,,https://www.tiktok.com/@sangaaxdiln
sangaaxdiln,Premium Episode.Drama.J,Premium Episode.Drama.J,110,ID 7631835411711185938,The Last Virgin on Earth,地球上最后的处女,2026-04-30 10:10:00,18,2112949,1322,22.0,是 / Yes,End-of-the-World、Adventure、Redemption,世界末日、冒险、赎回,The Last Virgin on Earth,,否 / No,,https://www.tiktok.com/@sangaaxdiln
sangaaxdiln,Premium Episode.Drama.J,Premium Episode.Drama.J,111,ID 7631830745136550920,Accept All Cookies,接受所有 Cookie,2026-04-27 11:34:32,25,1081707,1664,27.7,是 / Yes,Fantasy、Adventure,奇幻、冒险,"A man named Kevin, while trying to watch a movie, impatiently clicks 'Accept All Cookies' and accidentally unleashes a giant cookie monster, causing global destruction. As the situation escalates, he finds himself targeted by the FBI.",,否 / No,,https://www.tiktok.com/@sangaaxdiln
sangaaxdiln,Premium Episode.Drama.J,Premium Episode.Drama.J,112,ID 7652364002286146578,Eternal Undead Whisper: My Undead Lover,永恒的不死低语：我的不死恋人,2026-06-17 23:01:17,30,349614,1505,25.1,是 / Yes,Redemption、Adventure、Fantasy,赎回、冒险、奇幻,"To survive a zombie apocalypse, a timid student must routinely feed his own blood to his fiercely loyal, zombified crush to keep his humanity intact, ultimately unleashing his undead protector's terrifying evolution to massacre the ruthless human survivors who threaten to tear them apart.",,否 / No,,https://www.tiktok.com/@sangaaxdiln
sangaaxdiln,Premium Episode.Drama.J,Premium Episode.Drama.J,113,ID 7632157445187441682,The Honest Guy,诚实的人,2026-04-28 10:33:27,25,486120,1777,29.6,是 / Yes,Revenge、Ensemble Cast、Fantasy,复仇、群像、奇幻,The Honest Guy,,否 / No,,https://www.tiktok.com/@sangaaxdiln
sangaaxdiln,Premium Episode.Drama.J,Premium Episode.Drama.J,114,ID 7650585943853765640,Bloodline Fury: The Underdog's Beast Roar,血脉之怒：弱者的野兽咆哮,2026-06-13 03:01:35,29,798578,1682,28.0,是 / Yes,City、Mistaken Identities、Revenge,城市、错误的身份、复仇,Bloodline Fury: The Underdog's Beast Roar,,否 / No,,https://www.tiktok.com/@sangaaxdiln
sangaaxdiln,Premium Episode.Drama.J,Premium Episode.Drama.J,115,ID 7644416482667009045,Devil's Ledger,恶魔账本,2026-05-31 02:59:50,24,895433,1403,23.4,是 / Yes,Ensemble Cast、Revenge、City,群像、复仇、城市,He burns himself to bury her demons,,否 / No,,https://www.tiktok.com/@sangaaxdiln
sangaaxdiln,Premium Episode.Drama.J,Premium Episode.Drama.J,116,ID 7650348592250786823,The Nero Conspiracy,尼禄的阴谋,2026-06-12 11:40:30,30,318586,1788,29.8,是 / Yes,Political Intrigue、Emperor & Minister、Royal Palace,政治阴谋、皇帝与大臣、皇宫,The Nero Conspiracy,,否 / No,,https://www.tiktok.com/@sangaaxdiln
sangaaxdiln,Premium Episode.Drama.J,Premium Episode.Drama.J,117,ID 7640369640325223431,The Last Bid,最后出价,2026-05-16 19:39:44,20,517920,1801,30.0,是 / Yes,Family Feud、Redemption、Revenge,家庭恩怨、赎回、复仇,Gain both wealth and a true heart.,,否 / No,,https://www.tiktok.com/@sangaaxdiln
sangaaxdiln,Premium Episode.Drama.J,Premium Episode.Drama.J,118,ID 7652456731922453512,Reborn: The Taste Empire,重生：品味帝国,2026-06-18 04:01:15,30,321716,1690,28.2,是 / Yes,Business Competition、Farming/Business、Lost Child,商业竞赛、种田/经商、丢失的孩子,Reborn: The Taste Empire,,否 / No,,https://www.tiktok.com/@sangaaxdiln
sangaaxdiln,Premium Episode.Drama.J,Premium Episode.Drama.J,119,ID 7650348527696352274,The Frost-Bite Protokol,冻伤协议,2026-06-12 11:40:19,30,328698,1616,26.9,是 / Yes,End-of-the-World、Adventure,世界末日、冒险,The Frost-Bite Protokol,,否 / No,,https://www.tiktok.com/@sangaaxdiln
sangaaxdiln,Premium Episode.Drama.J,Premium Episode.Drama.J,120,ID 7632215279228982279,Muscle & Miniguns: The Wild West Meathead,肌肉与迷你枪：狂野西部肉头,2026-04-28 10:37:22,20,809834,1403,23.4,是 / Yes,Revenge、Fantasy,复仇、奇幻,Muscle & Miniguns: The Wild West Meathead,,否 / No,,https://www.tiktok.com/@sangaaxdiln
sangaaxdiln,Premium Episode.Drama.J,Premium Episode.Drama.J,121,ID 7632160791332049928,The Sugar Daddy Pan,糖爹潘,2026-04-28 10:33:50,22,569988,1333,22.2,是 / Yes,Revenge、Fantasy、Redemption,复仇、奇幻、赎回,The Sugar Daddy Pan,,否 / No,,https://www.tiktok.com/@sangaaxdiln
sangaaxdiln,Premium Episode.Drama.J,Premium Episode.Drama.J,122,ID 7650663244390355975,A Golden Cage,金色的笼子,2026-06-13 08:01:31,29,319127,2415,40.2,是 / Yes,Married Life、Family Feud、Reconciliation,婚姻生活、家庭恩怨、和解,A Golden Cage,,否 / No,,https://www.tiktok.com/@sangaaxdiln
sangaaxdiln,Premium Episode.Drama.J,Premium Episode.Drama.J,123,ID 7632205883526747144,The Mid-Life Boys_ Saving the Mortgage,中年男孩_拯救抵押贷款,2026-04-28 10:35:28,24,338026,1562,26.0,是 / Yes,Vampire、Ensemble Cast、Revenge,吸血鬼、群像、复仇,The Mid-Life Boys_ Saving the Mortgage,,否 / No,,https://www.tiktok.com/@sangaaxdiln
sangaaxdiln,Premium Episode.Drama.J,Premium Episode.Drama.J,124,ID 7651436230713824274,The Untouchable Billionaire Bow to Your New God,贱民亿万富翁向你的新上帝鞠躬,2026-06-15 10:01:09,33,397515,2224,37.1,是 / Yes,Married Life、Mistaken Identities、Family Feud,婚姻生活、错误的身份、家庭恩怨,The Untouchable Billionaire Bow to Your New God,,否 / No,,https://www.tiktok.com/@sangaaxdiln
sangaaxdiln,Premium Episode.Drama.J,Premium Episode.Drama.J,125,ID 7632220746219312146,Natural Disaster. Chosen Hero,自然灾害。选定的英雄,2026-04-28 10:38:07,22,373100,1705,28.4,是 / Yes,Ensemble Cast、Fantasy,群像、奇幻,Natural Disaster. Chosen Hero,,否 / No,,https://www.tiktok.com/@sangaaxdiln
sangaaxdiln,Premium Episode.Drama.J,Premium Episode.Drama.J,126,ID 7650349021860713480,Doomsday Nightmare,末日噩梦,2026-06-12 11:42:14,30,318194,2052,34.2,是 / Yes,Adventure、Survival,冒险、生存,Doomsday Nightmare,,否 / No,,https://www.tiktok.com/@sangaaxdiln
sangaaxdiln,Premium Episode.Drama.J,Premium Episode.Drama.J,127,ID 7649219343489831944,The Architect Above Code,代码之上的架构师,2026-06-09 21:20:55,25,315381,1899,31.6,是 / Yes,Mistaken Identities、End-of-the-World、Action,错误的身份、世界末日、行动,The Architect Above Code,,否 / No,,https://www.tiktok.com/@sangaaxdiln
sangaaxdiln,Premium Episode.Drama.J,Premium Episode.Drama.J,128,ID 7631851215868924946,Dirty Rich,肮脏的富人,2026-04-27 11:38:08,24,810504,1536,25.6,是 / Yes,Fantasy、Ensemble Cast、Revenge,奇幻、群像、复仇,Dirty Rich,,否 / No,,https://www.tiktok.com/@sangaaxdiln
sangaaxdiln,Premium Episode.Drama.J,Premium Episode.Drama.J,129,ID 7631786084279587848,Die. Rewind. Repeat.,死。倒带。重复。,2026-04-27 11:28:46,22,357861,1320,22.0,是 / Yes,Adventure、Multiverse、Bromance,冒险、多元宇宙、兄弟情谊,Die. Rewind. Repeat.,,否 / No,,https://www.tiktok.com/@sangaaxdiln
sangaaxdiln,Premium Episode.Drama.J,Premium Episode.Drama.J,130,ID 7651142507652781064,Deadly Island Live: Fatal Ratings,致命岛现场：致命收视率,2026-06-14 15:01:21,30,332720,2112,35.2,是 / Yes,Fantasy、Adventure、Ensemble Cast,奇幻、冒险、群像,"Thrust into a rigged island reality show where drones guide a mutant Spinosaurus to slaughter contestants for a dark gambling syndicate, a physics prodigy must weaponize his scientific genius to destroy the prehistoric beast and hijack the global broadcast to expose the ruthless mastermind.",,否 / No,,https://www.tiktok.com/@sangaaxdiln
sangaaxdiln,Premium Episode.Drama.J,Premium Episode.Drama.J,131,ID 7632151681224184840,Do No Harm,不造成伤害,2026-04-28 10:31:09,25,343164,1813,30.2,是 / Yes,Revenge、Superior and Inferior、City,复仇、强弱逆袭、城市,Do No Harm,,否 / No,,https://www.tiktok.com/@sangaaxdiln
sangaaxdiln,Premium Episode.Drama.J,Premium Episode.Drama.J,132,ID 7652456898695861256,"The $3,000 Mechanic: Revving My Way to the Top","3,000 美元的机械师：加速我的巅峰之路",2026-06-18 04:02:00,60,810919,5045,84.1,是 / Yes,Contract Lovers、Married Life、City,合约爱好者、婚姻生活、城市,"The $3,000 Mechanic: Revving My Way to the Top",,否 / No,,https://www.tiktok.com/@sangaaxdiln
sangaaxdiln,Premium Episode.Drama.J,Premium Episode.Drama.J,133,ID 7650348773083878418,The Mafia Princess Rules Wall Street,黑手党公主统治华尔街,2026-06-12 11:41:13,35,315681,2708,45.1,是 / Yes,Business Competition、Family Feud,商业竞赛、家庭恩怨,The Mafia Princess Rules Wall Street,,否 / No,,https://www.tiktok.com/@sangaaxdiln
drama.pro28,drama.pro28,drama.pro28,1,ID 7658626129842082834,Where the Moon Meets the Sea,月亮与大海相遇的地方,2026-07-04 19:03:53,64,765589,5197,86.6,是 / Yes,Fantasy、Contract Lovers、Romantic Complications,奇幻、合约爱好者、浪漫并发症,Where the Moon Meets the Sea,,否 / No,,https://www.tiktok.com/@drama.pro28
drama.pro28,drama.pro28,drama.pro28,2,ID 7645777364060656660,Mythic Tamer: Rise of the Trash Summon,神话驯兽师：垃圾召唤的崛起,2026-05-31 13:04:08,25,459489,1870,31.2,是 / Yes,Revenge、Challenge/Quests in Game、Love Triangle,复仇、游戏中的挑战/任务、三角恋,Mythic Tamer: Rise of the Trash Summon,,否 / No,,https://www.tiktok.com/@drama.pro28
drama.pro28,drama.pro28,drama.pro28,3,ID 7657992433405875218,The Human Husbandry Protocol: Taming My Tentacle Duke,人类畜牧协议：驯服我的触手公爵,2026-07-03 02:04:55,47,888970,3424,57.1,是 / Yes,Superior and Inferior、Forced Love、Fantasy,强弱逆袭、强迫的爱、奇幻,The Human Husbandry Protocol: Taming My Tentacle Duke,,否 / No,,https://www.tiktok.com/@drama.pro28
drama.pro28,drama.pro28,drama.pro28,4,ID 7644164396910138388,Kiss.exe Has Been Activated!,Kiss.exe已激活！,2026-05-31 10:38:09,20,551661,1574,26.2,是 / Yes,Revenge、Fantasy、Love Triangle,复仇、奇幻、三角恋,"A kiss-triggered program awakens and turns romance into a glitchy battle between love, control, and chaos.",,否 / No,,https://www.tiktok.com/@drama.pro28
drama.pro28,drama.pro28,drama.pro28,5,ID 7643272758042809345,The Botanist Who Seduced The Plant King,引诱植物王的植物学家,2026-05-25 21:35:25,20,5867648,1707,28.4,是 / Yes,dark romance、Romantic Complications、Fantasy,黑暗浪漫、浪漫并发症、奇幻,"Every plant on Earth woke up hungry, angry, and ready to kill — skyscrapers strangled by vines, sunflowers firing explosive seeds like cannons — and the only woman who can hear them speak just discovered the Plant King doesn't want peace, he wants her heart, literally and figuratively.",,否 / No,,https://www.tiktok.com/@drama.pro28
drama.pro28,drama.pro28,drama.pro28,6,ID 7644411193586750485,Thorns Under the Moon,月下荆棘,2026-05-27 23:30:41,31,794664,1817,30.3,是 / Yes,Royal Palace、Revenge、Mistaken Identities,皇宫、复仇、错误的身份,"Once an innocent moon witch, Ivy concealed her identity and fell in love with Crown Prince Liam. Yet on the night of the royal massacre, she was shot off a cliff by Liam himself. Three years later, she returns to the palace as a cold, sharp black lotus under the fake identity of a mysterious noble lady from another kingdom. Her goal is clear: to make the traitorous Liam and the entire imperial city pay dearly with blood.",,否 / No,,https://www.tiktok.com/@drama.pro28
drama.pro28,drama.pro28,drama.pro28,7,ID 7650101583333970952,My Farm Grows Mutant Dragons,我的农场里养着变异龙,2026-06-12 09:14:16,30,781260,1716,28.6,是 / Yes,Family & Ethics、Rural Area,家庭与道德、乡村,My Farm Grows Mutant Dragons,,否 / No,,https://www.tiktok.com/@drama.pro28
drama.pro28,drama.pro28,drama.pro28,8,ID 7650346917481993234,Bound by the Scar,被伤疤所束缚,2026-06-12 11:36:54,40,1465280,2264,37.7,是 / Yes,Adventure、Werewolf,冒险、狼人,Bound by the Scar,,否 / No,,https://www.tiktok.com/@drama.pro28
drama.pro28,drama.pro28,drama.pro28,9,ID 7653786497623200786,Prometheus The Fire Thief in Silicon Valley,硅谷的火盗普罗米修斯,2026-06-21 18:02:41,31,462760,2073,34.5,是 / Yes,City、Action,城市、行动,Leon creates free AI and fights reincarnated gods with policewoman Ava.,,否 / No,,https://www.tiktok.com/@drama.pro28
drama.pro28,drama.pro28,drama.pro28,10,ID 7652952117820855314,The Princess’s Dog Is a Man!,公主的狗是个男人！,2026-06-19 12:04:30,30,780287,1595,26.6,是 / Yes,Romantic Complications、Royal Palace、Mistaken Identities,浪漫并发症、皇宫、错误的身份,The Princess’s Dog Is a Man!,,否 / No,,https://www.tiktok.com/@drama.pro28
drama.pro28,drama.pro28,drama.pro28,11,ID 7624726251588244481,Reborn from the Ashes,从灰烬中重生,2026-05-31 11:51:50,30,331777,1852,30.9,是 / Yes,Revenge、Fantasy、Love Triangle,复仇、奇幻、三角恋,"Reborn from the Ashes, to revenge",,否 / No,,https://www.tiktok.com/@drama.pro28
drama.pro28,drama.pro28,drama.pro28,12,ID 7650346861983257608,Midnight Anchor,午夜锚,2026-06-12 11:36:37,40,323598,2336,38.9,是 / Yes,Mystery、Fantasy,神秘、奇幻,Midnight Anchor,,否 / No,,https://www.tiktok.com/@drama.pro28
drama.pro28,drama.pro28,drama.pro28,13,ID 7656912062085698567,The Abyssal Duke’s Pearl Queen,深渊公爵的珍珠女王,2026-06-30 04:13:50,40,793635,3705,61.8,是 / Yes,Royal Palace、Redemption、Family Disputes,皇宫、赎回、家庭纠纷,The Abyssal Duke’s Pearl Queen,,否 / No,,https://www.tiktok.com/@drama.pro28
drama.pro28,drama.pro28,drama.pro28,14,ID 7650346950767760392,The Shadow Lord's Substitute Bride,暗影领主的替身新娘,2026-06-12 11:36:52,30,870898,1809,30.1,是 / Yes,Fantasy、Mistaken Identities、First Love & Substitute,奇幻、错误的身份、初恋与替身,The Shadow Lord's Substitute Bride,,否 / No,,https://www.tiktok.com/@drama.pro28
drama.pro28,drama.pro28,drama.pro28,15,ID 7655348411968967688,Nine Lives Nine Black Belts,九命九黑带,2026-06-25 23:05:56,20,769191,2085,34.8,是 / Yes,Action、Fantasy,行动、奇幻,"A stray orange cat swallows lightning-struck ramen broth and unlocks nine deadly kung fu styles — one per life — teaming up with a broke, hot-tempered ex-boxer to fist-fight their way through New York's nastiest debt collectors before all nine lives burn out.",,否 / No,,https://www.tiktok.com/@drama.pro28
drama.pro28,drama.pro28,drama.pro28,16,ID 7647854078940845076,A Knight's Forbidden Heart,骑士禁忌之心,2026-06-07 17:03:12,30,788466,1631,27.2,是 / Yes,Romantic Complications、Werewolf、Enemies to Lovers,浪漫并发症、狼人、从敌人到恋人,"Alpha werewolf heiress Ella falls for Ruben, a mysterious knight who once robbed her. When Ruben’s secret identity as a forbidden vampire hybrid is exposed amid an enemy siege, they must navigate betrayal, hidden pasts, and intense romance to save their castle and prove that true love can conquer blood feuds.",,否 / No,,https://www.tiktok.com/@drama.pro28
drama.pro28,drama.pro28,drama.pro28,17,ID 7654265811636442130,Ghost Orchid: The Elf King's Obsession,幽灵兰：精灵王的痴迷,2026-06-23 01:03:23,51,821669,4415,73.6,是 / Yes,Contract Lovers、Married Life、Cultivation,合约爱好者、婚姻生活、栽培,Ghost Orchid: The Elf King's Obsession,,否 / No,,https://www.tiktok.com/@drama.pro28
drama.pro28,drama.pro28,drama.pro28,18,ID 7656958379994387463,Mind Over Heart,心胜于心,2026-06-30 07:11:47,31,3213953,2099,35.0,是 / Yes,Romantic Complications、Fantasy、Reconciliation,浪漫并发症、奇幻、和解,She regains memory and reunites with her destined lover finally.,,否 / No,,https://www.tiktok.com/@drama.pro28
drama.pro28,drama.pro28,drama.pro28,19,ID 7655348501660062727,The Zombie Queen Fell in Love With a Living Man,僵尸女王爱上了一个活人,2026-06-25 23:04:35,20,879842,2259,37.6,是 / Yes,Romantic Complications、End-of-the-World,浪漫并发症、世界末日,"She rules a million zombies with a single thought, but the one man she can't control is the one she's falling for — and both worlds want them dead for it.",,否 / No,,https://www.tiktok.com/@drama.pro28
drama.pro28,drama.pro28,drama.pro28,20,ID 7643081881415848976,Breath of Ghost Orchid,鬼兰之息,2026-06-01 01:59:22,30,767547,2278,38.0,是 / Yes,dark romance、Action、Fantasy,黑暗浪漫、行动、奇幻,Breath of Ghost Orchid,,否 / No,,https://www.tiktok.com/@drama.pro28
drama.pro28,drama.pro28,drama.pro28,21,ID 7645849485742314512,Betrayed by the Stars,被星星背叛,2026-06-01 00:08:13,30,539442,1757,29.3,是 / Yes,Fantasy、Love Triangle、Revenge,奇幻、三角恋、复仇,Betrayed by the Stars,,否 / No,,https://www.tiktok.com/@drama.pro28
drama.pro28,drama.pro28,drama.pro28,22,ID 7654251010734953490,The Wolf Throne,狼王座,2026-06-23 00:06:32,50,5774522,5314,88.6,是 / Yes,Mistaken Identities、Revenge、Royal Palace,错误的身份、复仇、皇宫,The Wolf Throne,,否 / No,,https://www.tiktok.com/@drama.pro28
drama.pro28,drama.pro28,drama.pro28,23,ID 7620813949222573087,She Rules the Ruins,她统治着废墟,2026-05-29 22:41:38,50,364195,3609,60.1,是 / Yes,Lost Child、Revenge、Family Feud,丢失的孩子、复仇、家庭恩怨,She Rules the Ruins. to revenge,,否 / No,,https://www.tiktok.com/@drama.pro28
drama.pro28,drama.pro28,drama.pro28,24,ID 7657976746188248071,Beast: His Dark Sea Bride,野兽：他的暗海新娘,2026-07-03 01:03:59,63,848271,5450,90.8,是 / Yes,Fantasy、Forced Love、dark romance,奇幻、强迫的爱、黑暗浪漫,Beast: His Dark Sea Bride,,否 / No,,https://www.tiktok.com/@drama.pro28
drama.pro28,drama.pro28,drama.pro28,25,ID 7640369785984947208,The Prince Who Kisses Me Only at Midnight,只在午夜亲吻我的王子,2026-06-29 23:31:34,30,849006,1636,27.3,是 / Yes,Romantic Complications、Fantasy、dark romance,浪漫并发症、奇幻、黑暗浪漫,"Every midnight, a Victorian prince walks out of her mirror to kiss her. Every kiss steals one year of her life and buys him one minute of freedom. She knows loving him will kill her. She sets the alarm anyway.",,否 / No,,https://www.tiktok.com/@drama.pro28
drama.pro28,drama.pro28,drama.pro28,26,ID 7647882882341639186,The Falling Star's Ultimatum,流星的最后通牒,2026-06-07 20:06:34,30,4321910,1734,28.9,是 / Yes,Political Intrigue、Cultivation、Redemption,政治阴谋、栽培、赎回,The Falling Star's Ultimatum,,否 / No,,https://www.tiktok.com/@drama.pro28
drama.pro28,drama.pro28,drama.pro28,27,ID 7655348689912960008,Styx Whiskers: Cats Who Sail the River of Souls,冥河须：航行灵魂之河的猫,2026-06-25 23:06:43,20,827460,2236,37.3,是 / Yes,Fantasy、Ensemble Cast、Adventure,奇幻、群像、冒险,"A one-eyed cat captain, a stray who can touch ghosts, and a fading white cat who sings the dead to sleep — sailing a river that connects every mythological underworld, fighting monsters made of dead cats coming back wrong, racing to stop whatever ancient horror reversed the flow of death itself.",,否 / No,,https://www.tiktok.com/@drama.pro28
drama.pro28,drama.pro28,drama.pro28,28,ID 7650346893511250951,Married to My Ex's Ruthless Uncle,嫁给了我前夫的无情叔叔,2026-06-12 11:34:41,30,356301,2070,34.5,是 / Yes,Married Life、Love After Marriage、Family Feud,婚姻生活、婚后的爱情、家庭恩怨,Married to My Ex's Ruthless Uncle,,否 / No,,https://www.tiktok.com/@drama.pro28
drama.pro28,drama.pro28,drama.pro28,29,ID 7656958479114392583,Midnight Anchor,午夜锚,2026-06-30 07:12:17,40,804509,2336,38.9,是 / Yes,Fantasy、Mystery、Redemption,奇幻、神秘、赎回,Midnight Anchor,,否 / No,,https://www.tiktok.com/@drama.pro28
drama.pro28,drama.pro28,drama.pro28,30,ID 7647854070455260180,Against the Tide,逆潮流而动,2026-06-07 16:54:04,30,512140,1635,27.2,是 / Yes,Superior and Inferior、Family Feud、Adventure,强弱逆袭、家庭恩怨、冒险,"In 1839 steampunk London, Lilyan disguises herself as a man to vote, only to be arrested. Hired by mysterious tycoon Ambrose, she becomes his secretary and uncovers his secret plan: using an ancient steam core to free enslaved spirits and women. When her sister—a hidden spirit—is targeted for sacrifice, Lilyan joins the “Fog Liberation Alliance.” Storming the Elder fortress, she shatters the enslaving rune machine. Finally, without disguise, she declares voting rights, work equality, and freedom from blood-based chains. A new dawn breaks over the Thames.",,否 / No,,https://www.tiktok.com/@drama.pro28
drama.pro28,drama.pro28,drama.pro28,31,ID 7656901076352029703,Lord Sinclair: The Poor Driver's Secret,辛克莱勋爵：可怜司机的秘密,2026-06-30 03:29:34,53,565676,4512,75.2,是 / Yes,Cultivation、Redemption、Romantic Complications,栽培、赎回、浪漫并发症,Lord Sinclair: The Poor Driver's Secret,,否 / No,,https://www.tiktok.com/@drama.pro28
drama.pro28,drama.pro28,drama.pro28,32,ID 7651498070064190471,Revenge of the Pregnant Seahorse,怀孕海马的复仇,2026-06-15 14:04:00,50,497957099,2991,49.9,是 / Yes,Family Feud、Reconciliation、Revenge,家庭恩怨、和解、复仇,Revenge of the Pregnant Seahorse,,否 / No,,https://www.tiktok.com/@drama.pro28
drama.pro28,drama.pro28,drama.pro28,33,ID 7643329262229099536,I Woke Up in the Wrong Mythology,我在错误的神话中醒来,2026-05-26 00:17:20,20,3106940,1984,33.1,是 / Yes,Adventure、Redemption、Multiverse,冒险、赎回、多元宇宙,"A chronically insomniac librarian falls asleep in a mythology section and wakes up INSIDE a different myth every single day—Vikings, Greek gods, Egyptian tombs—and must escape before sunset or be trapped in legend forever, while a mysterious blue-eyed stranger appears in every world wearing a different face.",,否 / No,,https://www.tiktok.com/@drama.pro28
drama.pro28,drama.pro28,drama.pro28,34,ID 7650349085320598535,Elemental Infinite Reaping,元素无限收割,2026-06-12 11:50:22,25,8061461,1551,25.9,是 / Yes,Fantasy、Adventure、Contract Lovers,奇幻、冒险、合约爱好者,Elemental Infinite Reaping,,否 / No,,https://www.tiktok.com/@drama.pro28
drama.pro28,drama.pro28,drama.pro28,35,ID 7645808130961544209,Cupid’s Broken Arrow,丘比特的断箭,2026-05-31 20:44:11,31,535590,1666,27.8,是 / Yes,Fantasy、Love Triangle、Romantic Complications,奇幻、三角恋、浪漫并发症,God descends to mortal world and falls into irreversible true love,,否 / No,,https://www.tiktok.com/@drama.pro28
drama.pro28,drama.pro28,drama.pro28,36,ID 7652952464336966663,Kissed by Death,被死亡之吻,2026-06-19 12:06:16,31,778179,1792,29.9,是 / Yes,Fantasy、Romantic Complications、Reconciliation,奇幻、浪漫并发症、和解,Two fated souls defy fate and evil to rekindle entangled lives.,,否 / No,,https://www.tiktok.com/@drama.pro28
drama.pro28,drama.pro28,drama.pro28,37,ID 7655332874811790344,I Wake Up With a New Superpower Daily,我每天醒来都拥有新的超能力,2026-06-25 22:03:56,20,375732,2412,40.2,是 / Yes,City、Adventure,城市、冒险,"A broke delivery girl gets struck by purple lightning and wakes up every morning with a random superpower she can't control — today she's invisible, tomorrow she breathes fire, and a secret organization is hunting her down before she discovers what she really is.",,否 / No,,https://www.tiktok.com/@drama.pro28
drama.pro28,drama.pro28,drama.pro28,38,ID 7653013751855682578,God Mode Striker,神模式前锋,2026-06-19 16:06:25,50,815907,4796,79.9,是 / Yes,Fantasy、Mistaken Identities、Sports,奇幻、错误的身份、运动的,God Mode Striker,,否 / No,,https://www.tiktok.com/@drama.pro28
drama.pro28,drama.pro28,drama.pro28,39,ID 7655348846830261266,Portal Hunter,传送门猎人,2026-06-25 23:07:49,60,803864,3861,64.3,是 / Yes,Fantasy、Lost Child、Action,奇幻、丢失的孩子、行动,Portal Hunter,,否 / No,,https://www.tiktok.com/@drama.pro28
drama.pro28,drama.pro28,drama.pro28,40,ID 7654251256902554642,Substitute Star,替补明星,2026-06-23 00:07:50,51,908410,3278,54.6,是 / Yes,Mistaken Identities、Celebrity、Revenge,错误的身份、名人、复仇,A double avenges being framed by swapping lives and exposing the star.,,否 / No,,https://www.tiktok.com/@drama.pro28
drama.pro28,drama.pro28,drama.pro28,41,ID 7647802750641656852,The Gilded Spire,镀金尖塔,2026-06-08 13:00:22,29,16796665,2117,35.3,是 / Yes,dark romance、Palace/Mansion Intrigue、Royal Palace,黑暗浪漫、宫殿/豪宅阴谋、皇宫,The Gilded Spire,,否 / No,,https://www.tiktok.com/@drama.pro28
drama.pro28,drama.pro28,drama.pro28,42,ID 7640529526480753684,Executions of the Lone Overlord,处决孤独霸主,2026-05-18 06:32:37,10,1673230,608,10.1,是 / Yes,Revenge、Challenge/Quests in Game、Love Triangle,复仇、游戏中的挑战/任务、三角恋,Executions of the Lone Overlord,,否 / No,,https://www.tiktok.com/@drama.pro28
drama.pro28,drama.pro28,drama.pro28,43,ID 7645880449717310472,The Vine Mother,葡萄树妈妈,2026-06-01 01:59:22,31,9760334,1669,27.8,是 / Yes,End-of-the-World、Lost Child、Revenge,世界末日、丢失的孩子、复仇,A mother fights her cruel captors to protect her plant-child in the apocalypse.,,否 / No,,https://www.tiktok.com/@drama.pro28
drama.pro28,drama.pro28,drama.pro28,44,ID 7650349237095502855,"They Buried the Beast, But He Dug His Way Out",他们埋葬了野兽，但他却挖出了出路,2026-06-12 11:46:02,22,4876414,1936,32.3,是 / Yes,Revenge、Cultivation,复仇、栽培,Beast digs his way out,,否 / No,,https://www.tiktok.com/@drama.pro28
drama.pro28,drama.pro28,drama.pro28,45,ID 7653493052673692679,"Hobo Swallows Iron, NYC Kneels",流浪汉吞下铁，纽约下跪,2026-06-20 23:06:09,24,828028,1704,28.4,是 / Yes,Action、City,行动、城市,"Hobo Swallows Iron, NYC Kneels",,否 / No,,https://www.tiktok.com/@drama.pro28
drama.pro28,drama.pro28,drama.pro28,46,ID 7645802916195963911,Valkyrie's Vengeance: Blood Moon Rising,瓦尔基里的复仇：血月升起,2026-05-31 18:58:15,30,79555059,1675,27.9,是 / Yes,Love Triangle、Fantasy、Revenge,三角恋、奇幻、复仇,Valkyrie's Vengeance: Blood Moon Rising,,否 / No,,https://www.tiktok.com/@drama.pro28
drama.pro28,drama.pro28,drama.pro28,47,ID 7655332933607363591,OLYMPUS ZERO: The Gods Are Already Dead,奥林匹斯零：众神已死,2026-06-25 22:06:22,20,3014288,2224,37.1,是 / Yes,Cultivation、Adventure,栽培、冒险,"A college girl gets sucked into Mount Olympus — but every god is now a zombie that still has their powers, and she's the only human alive in a heaven that's rotting from the inside out.",,否 / No,,https://www.tiktok.com/@drama.pro28
drama.pro28,drama.pro28,drama.pro28,48,ID 7650348573195981831,The Exiles Covenant,流亡者盟约,2026-06-12 11:42:53,30,12201621,2229,37.1,是 / Yes,Adventure、Cultivation,冒险、栽培,The Exiles Covenant,,否 / No,,https://www.tiktok.com/@drama.pro28
drama.pro28,drama.pro28,drama.pro28,49,ID 7657992798872228872,My Alien CEO: Stealing My Life,我的外星人首席执行官：偷走我的生活,2026-07-03 02:06:19,50,772530,3925,65.4,是 / Yes,Revenge、Family Feud,复仇、家庭恩怨,My Alien CEO: Stealing My Life,,否 / No,,https://www.tiktok.com/@drama.pro28
drama.pro28,drama.pro28,drama.pro28,50,ID 7654251118251267079,My House is a Mimic,我的房子是一个模仿者,2026-06-23 00:05:51,31,369204,1584,26.4,是 / Yes,Mystery、Fantasy,神秘、奇幻,"A man finds his house is sentient, defends it from demolition, shelters other magical buildings.",,否 / No,,https://www.tiktok.com/@drama.pro28
drama.pro28,drama.pro28,drama.pro28,51,ID 7598091798258455583,The Dragon Slayer Abandoned magic,屠龙者被遗弃的魔法,2026-01-23 19:09:49,6,14201357,417,7.0,是 / Yes,Revenge、Lost Child、Cultivation,复仇、丢失的孩子、栽培,God becomes a servant to save his daughter.,,否 / No,,https://www.tiktok.com/@drama.pro28
drama.pro28,drama.pro28,drama.pro28,52,ID 7572184257880232991,Snail Girl,蜗牛女孩,2025-11-14 20:58:42,5,38434674,315,5.2,是 / Yes,Revenge、Redemption、Fantasy,复仇、赎回、奇幻,A magical snail girl enslaved by a greedy man returns with her tribe to burn his town and unleash an army of flesh-eating snails in this dark fantasy revenge tale 🐚🔥,,否 / No,,https://www.tiktok.com/@drama.pro28
drama.pro28,drama.pro28,drama.pro28,53,ID 7624933861180527633,Healer of the Devil,恶魔的治愈者,2026-04-14 09:36:42,28,4100907,1741,29.0,是 / Yes,Family & Ethics、Royal Palace、Redemption,家庭与道德、皇宫、赎回,"Healer of the Devil, Fantasy",,否 / No,,https://www.tiktok.com/@drama.pro28
drama.pro28,drama.pro28,drama.pro28,54,ID 7582587162332533790,The Medusa Writer's Revenge,美杜莎作家的复仇,2025-12-12 19:57:27,10,5256203,800,13.3,是 / Yes,Fantasy、Revenge,奇幻、复仇,"Don't mess up with Hollywood's ghostwriter, especially when she is Medusa.",,否 / No,,https://www.tiktok.com/@drama.pro28
drama.pro28,drama.pro28,drama.pro28,55,ID 7569901831745279007,The Prince's Serpent Bride,王子的蛇新娘,2025-11-07 22:58:20,26,43538624,2068,34.5,是 / Yes,Revenge、Fantasy,复仇、奇幻,He's an elf prince CEO. She's his pregnant Medusa maid. Questions?,,否 / No,,https://www.tiktok.com/@drama.pro28
drama.pro28,drama.pro28,drama.pro28,56,ID 7620785021619688478,The Cinder Throne,余烬王座,2026-04-01 11:27:14,44,12711963,2859,47.6,是 / Yes,Fantasy、Redemption、Revenge,奇幻、赎回、复仇,"The Cinder Throne, dragon Heir",,否 / No,,https://www.tiktok.com/@drama.pro28
drama.pro28,drama.pro28,drama.pro28,57,ID 7638350759637193748,"Reborn in Wonderland, I Woke Up With Powers",重生在仙境，醒来时拥有力量,2026-05-11 06:10:50,30,3699451,1678,28.0,是 / Yes,Redemption、Fantasy、Revenge,赎回、奇幻、复仇,"Reborn in Wonderland, I Woke Up With Powers",,否 / No,,https://www.tiktok.com/@drama.pro28
drama.pro28,drama.pro28,drama.pro28,58,ID 7598574865456878623,Medusa’s Mission,美杜莎的使命,2026-01-24 09:58:31,5,5371215,278,4.6,是 / Yes,Fantasy、Spy Drama、Contract Lovers,奇幻、谍战剧、合约爱好者,"Weird New Mission, and The Rebirth of Medusa",,否 / No,,https://www.tiktok.com/@drama.pro28
drama.pro28,drama.pro28,drama.pro28,59,ID 7606734132869338143,The Princess’ Secret Guard,公主的秘密卫士,2026-02-19 09:57:42,18,289461971,1561,26.0,是 / Yes,Sismance、Fantasy、Betrayal,西斯芒斯、奇幻、背叛,"The Princess’ Secret Guard, The Girl Who Fought Like a Man",,否 / No,,https://www.tiktok.com/@drama.pro28
drama.pro28,drama.pro28,drama.pro28,60,ID 7604498059464266783,QUEEN MEDUSA,美杜莎女王,2026-02-12 20:03:30,20,61332035,1510,25.2,是 / Yes,Revenge、Ensemble Cast、Fantasy,复仇、群像、奇幻,Monster babies. A toxic ex. A war of the gods. Who rules the seas?,,否 / No,,https://www.tiktok.com/@drama.pro28
drama.pro28,drama.pro28,drama.pro28,61,ID 7611519412713264158,"Dated by the Knight, Hunted by the Gods",被骑士约会，被众神追捕,2026-03-01 09:44:43,29,11318413,2000,33.3,是 / Yes,Love Triangle、Adventure、Cultivation,三角恋、冒险、栽培,My Blood Awakened the Abyss Lord,,否 / No,,https://www.tiktok.com/@drama.pro28
drama.pro28,drama.pro28,drama.pro28,62,ID 7585162895588119583,The Mind Reading Knight,读心骑士,2025-12-19 21:40:39,5,1660239,289,4.8,是 / Yes,Enemies to Lovers、Betrayal、Fantasy,从敌人到恋人、背叛、奇幻,Reading mind in ANY time.,,否 / No,,https://www.tiktok.com/@drama.pro28
drama.pro28,drama.pro28,drama.pro28,63,ID 7639357284103132180,She Burns Brighter Than Dragonfire,她燃烧得比龙火更明亮,2026-05-14 20:41:05,19,44139790,1330,22.2,是 / Yes,Revenge、Cultivation、Redemption,复仇、栽培、赎回,"In a world ruled by dragons, the only girl born without scales is branded a curse — until the ancient Dragon King awakens for her blood, and every dragon who ever burned her discovers she carries the one power that can make gods kneel.",,否 / No,,https://www.tiktok.com/@drama.pro28
drama.pro28,drama.pro28,drama.pro28,64,ID 7592472287400547359,Waking up in 3000 A.D.,在公元 3000 年醒来,2026-01-07 20:34:11,5,3123373,321,5.3,是 / Yes,Adventure、Ensemble Cast、Fantasy,冒险、群像、奇幻,Waking up in 3000 A.D. in the future,,否 / No,,https://www.tiktok.com/@drama.pro28
drama.pro28,drama.pro28,drama.pro28,65,ID 7564730715745768478,The Holy War,圣战,2025-10-24 23:42:41,10,111957570,651,10.8,是 / Yes,Revenge、Bromance、Cultivation,复仇、兄弟情谊、栽培,"the Archangel Michael must confront his brother Lucifer, whose pride ignites a rebellion that threatens the fate of both Heaven and Humanity",,否 / No,,https://www.tiktok.com/@drama.pro28
drama.pro28,drama.pro28,drama.pro28,66,ID 7606384062311486494,Beast King's Forbidden Love,兽王的禁忌之爱,2026-02-15 10:22:17,21,54617043,1361,22.7,是 / Yes,Fantasy、Revenge,奇幻、复仇,Served to the Beast and loved,,否 / No,,https://www.tiktok.com/@drama.pro28
drama.pro28,drama.pro28,drama.pro28,67,ID 7581432846615680031,Mermaid In A Manhole,沙井里的美人鱼,2025-12-09 19:17:19,5,116697826,338,5.6,是 / Yes,Forced Love、dark romance、Fantasy,强迫的爱、黑暗浪漫、奇幻,Mermaid In A Manhole,,否 / No,,https://www.tiktok.com/@drama.pro28
drama.pro28,drama.pro28,drama.pro28,68,ID 7568457063823840286,Blood and Crown,血与王冠,2025-11-03 23:18:29,5,9960053,413,6.9,是 / Yes,Redemption、Adventure、Cultivation,赎回、冒险、栽培,Human greed stirs blood and chaos,,否 / No,,https://www.tiktok.com/@drama.pro28
drama.pro28,drama.pro28,drama.pro28,69,ID 7639314184873972737,The Archmage's Rebirth,大法师的重生,2026-05-14 09:37:16,10,486084,880,14.7,是 / Yes,Challenge/Quests in Game、Revenge,游戏中的挑战/任务、复仇,The Archmage's Rebirth,,否 / No,,https://www.tiktok.com/@drama.pro28
drama.pro28,drama.pro28,drama.pro28,70,ID 7594424241987261470,My boyfriend is a fish,我的男朋友是一条鱼,2026-01-14 16:04:23,4,61454050,343,5.7,是 / Yes,Fantasy、Love Triangle、Betrayal,奇幻、三角恋、背叛,She drowned human. She woke up princess.,,否 / No,,https://www.tiktok.com/@drama.pro28
drama.pro28,drama.pro28,drama.pro28,71,ID 7638350660186051605,DoomsdayMy InfiniteLuxuryBunker,世界末日我的无限豪华地堡,2026-05-11 05:20:06,30,3841923,1766,29.4,是 / Yes,Revenge、Challenge/Quests in Game、Love Triangle,复仇、游戏中的挑战/任务、三角恋,DoomsdayMy InfiniteLuxuryBunker,,否 / No,,https://www.tiktok.com/@drama.pro28
drama.pro28,drama.pro28,drama.pro28,72,ID 7614532575561913374,My World Betrays Me,我的世界背叛了我,2026-03-11 09:54:19,49,4818568,3439,57.3,是 / Yes,Ensemble Cast、Revenge、Cultivation,群像、复仇、栽培,"My World Betrays Me, But I learn to fight",,否 / No,,https://www.tiktok.com/@drama.pro28
drama.pro28,drama.pro28,drama.pro28,73,ID 7599961574648058911,Dark Edge,黑暗边缘,2026-01-30 09:42:33,5,922280,372,6.2,是 / Yes,Lost Child、Challenge/Quests in Game、Adventure,丢失的孩子、游戏中的挑战/任务、冒险,Dark Edge,,否 / No,,https://www.tiktok.com/@drama.pro28
drama.pro28,drama.pro28,drama.pro28,74,ID 7638365976530293781,Trapping the Sin-Maid,诱捕罪女,2026-05-11 11:03:47,29,8307506,1656,27.6,是 / Yes,Revenge、Vampire,复仇、吸血鬼,Trapping the Sin-Maid,,否 / No,,https://www.tiktok.com/@drama.pro28
drama.pro28,drama.pro28,drama.pro28,75,ID 7593603926201603103,Bound to The Forbidden,绑定到禁忌,2026-01-13 20:43:48,5,860214,414,6.9,是 / Yes,Cultivation、Love After Marriage、Betrayal,栽培、婚后的爱情、背叛,Mind reader falling in love in mile high.,,否 / No,,https://www.tiktok.com/@drama.pro28
drama.pro28,drama.pro28,drama.pro28,76,ID 7639357288775685141,Unchained Tides: The Siren They Couldn't Break,不受束缚的潮汐：他们无法打破的海妖,2026-05-14 21:23:44,26,23500480,1993,33.2,是 / Yes,Mistaken Identities、Adventure、Fantasy,错误的身份、冒险、奇幻,"A marine biologist infiltrates a brutal underground aquarium and discovers its star captive isn't a genetic hoax — she's the last living mermaid, her blood holds the secret to immortality, and falling for her could drown them both.",,否 / No,,https://www.tiktok.com/@drama.pro28
duniadrama43,DuniaDrama,DuniaDrama,1,ID 7648482998765278229,Istri kontrak sang taipan,,2026-06-07 11:01:17,58,830659,3820,63.7,是 / Yes,Married Life、Contract Lovers、Family Feud,婚姻生活、合约爱好者、家庭恩怨,"Willow, seorang gadis miskin yang tangguh dan terlilit utang, bertemu dengan Damian, seorang taipan kejam yang berkuasa. Sebuah pernikahan transaksional mengikat mereka. Di tengah kesalahpahaman, konflik keluarga yang sengit, dan rahasia tersembunyi, mereka saling jatuh cinta. Willow menemukan bahwa dia adalah ahli waris yang telah lama hilang dari klan kaya raya. Lily misterius yang telah dicari Damian ternyata adalah Willow sendiri. Cinta mereka akhirnya menang atas semua kesulitan.",,否 / No,,https://www.tiktok.com/@duniadrama43
duniadrama43,DuniaDrama,DuniaDrama,2,ID 7653271129843504149,Forced Wed to a Wealthy Magnate,被迫嫁给一个富有的大亨,2026-06-20 08:41:40,62,345513,3947,65.8,是 / Yes,Business Competition、Family Feud、Redemption,商业竞赛、家庭恩怨、赎回,"Rumors spread that Elena was forced by her family to marry Adrian, a down-and-out heir, in her sister's place, while her sister took her seemingly wealthy fiancé for herself. After the marriage, she accidentally discovered that her husband was actually the ruler of a top-tier conglomerate. With her outstanding business talent, she helped him solidify his power and stage a remarkable comeback.",,否 / No,,https://www.tiktok.com/@duniadrama43
duniadrama43,DuniaDrama,DuniaDrama,3,ID 7651539270054056978,MEMORY ANTIBODY,记忆抗体,2026-06-15 16:40:59,40,177855,2557,42.6,是 / Yes,Fantasy、Mystery、Enemies to Lovers,奇幻、神秘、从敌人到恋人,"As an elite hunter, K-7 gets trapped in a baffling conspiracy when ordered to capture fugitive Spirit Butterfly and extract her memories. Set in near-future Neo Kowloon where memories are traded and modified freely, both are disposable pawns of Project E-7, an initiative creating human-weapon specimens. K-7 turns out to be the biological son of L-0, the project’s core designer, while Spirit Butterfly bears all of L-0’s wiped memories as the vital key. Caught between hunt and escape, they unearth the memory scheme, the hidden mother-son secret and their destined bond step by step. In the finale",,是 / Yes,,https://www.tiktok.com/@duniadrama43
duniadrama43,DuniaDrama,DuniaDrama,4,ID 7654317359964083207,The Heiress Behind His Empire,帝国背后的女继承人,2026-06-23 04:21:44,40,324338,2555,42.6,是 / Yes,Family & Ethics、Family Feud、Mistaken Identities,家庭与道德、家庭恩怨、错误的身份,"Avery Kingsley, a hidden wealthy heiress, abandons her noble identity to accompany her husband Julian to start a business and secretly pave the way for his career. Right before his company goes public, Julian looks down on Avery and files for a divorce. Heartbroken, Avery returns to take charge of the powerful Kingsley Group. Julian later realizes his so-called business empire is entirely built by Avery. Amid fierce business struggles and family intrigues, Avery breaks free from the past and becomes a strong independent leader.",,否 / No,,https://www.tiktok.com/@duniadrama43
duniadrama43,DuniaDrama,DuniaDrama,5,ID 7654323007615226898,Silent Stake: Hidden Truth,沉默的赌注：隐藏的真相,2026-06-23 04:43:22,40,201910,2404,40.1,是 / Yes,Enemies to Lovers、Family Disputes、Family Feud,从敌人到恋人、家庭纠纷、家庭恩怨,"Clair Winston, a fallen socialite, returns with a secret equity stake, disrupting a century-old merger between two powerful clans. Cold heir Adrian Blackwood initially sees her as a threat, yet they team up amid suspicion and tension. Together, they uncover truths behind a decade-old yacht blast, family bankruptcy, and hidden dark money. Amid fierce power struggles, identity twists and intense chemistry, they fight the mysterious Silent Stakeholder pulling all strings.",,否 / No,,https://www.tiktok.com/@duniadrama43
duniadrama43,DuniaDrama,DuniaDrama,6,ID 7651044475682296840,My 27-Year-old chaste CEO,我的27岁贞洁总裁,2026-06-14 08:40:56,28,795916,1952,32.5,是 / Yes,Romantic Complications、Contract Lovers、Family Feud,浪漫并发症、合约爱好者、家庭恩怨,"A penniless nursing student spent an unforgettable night with a reserved billionaire in a desperate bid to save her dying younger sister. She later became his maid, only to find that he would melt his icy heart and claim her for his own forever.",,否 / No,,https://www.tiktok.com/@duniadrama43
duniadrama43,DuniaDrama,DuniaDrama,7,ID 7649859282912957461,Thorned Kiss Idols Revenge Darling,荆棘之吻偶像复仇亲爱的,2026-06-11 04:02:41,60,346362,3775,62.9,是 / Yes,Enemies to Lovers、Romantic Complications、Celebrity,从敌人到恋人、浪漫并发症、名人,"Sienna, a top anti-fan, publicly denounces superstar Julian, triggering a huge online storm. Forced by public pressure, she signs a fake couple contract with him and moves into his mansion. Living together, they test each other but gradually fall for each other, accidentally getting involved in a dark capital conspiracy. After betrayals, breakups and life-and-death trials, they join hands to expose the plot, clearing all grievances. Finally, the former enemies become true lovers.",,否 / No,,https://www.tiktok.com/@duniadrama43
duniadrama43,DuniaDrama,DuniaDrama,8,ID 7650364154997494804,Magic Supreme,魔法至尊,2026-06-12 12:40:59,39,319846,2603,43.4,是 / Yes,Adventure、Cultivation,冒险、栽培,"When an ancient-goddess-reincarnated girl and her ""Beauty and the Beast Corps"" thwart a revenge-driven elven reincarnation plot, they discover the true enemy is a demon of words from the abyss—and this victory is merely the prelude to a greater game between divine realms and imperial ambitions.",,否 / No,,https://www.tiktok.com/@duniadrama43
duniadrama43,DuniaDrama,DuniaDrama,9,ID 7654323011515978760,Midnight Elopement Ex Begs Return,午夜私奔前男友乞求归来,2026-06-23 04:43:21,40,320223,2537,42.3,是 / Yes,Childhood Sweethearts、Revenge、Family Feud,青梅竹马、复仇、家庭恩怨,"Waitress Evelyn is betrayed and humiliated by her fiancé Caleb, abandoned in the rain. Desperate, she reunites with childhood friend Dante, a mafia leader. Evelyn awakens to fight back, exposes the scumbag ex, joins Dante to defeat family plots and business traps. From a discarded nobody to a powerful winner, she gains true love and dignity.",,否 / No,,https://www.tiktok.com/@duniadrama43
duniadrama43,DuniaDrama,DuniaDrama,10,ID 7642245804916331528,The Elite Marriage,精英婚姻,2026-05-22 01:40:32,35,854051,2129,35.5,是 / Yes,Family Feud、Contract Lovers、Married Life,家庭恩怨、合约爱好者、婚姻生活,The Elite Marriage,,否 / No,,https://www.tiktok.com/@duniadrama43
duniadrama43,DuniaDrama,DuniaDrama,11,ID 7654323016259671047,My Grandpa's girlfriend Is a Dinosaur,我爷爷的女朋友是恐龙,2026-06-23 04:43:26,40,774116,2324,38.7,是 / Yes,City、Age Gap/Older Boyfriend、Family & Ethics,城市、年龄差距/年长的男朋友、家庭与道德,"78-year-old veteran Max falls for Luna, a half-human-high alien T-rex in his nursing home. Family resists, but her kindness wins them over. When criminals kidnap his grandson, the family rescues her. After awakening her powers, Luna is recalled to her home planet, and Max chooses to go with her.",,否 / No,,https://www.tiktok.com/@duniadrama43
duniadrama43,DuniaDrama,DuniaDrama,12,ID 7644465688865674256,Duke's Captive,公爵的俘虏,2026-06-04 12:07:29,23,208768,1346,22.4,是 / Yes,Reconciliation、Revenge、Vampire,和解、复仇、吸血鬼,"Betrayed and killed by the woman he loved in their past life, a vampire duke locks her in a cage of obsessive possession after they both wake up reborn—only to find that this time, she’s not his enemy, but his most dangerous weapon of revenge.",,否 / No,,https://www.tiktok.com/@duniadrama43
duniadrama43,DuniaDrama,DuniaDrama,13,ID 7642238891109667847,Ten Wrong Heir,十个错误的继承人,2026-05-21 23:20:24,25,777179,1361,22.7,是 / Yes,Family Disputes、Lost Child、Family Feud,家庭纠纷、丢失的孩子、家庭恩怨,"It tells the story of Anna Hart, the female protagonist, who was raised as an outsider by the Miller family for twenty years. When George fell critically ill, she was ruthlessly cast out by the family. Later, she unexpectedly learns that she is the true heir to the family. She then uncovers the truth behind her mother’s murder two decades ago, ultimately exacting revenge and vindicating her identity.",,否 / No,,https://www.tiktok.com/@duniadrama43
duniadrama43,DuniaDrama,DuniaDrama,14,ID 7654503719668569108,Soft Cage: She Closed the Door,软笼：她关上了门,2026-06-23 16:24:51,40,315922,2452,40.9,是 / Yes,Revenge、Family Feud、Reconciliation,复仇、家庭恩怨、和解,"Evel Ashford, a wealthy heiress, marries Adrian, an ambitious commoner. He poisons her, controls her mind, and seizes her fortune. Pretending insane, Evel teams up with old love Simon to gather evidence. She exposes Adrian and his mistress Leah, tears off the fake marriage, regains everything, and takes charge of her life.",,否 / No,,https://www.tiktok.com/@duniadrama43
duniadrama43,DuniaDrama,DuniaDrama,15,ID 7648825022831809557,Unsilenced：Soul Slaughters,不沉默：灵魂屠杀,2026-06-08 09:08:39,39,334208,2585,43.1,是 / Yes,Courtroom Drama、City,法庭剧、城市,"Six-year-old genius Ella survives a brutal assault by a serial killer. Twenty years later, as a top prosecutor, she recognizes his signature in a new string of murders. Haunted but unbroken, Ella hunts the demon who destroyed her childhood. After a dangerous game of cat and mouse, she brings him to justice. Her ultimate triumph is not just personal vengeance; she spearheads a landmark legal reform, ensuring such predators can no longer escape the ultimate punishment. The victim becomes the architect of justice.",,否 / No,,https://www.tiktok.com/@duniadrama43
duniadrama43,DuniaDrama,DuniaDrama,16,ID 7653379485659714561,My Contracted Billionaire,我的契约亿万富翁,2026-06-20 15:42:15,62,332002,3950,65.8,是 / Yes,Romantic Complications、Family Feud、Contract Lovers,浪漫并发症、家庭恩怨、合约爱好者,"A fake marriage romance about proud designer Lina Carter and controlling tycoon Ethan Blake, who enter a one year contract for money and status. What begins as a cold transaction turns into intense attraction, hidden obsession, and true love—until the controlling man falls hard for the woman he tried to own.",,否 / No,,https://www.tiktok.com/@duniadrama43
duniadrama43,DuniaDrama,DuniaDrama,17,ID 7654503766759478293,Cold CEO: Sweet Fake Love,冷总裁：甜蜜的假爱,2026-06-23 16:24:49,40,315495,2359,39.3,是 / Yes,Contract Lovers、Family Feud、Married Life,合约爱好者、家庭恩怨、婚姻生活,"Mia, a humble waitress, signs a one-year fake marriage with cold tycoon Logan to redeem her late grandma’s pub. Facing rival’s schemes and family intrigues, she fights back bravely, rises from a contract wife to true love, breaks biases and wins her life.",,否 / No,,https://www.tiktok.com/@duniadrama43
duniadrama43,DuniaDrama,DuniaDrama,18,ID 7650220543073883157,Love Beyond Deal,爱超越交易,2026-06-12 03:24:30,59,920923,3932,65.5,是 / Yes,Love After Marriage、Married Life、City,婚后的爱情、婚姻生活、城市,"Elena, a former brilliant ballerina reduced to a hotel pianist, signs a 6-month contract marriage with Sebastian, a cold and domineering tycoon, to cover her mother’s medical bills. Living together, they go from cautious testing to deep affection, facing family opposition, capital conspiracies and past traumas hand in hand. They save each other, grow together, and finally turn a fake marriage into a lifelong love.",,否 / No,,https://www.tiktok.com/@duniadrama43
duniadrama43,DuniaDrama,DuniaDrama,19,ID 7654581505649906709,Black Gold Rose: The Heir’s Forbidden Song,黑金玫瑰：继承者的禁歌,2026-06-23 21:26:44,40,191214,2384,39.7,是 / Yes,Business Competition、Workplace、Enemies to Lovers,商业竞赛、职场、从敌人到恋人,"Black heiress Alison was framed and exiled three years ago. Now she returns strongly, teams up with rival capital hunter Kyle, exposes her stepmother's conspiracy with external consortiums, seizes core port assets, settles old family scores. They guard family glory side by side amid love and hate, completing a dark gold counterattack.",,否 / No,,https://www.tiktok.com/@duniadrama43
duniadrama43,DuniaDrama,DuniaDrama,20,ID 7653466818488669201,Shadow Heiress: Hidden Truth,影子女继承人：隐藏的真相,2026-06-20 21:20:59,40,315672,2364,39.4,是 / Yes,Mistaken Identities、Revenge、City,错误的身份、复仇、城市,"Orphan Selene is taken to a manor by ambitious heir Damian, forced to impersonate missing heiress Eve due to their identical looks. With psychologist Noah’s secret help, she exposes plots of drugging, surveillance and identity forgery, fights back, regains her true identity and redeems herself.",,否 / No,,https://www.tiktok.com/@duniadrama43
duniadrama43,DuniaDrama,DuniaDrama,21,ID 7644468573410825233,Experiment Brother,实验兄弟,2026-06-05 15:00:28,25,238732,1471,24.5,是 / Yes,Mistaken Identities、Adventure、Fantasy,错误的身份、冒险、奇幻,"Zane, a mutant with a living mark, is rescued by his adoptive sister Lila. Her touch is the antidote to his poison and the key to his powers. Hunted by a mad scientist, they escape a collapsing alien lab. Lila’s blood awakens his space‑ripping and mind‑control abilities. They destroy the monster doctor, flee the self‑destructing base, and crash back to Earth—free at last, not as siblings, but as soulmates.",,否 / No,,https://www.tiktok.com/@duniadrama43
duniadrama43,DuniaDrama,DuniaDrama,22,ID 7649869639589221397,Stars Secret Keeper,明星秘密守护者,2026-06-11 04:42:33,62,339500,3870,64.5,是 / Yes,Superior and Inferior、Celebrity、Romantic Complications,强弱逆袭、名人、浪漫并发症,"Julian Thorne, a top Hollywood actor and wealthy heir, is cold and lonely, trapped by his controlling family. Aria Miller, a gifted photography student, becomes his assistant to save her family. She sees his true self through her lens; he secretly protects her from danger. As they fight his mother’s schemes and class barriers, they heal each other, break free from their chains, and find love in the light.",,否 / No,,https://www.tiktok.com/@duniadrama43
duniadrama43,DuniaDrama,DuniaDrama,23,ID 7654463314029745160,Campus Magic,校园魔法,2026-06-23 13:47:52,40,320382,2089,34.8,是 / Yes,Cultivation、Superior and Inferior、Political Intrigue,栽培、强弱逆袭、政治阴谋,"In the magic-ruled Elder Continent, bloodline supremacy dominates the sacred Saint Glory Royal Magic Academy. Ryder Gray, a powerless orphan labeled a worthless curse-bearer, endures endless bullying from arrogant noble students and is reduced to a menial servant. He accidentally awakens the forbidden Void Pupil, a lost magic that can analyze, absorb and crack all spells. Hiding his power, he grows stronger in secret and forms a loyal alliance with Erin, a talented fallen noble girl. Step by step, they uncover the academy’s dark truth—senior officials steal ordinary students’ magic essence to",,否 / No,,https://www.tiktok.com/@duniadrama43
duniadrama43,DuniaDrama,DuniaDrama,24,ID 7651895606801290241,The Pretense Game,假装游戏,2026-06-16 15:43:54,48,321394,3404,56.7,是 / Yes,Family & Ethics、Family Feud、Mistaken Identities,家庭与道德、家庭恩怨、错误的身份,"To save her mother, who is dying from late-stage stomach cancer, impoverished student Ella is forced to pose as a wealthy heiress and enter the brutal “Pretense Game.” Teaming up with Leo, another impostor, she fights back against the identity tests and humiliation of an elite campus, uncovers the foundation’s money-laundering scheme hidden behind its scholarship program, and finds true love between lies and truth.",,否 / No,,https://www.tiktok.com/@duniadrama43
duniadrama43,DuniaDrama,DuniaDrama,25,ID 7648495019644425232,Love Bites,爱咬,2026-06-07 11:48:09,60,2077767,3704,61.7,是 / Yes,Married Life、Fantasy、Enemies to Lovers,婚姻生活、奇幻、从敌人到恋人,"In a world where fruits live as people, a fable on a plate foretells all: Steak weds Egg; jealous Tomato is eaten. Kind Cherry, bullied by Durian and Pineapple, finds hope in Square Watermelon. She later marries the changed Durian, sparking Pineapple's fury. As Cherry's love redeems a family, a wedding knife is blocked by Durian. Three stories, one truth—sacrifice defines worth.",,否 / No,,https://www.tiktok.com/@duniadrama43
duniadrama43,DuniaDrama,DuniaDrama,26,ID 7657387119568196624,High Domain’s Fall,高域的陨落,2026-07-01 10:54:24,60,316466,3771,62.9,是 / Yes,Ensemble Cast、Family Disputes、Family Feud,群像、家庭纠纷、家庭恩怨,"When the head of a top tycoon suffers a sudden stroke, a power vacuum sparks fierce family infighting. Rebellious second son Leo, ruthless eldest daughter Catherine and weak youngest son Toby compete fiercely. Scheming C Monica seeks revenge in secret, while Wall Street vulture Simon eyes the empire. A deadly game of greed, betrayal and power unfolds, who will claim the ultimate domain in the end?",,否 / No,,https://www.tiktok.com/@duniadrama43
duniadrama43,DuniaDrama,DuniaDrama,27,ID 7658478515481875473,Rose Manor: Hidden Legacy,玫瑰庄园：隐藏的遗产,2026-07-04 09:29:19,40,315135,2407,40.1,是 / Yes,Family Disputes、Family Feud、Redemption,家庭纠纷、家庭恩怨、赎回,"Fallen heiress Evelyn returns to the wealthy circle as an art restorer, sneaking into the mysterious Rose Manor to investigate her father’s death. She teams up with cold heir Arthur, uncovering schemes, exposing the ""White Rose"" syndicate, and navigating revenge and love to find the truth.",,否 / No,,https://www.tiktok.com/@duniadrama43
duniadrama43,DuniaDrama,DuniaDrama,28,ID 7654131746962789377,Era Reset: Olympus Rises,时代重置：奥林巴斯崛起,2026-06-22 16:21:15,40,244800,2041,34.0,是 / Yes,Action、Fantasy,行动、奇幻,"Millennia ago, Olympian gods and Titans vanished into mortal lives after their great war. Now, Earth's dimensional imbalance triggers a 72-hour cosmic reset. Zeus and Athena lead the Order faction to protect humanity, while Cronus' Chaos Legion seeks to erase civilization and restore divine tyranny. The trickster Loki and his serpent Jörmungandr hold the fate of both worlds in this neon-lit urban apocalypse.",,否 / No,,https://www.tiktok.com/@duniadrama43
duniadrama43,DuniaDrama,DuniaDrama,29,ID 7654632665026728980,Throne Beneath Power and Lies,权力与谎言之下的王座,2026-06-24 00:45:17,40,283226,2302,38.4,是 / Yes,Workplace、Contract Lovers、Revenge,职场、合约爱好者、复仇,"Bankrupt heiress Evelyn, as an M&A consultant, signs a contract marriage with cold tycoon Alexander to uncover her family’s collapse plot. They test each other, seize power together, expose wealthy capital secrets and family traitors. From mutual use to side-by-side, they finally win back everything and gain true love.",,否 / No,,https://www.tiktok.com/@duniadrama43
duniadrama43,DuniaDrama,DuniaDrama,30,ID 7649890506696299540,Hidden Heiress & Secret Vow,隐藏的女继承人和秘密誓言,2026-06-11 06:03:05,60,346932,3696,61.6,是 / Yes,Family Feud、Contract Lovers、Married Life,家庭恩怨、合约爱好者、婚姻生活,"Anna, a struggling lawyer, signs a hidden marriage contract with cold-hearted tycoon heir Lucas to save her seriously ill mother. Caught in a brutal family power struggle, she faces plots from the stepmother, ex-fiancée and hidden schemers. From tentative suspicion and fierce rivalry, they join forces to expose dark family secrets. Breaking all shackles, they finally choose to walk side by side with independence.",,否 / No,,https://www.tiktok.com/@duniadrama43
duniadrama43,DuniaDrama,DuniaDrama,31,ID 7642248296563512328,Awakening the Day of Reckoning,觉醒清算之日,2026-05-22 01:47:35,35,812008,2169,36.1,是 / Yes,City、Superior and Inferior、Revenge,城市、强弱逆袭、复仇,Awakening the Day of Reckoning,,否 / No,,https://www.tiktok.com/@duniadrama43
duniadrama43,DuniaDrama,DuniaDrama,32,ID 7654323020193944583,Zombie Siege: The Last Immune,僵尸围攻：最后的免疫,2026-06-23 04:43:32,45,326853,3049,50.8,是 / Yes,End-of-the-World、Childhood Sweethearts、Adventure,世界末日、青梅竹马、冒险,"Three years after the Pale Dawn virus, lower-zone survivor Ava is betrayed and thrown onto a bait truck. When her blood reveals a rare stabilizing code, she joins Kane, an old classmate turned zombie king, to expose Ark City’s sacrifice system and Eden Core’s experiments. Together, they fight to build Dawn City, where no one’s life is decided by status.",,否 / No,,https://www.tiktok.com/@duniadrama43
duniadrama43,DuniaDrama,DuniaDrama,33,ID 7654503720579421204,"Harbour Secrets, Crown Cracks",港口秘密，皇冠裂缝,2026-06-23 16:24:51,40,176868,2421,40.4,是 / Yes,Redemption、Business Competition、Family Feud,赎回、商业竞赛、家庭恩怨,"Fallen PR expert Ivy gets entangled in Klein Shipping’s inheritance storm while probing her mother’s disappearance. Heir Lucas is trapped in scandals. Teaming up, they fight his scheming cousin, crooked lawyer and fake engagement plot. Uncovering decade-old forged trusts and dock bombing secrets, they tear open the cracks in the capital crown.",,否 / No,,https://www.tiktok.com/@duniadrama43
lovebiteshorts,lovebiteshorts,lovebiteshorts,1,ID 7655181300995265556,Hidden Bodyguard Royal Gambit,隐藏保镖皇家策略,2026-06-25 12:14:56,40,66016,2372,39.5,是 / Yes,Contract Lovers、Family Feud、Business Competition,合约爱好者、家庭恩怨、商业竞赛,"Reclusive power leader Leon returns to the city and meets independent heiress Ella. They make a deal: Leon protects Ella as a bodyguard. Together they fight a greedy uncle, jealous rival and dark forces. Through business wars, plots and dangers, they fall in love, reveal their power, defeat enemies and embrace each other.",,否 / No,,https://www.tiktok.com/@lovebiteshorts
lovebiteshorts,lovebiteshorts,lovebiteshorts,2,ID 7654415732939314183,Soft Cage: She Closed the Door,软笼：她关上了门,2026-06-23 10:45:16,40,129963,2452,40.9,是 / Yes,Reconciliation、Married Life、Family Feud,和解、婚姻生活、家庭恩怨,"Evel Ashford, a wealthy heiress, marries Adrian, an ambitious commoner. He poisons her, controls her mind, and seizes her fortune. Pretending insane, Evel teams up with old love Simon to gather evidence. She exposes Adrian and his mistress Leah, tears off the fake marriage, regains everything, and takes charge of her life.",,否 / No,,https://www.tiktok.com/@lovebiteshorts
lovebiteshorts,lovebiteshorts,lovebiteshorts,3,ID 7654853746421290000,Midnight Bond of Two Hearts,午夜两心的羁绊,2026-06-24 15:05:09,62,124561,4084,68.1,是 / Yes,Family Feud、Contract Lovers、Romantic Complications,家庭恩怨、合约爱好者、浪漫并发症,"Poor girl Sophie starts a dangerous contract with cold tycoon Leon. He dominates possessively while she teases back, drawing each other in. As his white light returns and dark plots unfold, they break free from control and temptation, falling from deal to true love in intense sweet tension.",,否 / No,,https://www.tiktok.com/@lovebiteshorts
lovebiteshorts,lovebiteshorts,lovebiteshorts,4,ID 7655250959504839700,Noble Fall Forbidden Warmth,高贵的秋天 禁忌的温暖,2026-06-25 16:48:07,60,101808,3508,58.5,是 / Yes,Contract Lovers、Family Feud、Family Disputes,合约爱好者、家庭恩怨、家庭纠纷,"Sevillana, a wealthy lady, suffers unfair treatment from her selfish family. Her elder sister is ruined by a political marriage, which makes her distrust love deeply. After being betrayed by her boyfriend, she meets the seemingly poor Ash on a rainy night and signs a companionship contract with him. As they stay together, true love grows between them. Meanwhile, she fights against her greedy relatives who attempt to seize power. In fact, Ash is the heir of a top noble family. They overcome all difficulties and prejudices, and finally stay together happily.",,否 / No,,https://www.tiktok.com/@lovebiteshorts
lovebiteshorts,lovebiteshorts,lovebiteshorts,5,ID 7654410246172988424,"Harbour Secrets, Crown Cracks",港口秘密，皇冠裂缝,2026-06-23 10:24:00,40,138140,2421,40.4,是 / Yes,Family Disputes、Family Feud、Redemption,家庭纠纷、家庭恩怨、赎回,"Fallen PR expert Ivy gets entangled in Klein Shipping’s inheritance storm while probing her mother’s disappearance. Heir Lucas is trapped in scandals. Teaming up, they fight his scheming cousin, crooked lawyer and fake engagement plot. Uncovering decade-old forged trusts and dock bombing secrets, they tear open the cracks in the capital crown.",,否 / No,,https://www.tiktok.com/@lovebiteshorts
lovebiteshorts,lovebiteshorts,lovebiteshorts,6,ID 7654921224564560916,Gilded Bond: True Love,镀金债券：真爱,2026-06-24 19:26:42,40,439329,2490,41.5,是 / Yes,Contract Lovers、Family Feud、Romantic Complications,合约爱好者、家庭恩怨、浪漫并发症,"Tough jewelry designer Elena agrees to fake dating cold tycoon Lucas to pay her father’s debt. They grow from a contract to true love, facing rivals, family power struggles and business plots. Saving each other, they break wealthy chains and become each other’s only true love.",,否 / No,,https://www.tiktok.com/@lovebiteshorts
lovebiteshorts,lovebiteshorts,lovebiteshorts,7,ID 7654478082883146760,Rose Manor: Hidden Legacy,玫瑰庄园：隐藏的遗产,2026-06-23 14:45:58,40,92816,2407,40.1,是 / Yes,Mystery、Family Feud、Mistaken Identities,神秘、家庭恩怨、错误的身份,"Fallen heiress Evelyn returns to the wealthy circle as an art restorer, sneaking into the mysterious Rose Manor to investigate her father’s death. She teams up with cold heir Arthur, uncovering schemes, exposing the ""White Rose"" syndicate, and navigating revenge and love to find the truth.",,否 / No,,https://www.tiktok.com/@lovebiteshorts
lovebiteshorts,lovebiteshorts,lovebiteshorts,8,ID 7655251024138998805,Rose Reborn Golden Vengeance,玫瑰重生黄金复仇,2026-06-25 16:46:24,39,75750,2321,38.7,是 / Yes,City、Mistaken Identities、Romantic Complications,城市、错误的身份、浪漫并发症,"Eileen, the sole heir of a wealthy aristocratic family, gave up her huge fortune to marry Bryan, an ordinary entrepreneur. She devoted all her savings and connections to help him build his business. However, Bryan betrayed her, colluding with Lena, the financial director, to embezzle assets and frame Eileen, forcing her to leave with nothing. After five years of hard training abroad, Eileen returned as a top business operator. She launched a comprehensive commercial counterattack, breaking down Bryan's business empire step by step. In the end, the two villains got their due punishment. Eileen",,否 / No,,https://www.tiktok.com/@lovebiteshorts
lovebiteshorts,lovebiteshorts,lovebiteshorts,9,ID 7646820426089337872,Love Beyond Deal,爱超越交易,2026-06-05 13:13:39,60,799008,3932,65.5,是 / Yes,Married Life、Family Feud、Love After Marriage,婚姻生活、家庭恩怨、婚后的爱情,"Elena, a former brilliant ballerina reduced to a hotel pianist, signs a 6-month contract marriage with Sebastian, a cold and domineering tycoon, to cover her mother’s medical bills. Living together, they go from cautious testing to deep affection, facing family opposition, capital conspiracies and past traumas hand in hand. They save each other, grow together, and finally turn a fake marriage into a lifelong love.",,否 / No,,https://www.tiktok.com/@lovebiteshorts
lovebiteshorts,lovebiteshorts,lovebiteshorts,10,ID 7654921192478725141,Throne of Wolves: Fate Binds,狼王座：命运结合,2026-06-24 19:26:44,40,190425,2282,38.0,是 / Yes,Vampire、Romantic Complications、Superior and Inferior,吸血鬼、浪漫并发症、强弱逆袭,"Orphan Liana, a hidden werewolf descendant, endures abuse as vampire heir Carrion’s maid. Abandoned, she awakens her wolf blood, joins werewolf leader Raven, and seeks revenge. She infiltrates vampire castles, uncovers plots, fights foes, navigates love-hate struggles, finally claims the wolf throne and builds a new order.",,否 / No,,https://www.tiktok.com/@lovebiteshorts
lovebiteshorts,lovebiteshorts,lovebiteshorts,11,ID 7654183866877924372,Midnight Elopement Ex Begs Return,午夜私奔前男友乞求归来,2026-06-22 19:44:27,40,196458,2537,42.3,是 / Yes,Childhood Sweethearts、Family Feud、Revenge,青梅竹马、家庭恩怨、复仇,"Waitress Evelyn is betrayed and humiliated by her fiancé Caleb, abandoned in the rain. Desperate, she reunites with childhood friend Dante, a mafia leader. Evelyn awakens to fight back, exposes the scumbag ex, joins Dante to defeat family plots and business traps. From a discarded nobody to a powerful winner, she gains true love and dignity.",,否 / No,,https://www.tiktok.com/@lovebiteshorts
lovebiteshorts,lovebiteshorts,lovebiteshorts,12,ID 7631152610900333586,Duke's Captive,公爵的俘虏,2026-04-22 16:07:56,23,1123474,1300,21.7,是 / Yes,Vampire、Revenge,吸血鬼、复仇,"Betrayed and killed by the woman he loved in their past life, a vampire duke locks her in a cage of obsessive possession after they both wake up reborn—only to find that this time, she’s not his enemy, but his most dangerous weapon of revenge.",,否 / No,,https://www.tiktok.com/@lovebiteshorts
lovebiteshorts,lovebiteshorts,lovebiteshorts,13,ID 7658491960818422805,Atlantis Love Song of the Sea,亚特兰蒂斯海洋情歌,2026-07-04 10:23:38,59,171004,3945,65.8,是 / Yes,Action、City、Redemption,行动、城市、赎回,"Ten thousand years ago, Atlantis fell. The sea god's son, Saen, was sealed away. When the seal breaks, he falls into modern Los Angeles. Musician Orfina saves him and awakens as the other half of his lost divinity. Together, they fight the agency MED and the ancient Deep Sea Shadow. They recover the golden halberd, fuse their twin powers, and end ten thousand years of darkness. The old law separating gods and humans is abolished. Peace returns to the world.",,否 / No,,https://www.tiktok.com/@lovebiteshorts
lovebiteshorts,lovebiteshorts,lovebiteshorts,14,ID 7655169257475281940,Moonlit Wolf’s Fated Love,月夜狼的命中注定的爱情,2026-06-25 11:28:36,40,166247,2443,40.7,是 / Yes,Werewolf、Romantic Complications、Mistaken Identities,狼人、浪漫并发症、错误的身份,"Healing girl Layla meets purebred wolf heir Kalen in forbidden forest. Fated love blooms across races. They fight wolf clan conflicts and villain plots. From distrust to devotion, they overcome barriers, save each other, and live a destined love.",,否 / No,,https://www.tiktok.com/@lovebiteshorts
lovebiteshorts,lovebiteshorts,lovebiteshorts,15,ID 7648116405712557077,Kissed You at the End of the Night,在深夜吻了你,2026-06-06 11:20:57,60,820820,3885,64.8,是 / Yes,Family Feud、Contract Lovers、Married Life,家庭恩怨、合约爱好者、婚姻生活,"Willow, a poor and resilient girl struggling with heavy debts, has a fateful encounter with Damian, a ruthless, powerful tycoon. A transactional marriage binds them together. Amid misunderstandings, fierce family conflicts, and hidden secrets, they gradually fall for each other. Willow discovers she’s the long-lost heir of a wealthy clan. What’s more, the mysterious Lily Damian has searched for for years turns out to be Willow herself. Their love finally triumphs over all hardships.",,否 / No,,https://www.tiktok.com/@lovebiteshorts
lovebiteshorts,lovebiteshorts,lovebiteshorts,16,ID 7654478037631177746,Throne Beneath Power and Lies,权力与谎言之下的王座,2026-06-23 14:46:52,40,81356,2303,38.4,是 / Yes,Redemption、Family Disputes、Family Feud,赎回、家庭纠纷、家庭恩怨,"Bankrupt heiress Evelyn, as an M&A consultant, signs a contract marriage with cold tycoon Alexander to uncover her family’s collapse plot. They test each other, seize power together, expose wealthy capital secrets and family traitors. From mutual use to side-by-side, they finally win back everything and gain true love.",,否 / No,,https://www.tiktok.com/@lovebiteshorts
lovebiteshorts,lovebiteshorts,lovebiteshorts,17,ID 7654478043783762962,Black Gold Rose: The Heir’s Forbidden Song,黑金玫瑰：继承者的禁歌,2026-06-23 14:45:58,40,337046,2383,39.7,是 / Yes,Family Feud、Reconciliation、Business Competition,家庭恩怨、和解、商业竞赛,"Black heiress Alison was framed and exiled three years ago. Now she returns strongly, teams up with rival capital hunter Kyle, exposes her stepmother's conspiracy with external consortiums, seizes core port assets, settles old family scores. They guard family glory side by side amid love and hate, completing a dark gold counterattack.",,否 / No,,https://www.tiktok.com/@lovebiteshorts
lovebiteshorts,lovebiteshorts,lovebiteshorts,18,ID 7658708874106852373,Stand-In Bride Spoiled Crazy by Underworld Tycoon,替身新娘被黑道大亨宠疯了,2026-07-05 00:24:44,40,158068,2230,37.2,是 / Yes,Married Life、Family Feud、Contract Lovers,婚姻生活、家庭恩怨、合约爱好者,"A poor girl, Lynn, becomes a stand‑in bride for Ethan, a ruthless underworld tycoon. He pays for her mother’s surgery—no feelings allowed. But when the real “fiancée” returns, Lynn leaves heartbroken. Ethan hunts her down, saves her from a fire, and reveals the truth: there was no other woman. Claire was a fake. Lynn was his one true love all along. She forgives him, and the substitute becomes his queen.",,否 / No,,https://www.tiktok.com/@lovebiteshorts
lovebiteshorts,lovebiteshorts,lovebiteshorts,19,ID 7654853676909253649,The Night I Bought Him,我买下他的那个晚上,2026-06-24 15:05:07,40,104100,2674,44.6,是 / Yes,Revenge、Contract Lovers、Family Feud,复仇、合约爱好者、家庭恩怨,"Amnesiac heiress Celeste buys rival tyco Adrian to uncover her parents' death. They pretend to be lovers, spy on each other, and team up against her scheming brother. Unraveling dark secrets and old conspiracies, they find truth and true love amid revenge and tension.",,否 / No,,https://www.tiktok.com/@lovebiteshorts
lovebiteshorts,lovebiteshorts,lovebiteshorts,20,ID 7650072957359952904,Forced Wed to a Wealthy Magnate,被迫嫁给一个富有的大亨,2026-06-17 23:53:28,62,356589,3947,65.8,是 / Yes,Family Feud、Married Life、Mistaken Identities,家庭恩怨、婚姻生活、错误的身份,"Rumors spread that Elena was forced by her family to marry Adrian, a down-and-out heir, in her sister's place, while her sister took her seemingly wealthy fiancé for herself. After the marriage, she accidentally discovered that her husband was actually the ruler of a top-tier conglomerate. With her outstanding business talent, she helped him solidify his power and stage a remarkable comeback.",,否 / No,,https://www.tiktok.com/@lovebiteshorts
lovebiteshorts,lovebiteshorts,lovebiteshorts,21,ID 7655181271949120532,Pretended Frailty: Whole Heart,假装脆弱：全心全意,2026-06-25 12:14:55,40,72018,2391,39.9,是 / Yes,Romantic Complications、Family Feud、Redemption,浪漫并发症、家庭恩怨、赎回,"Cold tycoon Kai pretends to be weak to avoid disputes. He meets healing illustrator Evelyn, who takes care of him. They fall in love amid warm companionship. Facing rival troubles and family plots, Kai secretly protects her. Finally, he reveals his identity, loves her openly, and they heal each other for a lifetime.",,否 / No,,https://www.tiktok.com/@lovebiteshorts
lovebiteshorts,lovebiteshorts,lovebiteshorts,22,ID 7658250287890748432,The Thorn Crown: Elena's Game,荆棘王冠：埃琳娜的游戏,2026-07-03 18:44:39,60,93264,3731,62.2,是 / Yes,Contract Lovers、Revenge、Family Feud,合约爱好者、复仇、家庭恩怨,"Elena, a noble lady, was used as a marriage tool by her family. After marriage, her husband Karen betrayed her and brought his mistress and illegitimate child home. She also suffered unfair treatment from her in-laws and selfish relatives. Having fallen into despair, she decided to fight back. With outstanding business talent, she seized power step by step. She teamed up with Oliver, the richest tycoon, to defeat all enemies. In the end, she took control of business groups and became a powerful, independent female leader.",,否 / No,,https://www.tiktok.com/@lovebiteshorts
lovebiteshorts,lovebiteshorts,lovebiteshorts,23,ID 7654853749977928721,Urban Passion: Pure Love,都市激情：纯爱,2026-06-24 15:05:04,40,105372,2463,41.0,是 / Yes,City、Flipped、Love Life of Ordinary People,城市、翻转、普通人的爱情生活,"Independent café owner Emma meets talented ad creative director Lucas. From first spark to smooth teamwork, they share sweet moments, resolve misunderstandings and small conflicts. In a light urban comedy vibe, they fall in love, telling a warm sweet love story",,否 / No,,https://www.tiktok.com/@lovebiteshorts
lovebiteshorts,lovebiteshorts,lovebiteshorts,24,ID 7654916065725682689,CEO’s Hidden Fate,CEO隐藏的命运,2026-06-24 19:06:44,62,163634,4098,68.3,是 / Yes,City、Reconciliation、Romantic Complications,城市、和解、浪漫并发症,"Sober planner Sophie has a one-night flit with tycoon Ryan after a drunken night. She flees the next day, only to join his firm years later. A fake imposter takes her place. Calm and resilient, she exposes lies, wins his true love, and rewrites their fate.",,否 / No,,https://www.tiktok.com/@lovebiteshorts
lovebiteshorts,lovebiteshorts,lovebiteshorts,25,ID 7652714170932188161,Shadow Heiress: Hidden Truth,影子女继承人：隐藏的真相,2026-06-26 19:53:06,40,112990,2364,39.4,是 / Yes,Family Feud、Mistaken Identities、Revenge,家庭恩怨、错误的身份、复仇,"Orphan Selene is taken to a manor by ambitious heir Damian, forced to impersonate missing heiress Eve due to their identical looks. With psychologist Noah’s secret help, she exposes plots of drugging, surveillance and identity forgery, fights back, regains her true identity and redeems herself.",,否 / No,,https://www.tiktok.com/@lovebiteshorts
lovebiteshorts,lovebiteshorts,lovebiteshorts,26,ID 7647480284648117256,Hidden Heiress & Secret Vow,隐藏的女继承人和秘密誓言,2026-06-04 18:11:34,60,371055,3696,61.6,是 / Yes,Contract Lovers、Family Disputes、Family Feud,合约爱好者、家庭纠纷、家庭恩怨,"Anna, a struggling lawyer, signs a hidden marriage contract with cold-hearted tycoon heir Lucas to save her seriously ill mother. Caught in a brutal family power struggle, she faces plots from the stepmother, ex-fiancée and hidden schemers. From tentative suspicion and fierce rivalry, they join forces to expose dark family secrets. Breaking all shackles, they finally choose to walk side by side with independence.",,否 / No,,https://www.tiktok.com/@lovebiteshorts
lovebiteshorts,lovebiteshorts,lovebiteshorts,27,ID 7650072939324380168,My Contracted Billionaire,我的契约亿万富翁,2026-06-18 11:22:59,62,324858,3950,65.8,是 / Yes,Romantic Complications、Contract Lovers、Family Feud,浪漫并发症、合约爱好者、家庭恩怨,"A fake marriage romance about proud designer Lina Carter and controlling tycoon Ethan Blake, who enter a one year contract for money and status. What begins as a cold transaction turns into intense attraction, hidden obsession, and true love—until the controlling man falls hard for the woman he tried to own.",,否 / No,,https://www.tiktok.com/@lovebiteshorts
lovebiteshorts,lovebiteshorts,lovebiteshorts,28,ID 7655181308771210261,Billionaire’s Pretense: Real Love,亿万富翁的伪装：真爱,2026-06-25 12:16:01,40,173504,2420,40.3,是 / Yes,Love After Marriage、Romantic Complications、Family Feud,婚后的爱情、浪漫并发症、家庭恩怨,"Poor painter Winnie is actually a hidden art top star. She marries into a wealthy family for debt, becoming a laughingstock. Cold tycoon Samuel pretends to love another, but secretly loves Winnie. They fake identities, clear enemies, and turn a contract into true love.",,否 / No,,https://www.tiktok.com/@lovebiteshorts
lovebiteshorts,lovebiteshorts,lovebiteshorts,29,ID 7654921214071133205,Hidden Wolf Heiress’s Edge,隐狼女继承人的边缘,2026-06-24 19:26:46,40,326028,2390,39.8,是 / Yes,Adventure、Werewolf、Contract Lovers,冒险、狼人、合约爱好者,"Wealthy heiress Elena gets caught in an arms plot and meets hidden wolf prince Kane. Fleeing danger and faking marriage, they team up against villains, expose wolf gene experiments, survive betrayals and blood moon awakenings. Finally, they defeat foes, claim the throne and wed under the dark moon, guarding peace between humans and wolves.",,否 / No,,https://www.tiktok.com/@lovebiteshorts
lovebiteshorts,lovebiteshorts,lovebiteshorts,30,ID 7655251013976757269,Glass Estate Palpitation of Love,玻璃庄园爱情的心悸,2026-06-25 16:46:28,60,167080,3703,61.7,是 / Yes,Contract Lovers、Family Feud、Romantic Complications,合约爱好者、家庭恩怨、浪漫并发症,"Elena, an ordinary florist, meets Alexander, the heir of a wealthy family at a banquet. They start as fake lovers and gradually fall for each other. Faced with huge status gaps, strong family opposition and troubles from Alexander's ex-fiancée, the two experience many misunderstandings and hardships. Yet they stick to their love bravely. Eventually, they break through all obstacles, walk hand in hand into marriage, and live a sweet life in the glass estate.",,否 / No,,https://www.tiktok.com/@lovebiteshorts
lovebiteshorts,lovebiteshorts,lovebiteshorts,31,ID 7654853752003859457,Betrayed Heiress: Dark Revenge,被背叛的女继承人：黑暗复仇,2026-06-24 15:04:08,40,92904,2432,40.5,是 / Yes,Family Feud、Family Disputes,家庭恩怨、家庭纠纷,"Amnesiac heiress Celeste was framed by her cousin and fiancé, stripped of inheritance and disgraced. Three years later, she returns as a mysterious capital consultant, teams up with cold capital hunter Alexander, exposes family money laundering, avenges betrayers, regains everything and completes dark revenge amid love and hate.",,否 / No,,https://www.tiktok.com/@lovebiteshorts
lovebiteshorts,lovebiteshorts,lovebiteshorts,32,ID 7631493210996560914,Experiment Brother,实验兄弟,2026-04-22 17:11:44,25,815905,1499,25.0,是 / Yes,Redemption、Fantasy、Adventure,赎回、奇幻、冒险,"Zane, a mutant with a living mark, is rescued by his adoptive sister Lila. Her touch is the antidote to his poison and the key to his powers. Hunted by a mad scientist, they escape a collapsing alien lab. Lila’s blood awakens his space‑ripping and mind‑control abilities. They destroy the monster doctor, flee the self‑destructing base, and crash back to Earth—free at last, not as siblings, but as soulmates.",,否 / No,,https://www.tiktok.com/@lovebiteshorts
lovebiteshorts,lovebiteshorts,lovebiteshorts,33,ID 7655181290114929685,Cold Legacy Deadly Pact,冰冷遗产致命契约,2026-06-25 12:14:59,40,57700,2277,38.0,是 / Yes,Family Feud、Revenge,家庭恩怨、复仇,"Poor heir Sevien's family is ruined by old tycoon West. Biding his time, he teams up with independent queen Ella and luxury tycoon, exposes offshore crimes, takes revenge, breaks monopoly, rebuilds order and rises from poverty.",,否 / No,,https://www.tiktok.com/@lovebiteshorts
lovebiteshorts,lovebiteshorts,lovebiteshorts,34,ID 7655251013976691733,Silent Turmoil Eternal Bond,无声的骚动 永恒的羁绊,2026-06-25 16:48:12,59,108400,3603,60.0,是 / Yes,Family Feud、Enemies to Lovers、Crime,家庭恩怨、从敌人到恋人、犯罪,"Two major underworld forces confront each other in West City. Quinn, the young leader of the Old Domain, suffers betrayal from his trusted follower, leaving his power on the verge of collapse. Mia, daughter of the rival gang's leader, detests her family's cruel deeds and always upholds kindness. The two start as enemies and gradually become allies. They expose plots, punish traitors and fight against brutal tyranny. After countless battles, trials of power and struggles of human nature, they break the doomed fate, end years of chaos and finally bring peace back to the whole city.",,否 / No,,https://www.tiktok.com/@lovebiteshorts
lovebiteshorts,lovebiteshorts,lovebiteshorts,35,ID 7654916078950388752,Black Crown: Heir’s Deception,黑王冠：继承人的欺骗,2026-06-24 19:06:38,40,113693,2361,39.4,是 / Yes,Business Competition、Lost Child、Family Feud,商业竞赛、丢失的孩子、家庭恩怨,"Disgraced heiress Isabella teams up with ruthless tycoon Damian in a twisted inheritance battle. They fight a scheming brother, hypocritical father and hidden mastermind, exposing money laundering and identity fraud. She tears down the dark empire and rebuilds a new order.",,否 / No,,https://www.tiktok.com/@lovebiteshorts
lovebiteshorts,lovebiteshorts,lovebiteshorts,36,ID 7654183897706009620,Silent Stake: Hidden Truth,沉默的赌注：隐藏的真相,2026-06-22 19:45:26,40,135760,2404,40.1,是 / Yes,Business Competition、Enemies to Lovers、Family Feud,商业竞赛、从敌人到恋人、家庭恩怨,"Clair Winston, a fallen socialite, returns with a secret equity stake, disrupting a century-old merger between two powerful clans. Cold heir Adrian Blackwood initially sees her as a threat, yet they team up amid suspicion and tension. Together, they uncover truths behind a decade-old yacht blast, family bankruptcy, and hidden dark money. Amid fierce power struggles, identity twists and intense chemistry, they fight the mysterious Silent Stakeholder pulling all strings.",,否 / No,,https://www.tiktok.com/@lovebiteshorts
lovebiteshorts,lovebiteshorts,lovebiteshorts,37,ID 7657482306508067856,Noble Blood Fated Bond,高贵的血缘纽带,2026-07-01 17:04:58,40,110812,2375,39.6,是 / Yes,Mistaken Identities、Family Feud、Family & Ethics,错误的身份、家庭恩怨、家庭与道德,"After sleeping for a thousand years, Isolde, a medieval British noble lord, wakes up and takes over the body of the real daughter of the wealthy Sawyer family, who was exiled to the countryside for eighteen years. Back home, she breaks prejudice, rectifies household affairs and exposes the hypocrisy of the fake daughter Evelyn. With profound knowledge and extraordinary bearing, she gains a firm foothold in the upper class. She meets Samuel, the powerful leader of Hart Group. The two fall in love and fight side by side. They defeat hostile capital, eliminate internal traitors, and uncover the e",,是 / Yes,,https://www.tiktok.com/@lovebiteshorts
lovebiteshorts,lovebiteshorts,lovebiteshorts,38,ID 7654916098466386960,Wealth Cage: Fatal Lie,财富笼：致命谎言,2026-06-24 19:06:40,40,203505,2403,40.0,是 / Yes,Family Disputes、Family Feud,家庭纠纷、家庭恩怨,"Financial investigator Elena probes a frozen billion-dollar trust, trapped in a fake heir scam. Teaming with rebellious heir Theo, she exposes identity fraud, uncovers money laundering plots, tears down the capital cage and ends the scheme.",,否 / No,,https://www.tiktok.com/@lovebiteshorts
lovebiteshorts,lovebiteshorts,lovebiteshorts,39,ID 7657755473404154900,Silent Vengeance Of A Lady,一位女士的无声复仇,2026-07-02 10:45:15,59,97371,3460,57.7,是 / Yes,Love Triangle、Married Life、Family Feud,三角恋、婚姻生活、家庭恩怨,"Vivian, a talented Wall Street trader, gave up her career to help her husband Braden build a business empire. However, Braden betrayed her with his COO Chloe and tried to seize all their assets. Heartbroken but calm, Vivian collected evidence secretly and planned her revenge step by step. With the help of Theodore, who had loved and guarded her for years, she defeated all villains, took back her business and revitalized the group. Finally, she stood at the peak of her career and embraced true love.",,否 / No,,https://www.tiktok.com/@lovebiteshorts
lovebiteshorts,lovebiteshorts,lovebiteshorts,40,ID 7646782155787342855,Stars Secret Keeper,明星秘密守护者,2026-06-05 13:13:39,62,315781,3870,64.5,是 / Yes,Celebrity、Superior and Inferior、Romantic Complications,名人、强弱逆袭、浪漫并发症,"Julian Thorne, a top Hollywood actor and wealthy heir, is cold and lonely, trapped by his controlling family. Aria Miller, a gifted photography student, becomes his assistant to save her family. She sees his true self through her lens; he secretly protects her from danger. As they fight his mother’s schemes and class barriers, they heal each other, break free from their chains, and find love in the light.",,否 / No,,https://www.tiktok.com/@lovebiteshorts
lovebiteshorts,lovebiteshorts,lovebiteshorts,41,ID 7650343567600473109,My 27-Year-old chaste CEO,我的27岁贞洁总裁,2026-06-12 11:24:36,30,350108,2011,33.5,是 / Yes,Family Feud、Contract Lovers、Family & Ethics,家庭恩怨、合约爱好者、家庭与道德,"A penniless nursing student spent an unforgettable night with a reserved billionaire in a desperate bid to save her dying younger sister. She later became his maid, only to find that he would melt his icy heart and claim her for his own forever.",,否 / No,,https://www.tiktok.com/@lovebiteshorts
lovebiteshorts,lovebiteshorts,lovebiteshorts,42,ID 7647398478791939080,Thorned Kiss Idols Revenge Darling,荆棘之吻偶像复仇亲爱的,2026-06-04 12:55:06,60,185991,3775,62.9,是 / Yes,Contract Lovers、Revenge、Celebrity,合约爱好者、复仇、名人,"Sienna, a top anti-fan, publicly denounces superstar Julian, triggering a huge online storm. Forced by public pressure, she signs a fake couple contract with him and moves into his mansion. Living together, they test each other but gradually fall for each other, accidentally getting involved in a dark capital conspiracy. After betrayals, breakups and life-and-death trials, they join hands to expose the plot, clearing all grievances. Finally, the former enemies become true lovers.",,否 / No,,https://www.tiktok.com/@lovebiteshorts
lovebiteshorts,lovebiteshorts,lovebiteshorts,43,ID 7655181300047156245,Capital Empire True Rivals,首都帝国真正的对手,2026-06-25 12:15:32,40,276711,2346,39.1,是 / Yes,Enemies to Lovers、Family Feud、Business Competition,从敌人到恋人、家庭恩怨、商业竞赛,"Top heir Leon and rival Eve are tied by fate since youth. They compete fiercely in capital games while secretly protecting each other. Uncovering plots and family schemes, they turn rivals into lovers and build a new empire together.",,否 / No,,https://www.tiktok.com/@lovebiteshorts
lovebiteshorts,lovebiteshorts,lovebiteshorts,44,ID 7654921181643953173,Throne of Nobles: The Prodigal’s Power,贵族王座：浪子的力量,2026-06-24 19:26:45,40,321456,2401,40.0,是 / Yes,Mistaken Identities、Political Intrigue、Family Feud,错误的身份、政治阴谋、家庭恩怨,"Playboy heir Ethan hides shrewdness behind a reckless facade. Scheming step by step, he teams with rivals, exposes family crimes, overthrows hidden masterminds, dismantles the old order, seizes the throne, and stages a disguised comeback in wealthy power struggles.",,否 / No,,https://www.tiktok.com/@lovebiteshorts
lovebiteshorts,lovebiteshorts,lovebiteshorts,45,ID 7655181304463741973,Gilded Gambit House of Plots,镀金棋局情节之屋,2026-06-25 12:15:53,40,105808,2365,39.4,是 / Yes,Family Feud、Ensemble Cast、Business Competition,家庭恩怨、群像、商业竞赛,"After the Kane patriarch falls into a coma without a will, a power struggle erupts. Second son Elias and youngest daughter Sophia unite against their ambitious elder brother, a Wall Street tycoon, and a family rival. They root out traitors, fend off capital attacks, settle feuds, and save the century-old empire.",,否 / No,,https://www.tiktok.com/@lovebiteshorts
lovebiteshorts,lovebiteshorts,lovebiteshorts,46,ID 7642589654734312455,kiss or kill,亲吻或杀死,2026-05-24 07:16:53,39,783925,2526,42.1,是 / Yes,Contract Lovers、Family Feud、Romantic Complications,合约爱好者、家庭恩怨、浪漫并发症,"A hitwoman is forced by a system to make her mafia target fall in love with her—only to discover he knew her true identity all along, and would rather tear the system apart than let her go.",,否 / No,,https://www.tiktok.com/@lovebiteshorts
lovebiteshorts,lovebiteshorts,lovebiteshorts,47,ID 7654410248601654279,Cold CEO: Sweet Fake Love,冷总裁：甜蜜的假爱,2026-06-23 10:23:59,40,138928,2359,39.3,是 / Yes,Contract Lovers、Family Feud、Married Life,合约爱好者、家庭恩怨、婚姻生活,"Mia, a humble waitress, signs a one-year fake marriage with cold tycoon Logan to redeem her late grandma’s pub. Facing rival’s schemes and family intrigues, she fights back bravely, rises from a contract wife to true love, breaks biases and wins her life.",,否 / No,,https://www.tiktok.com/@lovebiteshorts
lovebiteshorts,lovebiteshorts,lovebiteshorts,48,ID 7647100679261180945,High Domain’s Fall,高域的陨落,2026-06-03 17:39:17,60,241228,3771,62.9,是 / Yes,Family Disputes、Family Feud、Lost Child,家庭纠纷、家庭恩怨、丢失的孩子,"When the head of a top tycoon suffers a sudden stroke, a power vacuum sparks fierce family infighting. Rebellious second son Leo, ruthless eldest daughter Catherine and weak youngest son Toby compete fiercely. Scheming C Monica seeks revenge in secret, while Wall Street vulture Simon eyes the empire. A deadly game of greed, betrayal and power unfolds, who will claim the ultimate domain in the end?",,否 / No,,https://www.tiktok.com/@lovebiteshorts
lovebiteshorts,lovebiteshorts,lovebiteshorts,49,ID 7650067812282799122,MEMORY ANTIBODY,记忆抗体,2026-06-12 09:11:13,40,109935,2557,42.6,是 / Yes,Fantasy、Redemption、Mystery,奇幻、赎回、神秘,"As an elite hunter, K-7 gets trapped in a baffling conspiracy when ordered to capture fugitive Spirit Butterfly and extract her memories. Set in near-future Neo Kowloon where memories are traded and modified freely, both are disposable pawns of Project E-7, an initiative creating human-weapon specimens. K-7 turns out to be the biological son of L-0, the project’s core designer, while Spirit Butterfly bears all of L-0’s wiped memories as the vital key. Caught between hunt and escape, they unearth the memory scheme, the hidden mother-son secret and their destined bond step by step. In the finale",,是 / Yes,,https://www.tiktok.com/@lovebiteshorts
lovebiteshorts,lovebiteshorts,lovebiteshorts,50,ID 7655181230707053588,Starlight to Old Years,星光岁月,2026-06-25 12:15:49,40,97460,2347,39.1,是 / Yes,Romantic Complications、City、Reconciliation,浪漫并发症、城市、和解,"Cold singer Lucas has a crush on classmate Layla for ten years. Reunited, he dotes and protects her silently. They go through misunderstandings, rival schemes and class gaps, resolve ten-year knots, cross barriers, and finally stay together.",,否 / No,,https://www.tiktok.com/@lovebiteshorts
lovebiteshorts,lovebiteshorts,lovebiteshorts,51,ID 7629243058986832914,The Elite Marriage,精英婚姻,2026-04-16 20:17:56,35,2908913,2129,35.5,是 / Yes,Family Feud、Contract Lovers、Revenge,家庭恩怨、合约爱好者、复仇,The Elite Marriage,,否 / No,,https://www.tiktok.com/@lovebiteshorts
lovebiteshorts,lovebiteshorts,lovebiteshorts,52,ID 7628064997817521159,Awakening the Day of Reckoning,觉醒清算之日,2026-04-13 14:31:06,35,355270,2168,36.1,是 / Yes,Fantasy、Revenge,奇幻、复仇,Awakening the Day of Reckoning,,否 / No,,https://www.tiktok.com/@lovebiteshorts
lovebiteshorts,lovebiteshorts,lovebiteshorts,53,ID 7626661261165646866,The Substitute Bride,替身新娘,2026-04-10 15:39:01,20,1421623,962,16.0,是 / Yes,Love After Marriage、Family Feud、Revenge,婚后的爱情、家庭恩怨、复仇,The Substitute Bride,,否 / No,,https://www.tiktok.com/@lovebiteshorts
dramavault40,物語の空,物語の空,1,ID 7654632657821864981,Throne Beneath Power and Lies,权力与谎言之下的王座,2026-06-24 00:45:16,40,331676,2302,38.4,是 / Yes,Contract Lovers、Workplace、Revenge,合约爱好者、职场、复仇,"Bankrupt heiress Evelyn, as an M&A consultant, signs a contract marriage with cold tycoon Alexander to uncover her family’s collapse plot. They test each other, seize power together, expose wealthy capital secrets and family traitors. From mutual use to side-by-side, they finally win back everything and gain true love.",,否 / No,,https://www.tiktok.com/@dramavault40
dramavault40,物語の空,物語の空,2,ID 7652482742894285825,The Pretense Game,假装游戏,2026-06-18 05:42:19,48,410206,3404,56.7,是 / Yes,Family & Ethics、Family Feud、Mistaken Identities,家庭与道德、家庭恩怨、错误的身份,"To save her mother, who is dying from late-stage stomach cancer, impoverished student Ella is forced to pose as a wealthy heiress and enter the brutal “Pretense Game.” Teaming up with Leo, another impostor, she fights back against the identity tests and humiliation of an elite campus, uncovers the foundation’s money-laundering scheme hidden behind its scholarship program, and finds true love between lies and truth.",,否 / No,,https://www.tiktok.com/@dramavault40
dramavault40,物語の空,物語の空,3,ID 7653271102747284500,Forced Wed to a Wealthy Magnate,被迫嫁给一个富有的大亨,2026-06-20 08:41:36,62,332439,3947,65.8,是 / Yes,Family Feud、Redemption、Married Life,家庭恩怨、赎回、婚姻生活,"Rumors spread that Elena was forced by her family to marry Adrian, a down-and-out heir, in her sister's place, while her sister took her seemingly wealthy fiancé for herself. After the marriage, she accidentally discovered that her husband was actually the ruler of a top-tier conglomerate. With her outstanding business talent, she helped him solidify his power and stage a remarkable comeback.",,否 / No,,https://www.tiktok.com/@dramavault40
dramavault40,物語の空,物語の空,4,ID 7650369311202120725,Magic Supreme,魔法至尊,2026-06-12 13:00:59,39,321261,2603,43.4,是 / Yes,Cultivation、Adventure,栽培、冒险,"When an ancient-goddess-reincarnated girl and her ""Beauty and the Beast Corps"" thwart a revenge-driven elven reincarnation plot, they discover the true enemy is a demon of words from the abyss—and this victory is merely the prelude to a greater game between divine realms and imperial ambitions.",,否 / No,,https://www.tiktok.com/@dramavault40
dramavault40,物語の空,物語の空,5,ID 7654323030608335890,Zombie Siege: The Last Immune,僵尸围攻：最后的免疫,2026-06-23 04:43:29,45,319822,3049,50.8,是 / Yes,Betrayal、End-of-the-World、Childhood Sweethearts,背叛、世界末日、青梅竹马,"Three years after the Pale Dawn virus, lower-zone survivor Ava is betrayed and thrown onto a bait truck. When her blood reveals a rare stabilizing code, she joins Kane, an old classmate turned zombie king, to expose Ark City’s sacrifice system and Eden Core’s experiments. Together, they fight to build Dawn City, where no one’s life is decided by status.",,否 / No,,https://www.tiktok.com/@dramavault40
dramavault40,物語の空,物語の空,6,ID 7644461304883237909,Duke's Captive,公爵的俘虏,2026-05-27 16:12:15,23,324892,1308,21.8,是 / Yes,Vampire、Reconciliation、Revenge,吸血鬼、和解、复仇,"Betrayed and killed by the woman he loved in their past life, a vampire duke locks her in a cage of obsessive possession after they both wake up reborn—only to find that this time, she’s not his enemy, but his most dangerous weapon of revenge.",,否 / No,,https://www.tiktok.com/@dramavault40
dramavault40,物語の空,物語の空,7,ID 7658478496578147344,Rose Manor: Hidden Legacy,玫瑰庄园：隐藏的遗产,2026-07-04 09:29:20,40,250839,2407,40.1,是 / Yes,Mistaken Identities、Revenge、Family Feud,错误的身份、复仇、家庭恩怨,"Fallen heiress Evelyn returns to the wealthy circle as an art restorer, sneaking into the mysterious Rose Manor to investigate her father’s death. She teams up with cold heir Arthur, uncovering schemes, exposing the ""White Rose"" syndicate, and navigating revenge and love to find the truth.",,否 / No,,https://www.tiktok.com/@dramavault40
dramavault40,物語の空,物語の空,8,ID 7653379467045262352,My Contracted Billionaire,我的契约亿万富翁,2026-06-20 15:42:11,62,336134,3950,65.8,是 / Yes,Contract Lovers、Married Life、Family Feud,合约爱好者、婚姻生活、家庭恩怨,"A fake marriage romance about proud designer Lina Carter and controlling tycoon Ethan Blake, who enter a one year contract for money and status. What begins as a cold transaction turns into intense attraction, hidden obsession, and true love—until the controlling man falls hard for the woman he tried to own.",,否 / No,,https://www.tiktok.com/@dramavault40
dramavault40,物語の空,物語の空,9,ID 7654136982838694928,Campus Magic,校园魔法,2026-06-22 16:41:28,40,329072,2089,34.8,是 / Yes,Revenge、Cultivation、Superior and Inferior,复仇、栽培、强弱逆袭,"In the magic-ruled Elder Continent, bloodline supremacy dominates the sacred Saint Glory Royal Magic Academy. Ryder Gray, a powerless orphan labeled a worthless curse-bearer, endures endless bullying from arrogant noble students and is reduced to a menial servant. He accidentally awakens the forbidden Void Pupil, a lost magic that can analyze, absorb and crack all spells. Hiding his power, he grows stronger in secret and forms a loyal alliance with Erin, a talented fallen noble girl. Step by step, they uncover the academy’s dark truth—senior officials steal ordinary students’ magic essence to",,否 / No,,https://www.tiktok.com/@dramavault40
dramavault40,物語の空,物語の空,10,ID 7654493853621523476,"Harbour Secrets, Crown Cracks",港口秘密，皇冠裂缝,2026-06-23 15:46:24,40,246009,2421,40.4,是 / Yes,Workplace、Contract Lovers、Business Competition,职场、合约爱好者、商业竞赛,"Fallen PR expert Ivy gets entangled in Klein Shipping’s inheritance storm while probing her mother’s disappearance. Heir Lucas is trapped in scandals. Teaming up, they fight his scheming cousin, crooked lawyer and fake engagement plot. Uncovering decade-old forged trusts and dock bombing secrets, they tear open the cracks in the capital crown.",,否 / No,,https://www.tiktok.com/@dramavault40
dramavault40,物語の空,物語の空,11,ID 7649869640155304980,Stars Secret Keeper,明星秘密守护者,2026-06-11 04:42:35,62,374217,3870,64.5,是 / Yes,Superior and Inferior、Celebrity、Romantic Complications,强弱逆袭、名人、浪漫并发症,"Julian Thorne, a top Hollywood actor and wealthy heir, is cold and lonely, trapped by his controlling family. Aria Miller, a gifted photography student, becomes his assistant to save her family. She sees his true self through her lens; he secretly protects her from danger. As they fight his mother’s schemes and class barriers, they heal each other, break free from their chains, and find love in the light.",,否 / No,,https://www.tiktok.com/@dramavault40
dramavault40,物語の空,物語の空,12,ID 7648488750682723329,Kissed You at the End of the Night,在深夜吻了你,2026-06-07 11:23:53,60,421440,3885,64.8,是 / Yes,Married Life、Family Feud、Love After Marriage,婚姻生活、家庭恩怨、婚后的爱情,"Willow, a poor and resilient girl struggling with heavy debts, has a fateful encounter with Damian, a ruthless, powerful tycoon. A transactional marriage binds them together. Amid misunderstandings, fierce family conflicts, and hidden secrets, they gradually fall for each other. Willow discovers she’s the long-lost heir of a wealthy clan. What’s more, the mysterious Lily Damian has searched for for years turns out to be Willow herself. Their love finally triumphs over all hardships.",,否 / No,,https://www.tiktok.com/@dramavault40
dramavault40,物語の空,物語の空,13,ID 7650220487615927317,Love Beyond Deal,爱超越交易,2026-06-12 03:24:30,59,420572,3932,65.5,是 / Yes,Love After Marriage、City、Married Life,婚后的爱情、城市、婚姻生活,"Elena, a former brilliant ballerina reduced to a hotel pianist, signs a 6-month contract marriage with Sebastian, a cold and domineering tycoon, to cover her mother’s medical bills. Living together, they go from cautious testing to deep affection, facing family opposition, capital conspiracies and past traumas hand in hand. They save each other, grow together, and finally turn a fake marriage into a lifelong love.",,否 / No,,https://www.tiktok.com/@dramavault40
dramavault40,物語の空,物語の空,14,ID 7654317352489620488,The Heiress Behind His Empire,帝国背后的女继承人,2026-06-23 04:21:42,40,277404,2555,42.6,是 / Yes,Family & Ethics、Family Feud、Mistaken Identities,家庭与道德、家庭恩怨、错误的身份,"Avery Kingsley, a hidden wealthy heiress, abandons her noble identity to accompany her husband Julian to start a business and secretly pave the way for his career. Right before his company goes public, Julian looks down on Avery and files for a divorce. Heartbroken, Avery returns to take charge of the powerful Kingsley Group. Julian later realizes his so-called business empire is entirely built by Avery. Amid fierce business struggles and family intrigues, Avery breaks free from the past and becomes a strong independent leader.",,否 / No,,https://www.tiktok.com/@dramavault40
dramavault40,物語の空,物語の空,15,ID 7654323016620463122,Silent Stake: Hidden Truth,沉默的赌注：隐藏的真相,2026-06-23 04:43:22,40,320660,2404,40.1,是 / Yes,Contract Lovers、Revenge、Family Feud,合约爱好者、复仇、家庭恩怨,"Clair Winston, a fallen socialite, returns with a secret equity stake, disrupting a century-old merger between two powerful clans. Cold heir Adrian Blackwood initially sees her as a threat, yet they team up amid suspicion and tension. Together, they uncover truths behind a decade-old yacht blast, family bankruptcy, and hidden dark money. Amid fierce power struggles, identity twists and intense chemistry, they fight the mysterious Silent Stakeholder pulling all strings.",,否 / No,,https://www.tiktok.com/@dramavault40
dramavault40,物語の空,物語の空,16,ID 7653466812377748481,Shadow Heiress: Hidden Truth,影子女继承人：隐藏的真相,2026-06-20 21:20:57,40,321848,2364,39.4,是 / Yes,Mistaken Identities、Revenge、Family Feud,错误的身份、复仇、家庭恩怨,"Orphan Selene is taken to a manor by ambitious heir Damian, forced to impersonate missing heiress Eve due to their identical looks. With psychologist Noah’s secret help, she exposes plots of drugging, surveillance and identity forgery, fights back, regains her true identity and redeems herself.",,否 / No,,https://www.tiktok.com/@dramavault40
dramavault40,物語の空,物語の空,17,ID 7651539261216363538,MEMORY ANTIBODY,记忆抗体,2026-06-15 16:40:59,40,316742,2557,42.6,是 / Yes,Fantasy、Redemption、Mystery,奇幻、赎回、神秘,"As an elite hunter, K-7 gets trapped in a baffling conspiracy when ordered to capture fugitive Spirit Butterfly and extract her memories. Set in near-future Neo Kowloon where memories are traded and modified freely, both are disposable pawns of Project E-7, an initiative creating human-weapon specimens. K-7 turns out to be the biological son of L-0, the project’s core designer, while Spirit Butterfly bears all of L-0’s wiped memories as the vital key. Caught between hunt and escape, they unearth the memory scheme, the hidden mother-son secret and their destined bond step by step. In the finale",,是 / Yes,,https://www.tiktok.com/@dramavault40
dramavault40,物語の空,物語の空,18,ID 7649864472215180306,Thorned Kiss Idols Revenge Darling,荆棘之吻偶像复仇亲爱的,2026-06-11 04:22:03,60,356690,3775,62.9,是 / Yes,Enemies to Lovers、Romantic Complications、Celebrity,从敌人到恋人、浪漫并发症、名人,"Sienna, a top anti-fan, publicly denounces superstar Julian, triggering a huge online storm. Forced by public pressure, she signs a fake couple contract with him and moves into his mansion. Living together, they test each other but gradually fall for each other, accidentally getting involved in a dark capital conspiracy. After betrayals, breakups and life-and-death trials, they join hands to expose the plot, clearing all grievances. Finally, the former enemies become true lovers.",,否 / No,,https://www.tiktok.com/@dramavault40
dramavault40,物語の空,物語の空,19,ID 7644468037164291073,Experiment Brother,实验兄弟,2026-06-06 16:35:08,25,329584,1449,24.1,是 / Yes,Mistaken Identities、Fantasy、Adventure,错误的身份、奇幻、冒险,"Zane, a mutant with a living mark, is rescued by his adoptive sister Lila. Her touch is the antidote to his poison and the key to his powers. Hunted by a mad scientist, they escape a collapsing alien lab. Lila’s blood awakens his space‑ripping and mind‑control abilities. They destroy the monster doctor, flee the self‑destructing base, and crash back to Earth—free at last, not as siblings, but as soulmates.",,否 / No,,https://www.tiktok.com/@dramavault40
dramavault40,物語の空,物語の空,20,ID 7642238186110391303,Ten Wrong Heir,十个错误的继承人,2026-05-21 15:16:05,25,342237,1361,22.7,是 / Yes,Lost Child、Revenge、Family Feud,丢失的孩子、复仇、家庭恩怨,"It tells the story of Anna Hart, the female protagonist, who was raised as an outsider by the Miller family for twenty years. When George fell critically ill, she was ruthlessly cast out by the family. Later, she unexpectedly learns that she is the true heir to the family. She then uncovers the truth behind her mother’s murder two decades ago, ultimately exacting revenge and vindicating her identity.",,否 / No,,https://www.tiktok.com/@dramavault40
dramavault40,物語の空,物語の空,21,ID 7651054795905799186,My 27-Year-old chaste CEO,我的27岁贞洁总裁,2026-06-14 09:20:57,28,836072,1952,32.5,是 / Yes,Family Feud、Romantic Complications、Contract Lovers,家庭恩怨、浪漫并发症、合约爱好者,"A penniless nursing student spent an unforgettable night with a reserved billionaire in a desperate bid to save her dying younger sister. She later became his maid, only to find that he would melt his icy heart and claim her for his own forever.",,否 / No,,https://www.tiktok.com/@dramavault40
dramavault40,物語の空,物語の空,22,ID 7654503712534172692,Soft Cage: She Closed the Door,软笼：她关上了门,2026-06-23 16:24:49,40,319398,2452,40.9,是 / Yes,Contract Lovers、Revenge、Family Feud,合约爱好者、复仇、家庭恩怨,"Evel Ashford, a wealthy heiress, marries Adrian, an ambitious commoner. He poisons her, controls her mind, and seizes her fortune. Pretending insane, Evel teams up with old love Simon to gather evidence. She exposes Adrian and his mistress Leah, tears off the fake marriage, regains everything, and takes charge of her life.",,否 / No,,https://www.tiktok.com/@dramavault40
dramavault40,物語の空,物語の空,23,ID 7654322995447501831,Midnight Elopement Ex Begs Return,午夜私奔前男友乞求归来,2026-06-23 04:43:20,40,321573,2537,42.3,是 / Yes,Childhood Sweethearts、Revenge、Family Feud,青梅竹马、复仇、家庭恩怨,"Waitress Evelyn is betrayed and humiliated by her fiancé Caleb, abandoned in the rain. Desperate, she reunites with childhood friend Dante, a mafia leader. Evelyn awakens to fight back, exposes the scumbag ex, joins Dante to defeat family plots and business traps. From a discarded nobody to a powerful winner, she gains true love and dignity.",,否 / No,,https://www.tiktok.com/@dramavault40
dramavault40,物語の空,物語の空,24,ID 7654131733314884625,Era Reset: Olympus Rises,时代重置：奥林巴斯崛起,2026-06-22 16:21:15,40,329625,2041,34.0,是 / Yes,Fantasy、Action,奇幻、行动,"Millennia ago, Olympian gods and Titans vanished into mortal lives after their great war. Now, Earth's dimensional imbalance triggers a 72-hour cosmic reset. Zeus and Athena lead the Order faction to protect humanity, while Cronus' Chaos Legion seeks to erase civilization and restore divine tyranny. The trickster Loki and his serpent Jörmungandr hold the fate of both worlds in this neon-lit urban apocalypse.",,否 / No,,https://www.tiktok.com/@dramavault40
dramavault40,物語の空,物語の空,25,ID 7642244977254470664,The Elite Marriage,精英婚姻,2026-05-22 17:08:56,35,244917,2129,35.5,是 / Yes,Married Life、Contract Lovers、Family Feud,婚姻生活、合约爱好者、家庭恩怨,The Elite Marriage,,否 / No,,https://www.tiktok.com/@dramavault40
dramavault40,物語の空,物語の空,26,ID 7649895448806691860,Hidden Heiress & Secret Vow,隐藏的女继承人和秘密誓言,2026-06-11 06:22:38,60,347878,3696,61.6,是 / Yes,Contract Lovers、Married Life、Family Feud,合约爱好者、婚姻生活、家庭恩怨,"Anna, a struggling lawyer, signs a hidden marriage contract with cold-hearted tycoon heir Lucas to save her seriously ill mother. Caught in a brutal family power struggle, she faces plots from the stepmother, ex-fiancée and hidden schemers. From tentative suspicion and fierce rivalry, they join forces to expose dark family secrets. Breaking all shackles, they finally choose to walk side by side with independence.",,否 / No,,https://www.tiktok.com/@dramavault40
dramavault40,物語の空,物語の空,27,ID 7657360138654897173,High Domain’s Fall,高域的陨落,2026-07-01 09:09:19,60,323152,3771,62.9,是 / Yes,Ensemble Cast、Family Disputes、Family Feud,群像、家庭纠纷、家庭恩怨,"When the head of a top tycoon suffers a sudden stroke, a power vacuum sparks fierce family infighting. Rebellious second son Leo, ruthless eldest daughter Catherine and weak youngest son Toby compete fiercely. Scheming C Monica seeks revenge in secret, while Wall Street vulture Simon eyes the empire. A deadly game of greed, betrayal and power unfolds, who will claim the ultimate domain in the end?",,否 / No,,https://www.tiktok.com/@dramavault40
dramavault40,物語の空,物語の空,28,ID 7652405264649491474,Reclaim My Life,夺回我的生活,2026-06-18 00:41:35,33,4349064,2053,34.2,是 / Yes,Mistaken Identities、Family & Ethics、Family Feud,错误的身份、家庭与道德、家庭恩怨,"Blueberry, force-fed and abused by Pineapple, teams up with her banana trainer for revenge. She then reincarnates as Grape Sister, fighting her sister in a wealthy family. Later she transmigrates into Peach Girl, gives birth to a durian baby with Lemon Man, and is accused of infidelity. Whose child is the durian baby? How will she rise to this challenge?",,否 / No,,https://www.tiktok.com/@dramavault40
dramavault40,物語の空,物語の空,29,ID 7654493836945527828,Cold CEO: Sweet Fake Love,冷总裁：甜蜜的假爱,2026-06-23 15:46:20,40,319222,2359,39.3,是 / Yes,Love After Marriage、Family Feud、Married Life,婚后的爱情、家庭恩怨、婚姻生活,"Mia, a humble waitress, signs a one-year fake marriage with cold tycoon Logan to redeem her late grandma’s pub. Facing rival’s schemes and family intrigues, she fights back bravely, rises from a contract wife to true love, breaks biases and wins her life.",,否 / No,,https://www.tiktok.com/@dramavault40
dramavault40,物語の空,物語の空,30,ID 7654307642994676752,My Grandpa's girlfriend Is a Dinosaur,我爷爷的女朋友是恐龙,2026-06-23 03:43:50,40,371620,2324,38.7,是 / Yes,Age Gap/Older Boyfriend、City、Family & Ethics,年龄差距/年长的男朋友、城市、家庭与道德,"78-year-old veteran Max falls for Luna, a half-human-high alien T-rex in his nursing home. Family resists, but her kindness wins them over. When criminals kidnap his grandson, the family rescues her. After awakening her powers, Luna is recalled to her home planet, and Max chooses to go with her.",,否 / No,,https://www.tiktok.com/@dramavault40
dramavault40,物語の空,物語の空,31,ID 7648495016918389776,Love Bites,爱咬,2026-06-07 11:48:09,60,807984,3704,61.7,是 / Yes,Enemies to Lovers、Married Life、Fantasy,从敌人到恋人、婚姻生活、奇幻,"In a world where fruits live as people, a fable on a plate foretells all: Steak weds Egg; jealous Tomato is eaten. Kind Cherry, bullied by Durian and Pineapple, finds hope in Square Watermelon. She later marries the changed Durian, sparking Pineapple's fury. As Cherry's love redeems a family, a wedding knife is blocked by Durian. Three stories, one truth—sacrifice defines worth.",,否 / No,,https://www.tiktok.com/@dramavault40
dramavault40,物語の空,物語の空,32,ID 7648824980595233812,Unsilenced：Soul Slaughters,不沉默：灵魂屠杀,2026-06-08 09:08:39,39,364720,2585,43.1,是 / Yes,Revenge、City,复仇、城市,"Six-year-old genius Ella survives a brutal assault by a serial killer. Twenty years later, as a top prosecutor, she recognizes his signature in a new string of murders. Haunted but unbroken, Ella hunts the demon who destroyed her childhood. After a dangerous game of cat and mouse, she brings him to justice. Her ultimate triumph is not just personal vengeance; she spearheads a landmark legal reform, ensuring such predators can no longer escape the ultimate punishment. The victim becomes the architect of justice.",,否 / No,,https://www.tiktok.com/@dramavault40
dramavault40,物語の空,物語の空,33,ID 7642247870371877906,Awakening the Day of Reckoning,觉醒清算之日,2026-05-21 16:20:08,35,830148,2169,36.1,是 / Yes,Superior and Inferior、Action、Fantasy,强弱逆袭、行动、奇幻,Awakening the Day of Reckoning,,否 / No,,https://www.tiktok.com/@dramavault40
dramavault40,物語の空,物語の空,34,ID 7654581501226275860,Black Gold Rose: The Heir’s Forbidden Song,黑金玫瑰：继承者的禁歌,2026-06-23 21:26:42,40,320613,2384,39.7,是 / Yes,Reconciliation、Family Disputes、Family Feud,和解、家庭纠纷、家庭恩怨,"Black heiress Alison was framed and exiled three years ago. Now she returns strongly, teams up with rival capital hunter Kyle, exposes her stepmother's conspiracy with external consortiums, seizes core port assets, settles old family scores. They guard family glory side by side amid love and hate, completing a dark gold counterattack.",,否 / No,,https://www.tiktok.com/@dramavault40
moboreels_one,MoboReels one,MoboReels one,1,ID 7452125214051324974,The Composer's Last Song,作曲家的最后一首歌,2025-04-23 23:14:07,30,1232481,4281,71.3,是 / Yes,Celebrity、Reconciliation、Betrayal,名人、和解、背叛,"Composer Eric Wallace and singer Deanna Howard's love story. Eric, with advanced stomach cancer, chooses silence, enduring illness alone for Deanna to shine. Deanna keeps affection for Eric. Eric hides his condition, facing death. Deanna calls Eric, reawakening feelings. Eric's condition worsens, he arranges funeral. Deanna learns the truth, devastated. In final moments, they share a quiet time by the sea. Eric passes away, leaving Deanna to face the rising sun alone.",,否 / No,,https://www.tiktok.com/@moboreels_one
moboreels_one,MoboReels one,MoboReels one,2,ID 7516453255250875435,Why Fat Lady Kills,胖女人为何杀人,2025-06-19 12:58:07,52,325067,5678,94.6,是 / Yes,City、Revenge、Love Triangle,城市、复仇、三角恋,"On their wedding anniversary, the overweight housewife Ye Qing was deceived by her husband Zhao Yan and her best friend Susan under the guise of taking commemorative photos. They lured her up a mountain and conspired to push her off a cliff, intending to kill her for insurance money. When they realized she hadn't died from the fall, they went further and buried her alive. Unwilling to accept her fate, Ye Qing fought her way back from the jaws of death and was rescued by a man......",,否 / No,,https://www.tiktok.com/@moboreels_one
moboreels_one,MoboReels one,MoboReels one,3,ID 7416593581604934698,Surprise Vows with My CEO Husband,与我的首席执行官丈夫的惊喜誓言,2025-04-24 00:14:33,62,4705228,5552,92.5,是 / Yes,Love After Marriage、Betrayal、Family Feud,婚后的爱情、背叛、家庭恩怨,"Katherine uncovers her fiancé's infidelity on their wedding day. Subsequent challenges, including betrayal by her closest friend and overwhelming wedding debts, pave the way for an unexpected turn as an elderly man presents an opulent betrothal offering to marry Katherine.",,否 / No,,https://www.tiktok.com/@moboreels_one
moboreels_one,MoboReels one,MoboReels one,4,ID 7482970261626049582,Reuniting with an Old Flame,与旧情人重逢,2025-03-27 12:40:11,55,834520,5198,86.6,是 / Yes,Betrayal、Reconciliation、Family Feud,背叛、和解、家庭恩怨,"Brenna and Kevin, were once deeply in love but tragic misunderstandings tore them apart. After their separation, Brenna moved abroad and raised their son, Lucas, on her own Five years later, fate brings them together once again. Kevin still has feelings for Brenna, but he believes she has married and started a family. This belief causes a mix of love, resentment, and confusion. While Kevin struggles to forgive her, he can't resist the pull she still has on him.",,否 / No,,https://www.tiktok.com/@moboreels_one
moboreels_one,MoboReels one,MoboReels one,5,ID 7467418008055944238,《Pick A Hot Escort For My Baby》| 2K FULL EPISODE,《为我的宝贝选一个火辣陪护》| 2K 全集,2025-02-06 11:23:22,56,903873,5137,85.6,是 / Yes,Family Feud、Family Disputes、Contract Lovers,家庭恩怨、家庭纠纷、合约爱好者,"To inherit her family's fortune, Jenna decided to select a male escort to father her child but accidentally mistook Elliot, who had just returned to the country, as one. After a one-night stand with Jenna, Elliot became interested in her. Then Jenna approached Elliot for a contract, but she didn't realize that he was the male escort from the one-night stand.",,否 / No,,https://www.tiktok.com/@moboreels_one
moboreels_one,MoboReels one,MoboReels one,6,ID 7462853391778223150,"《Do Me, My Sexy Male Stripper》| FULL EPISODE",《Do Me，我的性感男脱衣舞娘》|全集,2025-01-23 15:19:49,53,815700,5102,85.0,是 / Yes,Betrayal、Celebrity、Redemption,背叛、名人、赎回,"Vanessa caught her boyfriend Blaine in bed with her half-sister, so she went to a club for male escort service but ended up having a fling with Jason. Jason recognized Vanessa as the person who saved him in his childhood by her scar. Then he concealed his real identity, stayed by her side and secretly helped her out of various troubles. After all misunderstandings were clarified, they happily got together.",,否 / No,,https://www.tiktok.com/@moboreels_one
moboreels_one,MoboReels one,MoboReels one,7,ID 7517555906855310391,Surprise Vows with My CEO Husband | Lowest Price Set Sold,与我的首席执行官丈夫的惊喜誓言 |已售最低价套装,2025-06-20 18:48:34,62,815454,5120,85.3,是 / Yes,Revenge、Love After Marriage、Family Feud,复仇、婚后的爱情、家庭恩怨,"Katherine uncovers her fiancé's infidelity on their wedding day. Subsequent challenges, including betrayal by her closest friend and overwhelming wedding debts, pave the way for an unexpected turn as an elderly man presents an opulent betrothal offering to marry Katherine.",,否 / No,,https://www.tiktok.com/@moboreels_one
moboreels_one,MoboReels one,MoboReels one,8,ID 7517212660266570807,Reuniting with an Old Flame | Lowest Price Set Sold,与旧情人重逢|已售最低价套装,2025-06-19 12:46:01,55,354486,5198,86.6,是 / Yes,Family Feud、Reconciliation、Love After Divorce,家庭恩怨、和解、离婚后的爱情,"Brenna and Kevin, were once deeply in love but tragic misunderstandings tore them apart. After their separation, Brenna moved abroad and raised their son, Lucas, on her own Five years later, fate brings them together once again. Kevin still has feelings for Brenna, but he believes she has married and started a family. This belief causes a mix of love, resentment, and confusion. While Kevin struggles to forgive her, he can't resist the pull she still has on him.",,否 / No,,https://www.tiktok.com/@moboreels_one
moboreels_one,MoboReels one,MoboReels one,9,ID 7507169415402624046,Surprise Vows with My CEO Husband | Full Episode,与我的首席执行官丈夫的惊喜誓言 |全集,2025-05-26 09:24:16,51,2768995,4450,74.2,是 / Yes,Love After Marriage、Family Feud、Betrayal,婚后的爱情、家庭恩怨、背叛,"Katherine uncovers her fiancé's infidelity on their wedding day. Subsequent challenges, including betrayal by her closest friend and overwhelming wedding debts, pave the way for an unexpected turn as an elderly man presents an opulent betrothal offering to marry Katherine.",,否 / No,,https://www.tiktok.com/@moboreels_one
moboreels_one,MoboReels one,MoboReels one,10,ID 7509303375687619630,Fake It Till You Taste It,假装直到你尝到它,2025-07-19 14:55:10,55,796926,5545,92.4,是 / Yes,Revenge、Love After Marriage、Family Feud,复仇、婚后的爱情、家庭恩怨,"Daniela Barton, the granddaughter of the legendary Culinary God, left her quiet countryside to test her cooking skills in the bustling city. Initially, she was mocked as a clumsy bumpkin. Yet, with each exquisite dish that she crafted presented in front of the picky crowd, Daniela began to win over her critics. Eventually, she earned the revered title of Culinary God. On this journey, she appeared to gain not just fame, but also an unexpected true love on the horizon too...",,否 / No,,https://www.tiktok.com/@moboreels_one
moboreels_one,MoboReels one,MoboReels one,11,ID 7451637783741027370,《The Billionaire Escort's Secret》 FULL EPISODE!1080P!,《亿万陪护的秘密》全集！1080P！,2025-04-23 23:19:34,52,37078597,3960,66.0,是 / Yes,Revenge、Family Feud、Contract Lovers,复仇、家庭恩怨、合约爱好者,"After discovering her husband Trevor’s infidelity, Joanna swiftly divorces him. Determined to inherit her family’s fortune and have a child, she seeks a top male escort to father her baby. Vincent, the CEO of Riley Group who has secretly loved Joanna for years, disguises himself as an escort and is chosen by her. During their intimate encounter, Vincent insists on wearing a mask to conceal his identity, knowing Joanna has vowed never to marry into wealth again……",,否 / No,,https://www.tiktok.com/@moboreels_one
moboreels_one,MoboReels one,MoboReels one,12,ID 7486713016931800110,My Ex-Boyfriend s Uncle Gone Wild,我前男友的叔叔疯了,2025-03-28 16:02:12,15,846263,1192,19.9,是 / Yes,Revenge、Family Feud、Contract Lovers,复仇、家庭恩怨、合约爱好者,"After Reina finds out her boyfriend cheated on her with her adopted sister, she hooks up with the first guy she meets — Grey, her ex’s wealthy uncle. To get revenge, she proposes a fake relationship with Grey, but their fiery chemistry soon makes things complicated.",,否 / No,,https://www.tiktok.com/@moboreels_one
moboreels_one,MoboReels one,MoboReels one,13,ID 7442479246955779115,The Heiress's Vengeful Return,女继承人的复仇归来,2025-04-23 23:43:30,60,352496,7341,122.3,是 / Yes,Family Feud、Revenge,家庭恩怨、复仇,"Jillian, the richest man's daughter, pursued poor Dominick, secretly helping him. After Dominick succeeded, they married. Dominick, believing Jillian caused his true love's death, deliberately caused her miscarriages. Jillian died in despair and was reborn at 19.",,否 / No,,https://www.tiktok.com/@moboreels_one
moboreels_one,MoboReels one,MoboReels one,14,ID 7503359563384378411,Love On Your Taste Buds | FULL EPISODES,爱在你的味蕾上 |完整剧集,2025-05-15 12:57:44,55,809858,5636,93.9,是 / Yes,Betrayal、Love After Marriage、Family Feud,背叛、婚后的爱情、家庭恩怨,"Synopsis The granddaughter of the Culinary God, Daniela Barton,ventured into the city to test her cooking skills, only to be mocked as a country bumpkin.However, Daniela won over all those who looked down on her with her exceptional culinary talents,claiming the title of Culinary God,and unexpectedly found true love along the way.",,否 / No,,https://www.tiktok.com/@moboreels_one
moboreels_one,MoboReels one,MoboReels one,15,ID 7517873762646103095,A BILLIONAIRE'S DOUBLE LIFE,亿万富翁的双重生活,2025-06-21 11:00:55,50,864635,4659,77.7,是 / Yes,Family & Ethics、Family Feud、Love After Marriage,家庭与道德、家庭恩怨、婚后的爱情,"""Cinderella "" marries the secret billionaire CEO, what kind of love spark will be rubbed between them",,否 / No,,https://www.tiktok.com/@moboreels_one
moboreels_one,MoboReels one,MoboReels one,16,ID 7449025810503341102,《OMG，Did I Sleep With My Boss？》,《天啊，我是不是和老板睡了？》,2025-04-23 23:05:26,58,1443471,5465,91.1,是 / Yes,Contract Lovers、Family Feud、Betrayal,合约爱好者、家庭恩怨、背叛,"Synopsis: Alicia got drunk and accidentally stumbled into the presidential suite of the hotel, where she accidentally had a one-night stand with her boss, Ryan. Terrified of the consequences, she concealed the truth to avoid risking her job. Her friend Jessie found Alicia's necklace in the suite and falsely claimed to be Ryan's one-night stand partner. Over time, Alicia gradually fell in love with Ryan. Eventually, Jessie's lies came to light.",,否 / No,,https://www.tiktok.com/@moboreels_one
moboreels_one,MoboReels one,MoboReels one,17,ID 7517183363212579895,THE CEO'S WIFE is a SECRET BOSS?! | Lowest price set sold,总裁老婆是秘密老板？！ |最低价已售出,2025-06-20 10:58:21,57,860602,4837,80.6,是 / Yes,Reconciliation、Love After Divorce、Family Feud,和解、离婚后的爱情、家庭恩怨,"Allison Burton planned to reveal her true identity and pregnancy through the hundred-billion project. When she went for a prenatal checkup alone, she stumbled upon her husband Jeremy Walsh accompanying Melanie Russell for a prenatal checkup. Upon returning home, she faced hostility from her mother-in-law, prompting her to decide on divorce in anger. However, her mother-in-law accidentally caused her miscarriage, leaving Allison disheartened. Subsequently, conflicts arose between Allison’s and Je",,否 / No,,https://www.tiktok.com/@moboreels_one
moboreels_one,MoboReels one,MoboReels one,18,ID 7512676204382622766,Bully Me? No Mercy from Victoria!,欺负我？维多利亚没有怜悯！,2025-06-12 12:58:18,53,845008,4905,81.8,是 / Yes,Revenge、City、Lost Child,复仇、城市、丢失的孩子,"Victoria and Bella were originally sisters who were adopted by different families from an orphanage.Years later,Victoria,who had secretly served in the military,retired as a Navy Admiral and returned,hoping to provide a better life for her sister.However,she was shocked to Learn that her sister had been bullied by classmates and had entered a vegetative state.Enraged, How will she retaliate against the trio of bullies?",,否 / No,,https://www.tiktok.com/@moboreels_one
moboreels_one,MoboReels one,MoboReels one,19,ID 7483686484516688942,A Touch Of Love,一丝爱意,2025-03-21 09:29:42,71,898418,7324,122.1,是 / Yes,Romantic Complications、Love Triangle、City,浪漫并发症、三角恋、城市,"To clear her father's name, Lydia had no choice but to work part-time as a masseuse. Unexpectedly, she became Clint's solution for his chronic headaches, which only eased with Lydia's close contact. What began as a relationship borne out of necessity gradually evolved into a tangled web of emotions between the two.",,否 / No,,https://www.tiktok.com/@moboreels_one
moboreels_one,MoboReels one,MoboReels one,20,ID 7462105764833039406,《The Fall Into Temptation》| 禁欲大佬沦陷了 FULL EPISODE,《The Fall Into Temptation》| 禁欲大佬沦陷了 FULL EPISODE,2025-01-24 17:40:33,102,822919,12718,212.0,是 / Yes,Forced Love、Family Feud、dark romance,强迫的爱、家庭恩怨、黑暗浪漫,"To pay for her sister's medical treatment, Thea sacrificed her virginity for a high price, selling herself to a stranger named Jeff. A year later, during a gathering with her suitor Gavin's friends, she encountered Jeff again. He recognized her and confronted her in a secluded spot. Panicked, Thea fled back to the private room, only to be pulled by Gavin to face Jeff once more. Gavin told her that only Jeff had the medicine that could save her sister.",,否 / No,,https://www.tiktok.com/@moboreels_one
moboreels_one,MoboReels one,MoboReels one,21,ID 7422449091948516395,SECOND CHANCE WITH MY SECRET LOVER,与我的秘密情人的第二次机会,2025-04-24 00:23:42,60,6453827,5737,95.6,是 / Yes,Love After Divorce、Reconciliation、Family Feud,离婚后的爱情、和解、家庭恩怨,"As Michael Frost's secret lover, Emma Roberts had been by his side for five years. Despite her unwavering devotion, she never managed to win his affection. When Michael Frost got engaged, Emma Roberts was left heartbroken. Adding insult to injury, she was diagnosed with a severe heart condition, specifically late-stage heart failure, and given only three months to live.",,否 / No,,https://www.tiktok.com/@moboreels_one
moboreels_one,MoboReels one,MoboReels one,22,ID 7486697246814360618,Reborn to Find I Am the Mogul's Lost Love,重生发现我是大亨失去的爱人,2025-03-28 16:01:50,11,2536570,986,16.4,是 / Yes,Family Feud、Revenge、Love Triangle,家庭恩怨、复仇、三角恋,"After funding a man's lavish act, she's done being a fool—now, it's payback time and a second chance at reigniting love with the man she once overlooked!",,否 / No,,https://www.tiktok.com/@moboreels_one
moboreels_one,MoboReels one,MoboReels one,23,ID 7483407634297558058,"Feigned Revenge, True Devotion",假装的复仇，真正的奉献,2025-04-23 23:06:28,62,419637,7635,127.2,是 / Yes,Family Feud、Reconciliation、Revenge,家庭恩怨、和解、复仇,"After being framed by her longtime sweetheart, she spent five years in prison and returned home only to be labelled a ""traitor."" The man pretended to marry her for revenge, but in truth, he cherished her deeply. As they sought the truth, an old friend offered assistance, igniting jealousy in her husband. In the workplace, she consistently proved her rivals wrong. The stoic yet fiercely protective husband eventually broke through his shell, revealing his genuine affection and falling in love.",,否 / No,,https://www.tiktok.com/@moboreels_one
moboreels_one,MoboReels one,MoboReels one,24,ID 7442897460646794282,《Love Before Time Runs Out》1080P FULL EPISODES,《爱在时间耗尽之前》1080P 全集,2024-12-05 13:05:14,56,832202,4177,69.6,是 / Yes,City、Romantic Complications、Sisters-in-Law,城市、浪漫并发症、嫂子,"Housewife Madisyn Murphy has been married to her husband Dominic Murphy for many years, enduring the favoritism of her mother-in-law and the maneuvering of her conniving sister-in-law. Striving for family peace, Madisyn has silently endured all this time. It wasn't until a doctor informed her that she only had one month left to live due to breast cancer that she decided to no longer remain silent and reclaimed her self-worth.",,否 / No,,https://www.tiktok.com/@moboreels_one
moboreels_one,MoboReels one,MoboReels one,25,ID 7454098417628058667,《Daddy's Best Friend Made Me His Billion Dollar Wife》,《爸爸最好的朋友让我成为他的十亿美元妻子》,2025-04-23 23:28:18,55,851367,3894,64.9,是 / Yes,Betrayal、Family Feud、Love After Marriage,背叛、家庭恩怨、婚后的爱情,"Madalyn’s boyfriend cheated on her. She got drunk and ended up sleeping with Nicolas, who was thirteen years older than her. As a result, they entered into matrimony. Madalyn believed it to be a loveless marriage, however, she had unknowingly fallen into the trap set with Nicolas’s love. He was waiting for her to love him back.",,否 / No,,https://www.tiktok.com/@moboreels_one
moboreels_one,MoboReels one,MoboReels one,26,ID 7516723865184310285,SECOND CHANCE WITH MY SECRET LOVER | lowest price full set sold,与我的秘密情人的第二次机会 |全套最低价出售,2025-06-19 10:39:43,59,1705954,5698,95.0,是 / Yes,Reconciliation、Family Feud、Love After Divorce,和解、家庭恩怨、离婚后的爱情,"As Michael Frost's secret lover, Emma Roberts had been by his side for five years. Despite her unwavering devotion, she never managed to win his affection. When Michael Frost got engaged, Emma Roberts was left heartbroken. Adding insult to injury, she was diagnosed with a severe heart condition, specifically late-stage heart failure, and given only three months to live.",,否 / No,,https://www.tiktok.com/@moboreels_one
goodshort_video,GoodShort,GoodShort,1,ID 7384059320000058411,My Professor Is My Alpha Mate,我的教授是我的阿尔法伙伴,2024-06-27 16:07:01,66,1824000,4514,75.2,是 / Yes,Revenge、Werewolf、Flipped,复仇、狼人、翻转,"When she impulsively kissed a stranger to get revenge on her unfaithful ex-boyfriend, she had no idea she had just locked lips with every she-shifter’s dream. 😲 ⁉️Along with being her respected college professor, he was also a billionaire and the brains behind the WereTech.",,否 / No,,https://www.tiktok.com/@goodshort_video
goodshort_video,GoodShort,GoodShort,2,ID 7383883602037347370,After We Loved,我们爱过之后,2024-06-28 18:25:04,59,1097467,5090,84.8,是 / Yes,Betrayal、Family Feud、Love Triangle,背叛、家庭恩怨、三角恋,"Joanna, daughter to Europe's wealthiest family, chose love over her status and wed David Kerr. She became his behind-the-scenes supporter, using her resources to establish a fashion company for him. At a social gathering, she fell victim to a deceitful drink orchestrated by Vivian, David's childhood friend, narrowly avoiding a compromising situation. In her dire moment, a stranger came to her rescue.",,否 / No,,https://www.tiktok.com/@goodshort_video
goodshort_video,GoodShort,GoodShort,3,ID 7384439476287804459,"Mistaken Encounter, Unexpected Love",误会，意外的爱情,2024-06-27 16:33:04,73,4083169,5545,92.4,是 / Yes,Family Feud、Revenge、Love After Marriage,家庭恩怨、复仇、婚后的爱情,"When heartbroken travelers Eileen and Leon cross paths amidst betrayal and rejection from their own relationships, a tipsy encounter leads to a night of unexpected passion. What starts as a drunken fling seems to be fading away once their journeys end. Howver, fate has other plans as Leon becomes Eileen's unlikely guardian angel, appearing whenever she faces a crisis. Eileen discovers she's carrying Leon's child and the two decides to give their romance a shot.",,否 / No,,https://www.tiktok.com/@goodshort_video
goodshort_video,GoodShort,GoodShort,4,ID 7384059320000042027,CEO's Substitute Wife,总裁的替身妻子,2024-06-27 15:48:17,61,1477452,5478,91.3,是 / Yes,Family Feud、Love After Marriage、Revenge,家庭恩怨、婚后的爱情、复仇,"Following the tragic death of her twin sister Alice, Ariel takes her place in order to enact revenge on Alice's cheating fiancé and manipulative adoptive family. However, Ariel's mission becomes more complicated when she meets and marries billionaire Victor, and must hide her true identity from him.",,否 / No,,https://www.tiktok.com/@goodshort_video
