Account / 账号,Nickname / 昵称,Screenshot Name / 截图名称,Rank in Account / 账号内排序,Drama ID / 短剧ID,English Title / 英文剧名,Chinese Title / 中文剧名,Publish Time / 发布时间,Episodes / 集数,Views / 观看数,Duration Seconds / 总时长(秒),Duration Minutes / 总时长(分钟),Limited Free / 是否限免,English Themes / 英文题材,Chinese Themes / 中文题材,English Description Preview / 英文简介预览,Chinese Description / 中文简介,Description Truncated / 简介是否截断,Drama Link / 短剧链接,Source Profile URL / 来源主页
masturzo.clemen,MD Drama,MD Drama,1,ID 7653131810934887444,The Secret Chef's Revenge,秘密厨师的复仇,2026-06-25 11:59:33,60,207622,7378,123.0,是 / Yes,City、Superior and Inferior、Skill/Talent Competition,城市、强弱逆袭、技能/才艺竞赛,"Cole Mason is fired by Jade Shaw. Replaced by the imposter Benny. Benny uses Cole Mason's sauces and falsely accuses him. He is invited to join The Zephyr Pavilion by Claire Frost, who offers him shares. Jade Shaw tries to blacklist Cole Mason, unaware that he is culinary god, Andy. A cooking competition, Jade Shaw realizes her mistake. The Celestial Palate is on the verge of bankruptcy after Benny is exposed. Cole Mason leads The Zephyr Pavilion to a comeback.",,否 / No,,https://www.tiktok.com/@masturzo.clemen
masturzo.clemen,MD Drama,MD Drama,2,ID 7653126676993463313,The Chef's Payback,厨师的回报,2026-06-21 00:01:34,22,374406,1713,28.6,是 / Yes,Farming/Business、Skill/Talent Competition,种田/经商、技能/才艺竞赛,"Leo Lowe's Luzhu Stew shop is booming. His greedy landlady, Grace Shaw, gets jealous and raises the rent, demanding his Secret Recipe. Leo Lowe empties the shop overnight. He starts over, and his business thrives. Grace Shaw opens a copycat shop, but it gets shut down due to bad taste and poor hygiene. She sells her property and leaves town. Leo Lowe's shop becomes famous throughout the county. Good and evil receive their due, and true craftsmanship endures.",,否 / No,,https://www.tiktok.com/@masturzo.clemen
masturzo.clemen,MD Drama,MD Drama,3,ID 7656358275239810069,The Chairman's Revenge,主席的复仇,2026-07-04 06:01:12,27,106188,1550,25.8,是 / Yes,Revenge、City,复仇、城市,"Twenty years ago, teacher Declan Lee helped poor Forrest Shaw with 29 yuan tuition and more. Twenty years later, Forrest Shaw is chairman of a group. His teacher was framed for 'misconduct,' forced to resign, and now sells watermelons. Forrest Shaw encounters his teacher being bullied and repays his kindness by clearing his name and helping his prodigal son. The framer is exposed, and Forrest offers a long-overdue 'thank you'.",,否 / No,,https://www.tiktok.com/@masturzo.clemen
masturzo.clemen,MD Drama,MD Drama,4,ID 7657765348854240257,The Billionaire's Payback,亿万富翁的回报,2026-07-02 16:18:08,21,382456,1200,20.0,是 / Yes,Mistaken Identities、Sudden Wealth、City,错误的身份、暴富、城市,"Finn Ford, a live-in son-in-law, has his life turned upside down when his father finds a winning lottery ticket worth a hundred million. His cheating wife mistakes the news, thinking her mother won, and forces him into a divorce, making him leave with nothing. When the truth is revealed, his ex-wife's family is buried in debt. The 'poor' ex-husband they kicked out has become a billionaire. Greed and betrayal ultimately lead to revenge.",,否 / No,,https://www.tiktok.com/@masturzo.clemen
masturzo.clemen,MD Drama,MD Drama,5,ID 7657657100822647828,The Wellness Tycoon's Revenge,健康大亨的复仇,2026-07-02 14:14:07,22,39294,1777,29.6,是 / Yes,Revenge、City、Redemption,复仇、城市、赎回,"After TCM therapist Finn Sullivan was humiliated and kicked out by his own uncle, David Sullivan, with just 2,500 yuan, he starts a business from scratch with his miraculous skill of ""diagnosing diseases by smell."" This is a story of revenge and comeback, where he gets back at his black-hearted betrayers, ultimately becomes the leader of the wellness industry, and finds happiness.",,否 / No,,https://www.tiktok.com/@masturzo.clemen
masturzo.clemen,MD Drama,MD Drama,6,ID 7656353060088714261,The Bank Stole My Life Savings,银行偷走了我一生的积蓄,2026-07-02 09:30:39,21,96930,1516,25.3,是 / Yes,Courtroom Drama、City,法庭剧、城市,"Construction worker Ethan Cole saved up 300,000 in life-saving money over seven years, which was mistakenly withdrawn due to a bank teller's error and an account mix-up due to a system glitch. The bank shirks responsibility, claiming they are 'Not responsible after leaving the counter,' so with the help of a lawyer, Ethan Cole stands up to the party at fault in a true story of fighting for justice and defending his rights through legal means.",,否 / No,,https://www.tiktok.com/@masturzo.clemen
masturzo.clemen,MD Drama,MD Drama,7,ID 7653131817838892053,The Wolfhound's Wall,猎狼犬之墙,2026-06-25 13:52:06,23,141702,1873,31.2,是 / Yes,Ensemble Cast、Family Disputes、Rural Area,群像、家庭纠纷、乡村,"Quinn establishes a wolf defense line with dogs. Cousin Shane Rhodes and mother Helen Rhodes incite villagers to demolish kennels. Quinn makes villagers sign a waiver, then dismantles defense. That night, a wolf pack devastates the village. Quinn leads his dogs against the wolves; Scrappy sacrifices itself. Villagers, confronted by waiver, turn on Shane Rhodes and his mother. Quinn rebuilds. Shane Rhodes attempts to poison dogs, is brought to justice. The village is reborn.",,否 / No,,https://www.tiktok.com/@masturzo.clemen
aidramalabs_pulse0,Shape of Desire,Shape of Desire,1,ID 7656911019842737159,Reborn as the Mafia Heir’s Bride,重生为黑手党继承人的新娘,2026-06-30 04:18:57,60,7972034,7218,120.3,是 / Yes,Romantic Complications、Reconciliation、Family Feud,浪漫并发症、和解、家庭恩怨,Reborn as the Mafia Heir’s Bride,,否 / No,,https://www.tiktok.com/@aidramalabs_pulse0
aidramalabs_pulse0,Shape of Desire,Shape of Desire,2,ID 7657992969923974152,Satan Sent Me a Hell Puppy,撒旦送给我一只地狱小狗,2026-07-03 02:06:52,36,9346062,2101,35.0,是 / Yes,Fantasy、Contract Lovers,奇幻、合约爱好者,Satan Sent Me a Hell Puppy,,否 / No,,https://www.tiktok.com/@aidramalabs_pulse0
aidramalabs_pulse0,Shape of Desire,Shape of Desire,3,ID 7661146562446758933,I Married the Wrong Billionaire,我嫁错了亿万富翁,2026-07-11 14:11:01,59,1221990,4908,81.8,是 / Yes,Family Feud、Love After Marriage、Romantic Complications,家庭恩怨、婚后的爱情、浪漫并发症,I Married the Wrong Billionaire,,否 / No,,https://www.tiktok.com/@aidramalabs_pulse0
aidramalabs_pulse0,Shape of Desire,Shape of Desire,4,ID 7658100317317469202,Beneath the Ice The Captain’s Fake Boyfriend,冰下船长的假男友,2026-07-03 09:03:23,7,8537298,2876,47.9,是 / Yes,Romantic Complications、Contract Lovers,浪漫并发症、合约爱好者,Beneath the Ice The Captain’s Fake Boyfriend,,否 / No,,https://www.tiktok.com/@aidramalabs_pulse0
aidramalabs_pulse0,Shape of Desire,Shape of Desire,5,ID 7656911151246087176,The Lethal Queen's Game,致命女王的游戏,2026-06-30 04:11:55,30,417783,1755,29.2,是 / Yes,Family Feud、Revenge、Enemies to Lovers,家庭恩怨、复仇、从敌人到恋人,The Lethal Queen's Game,,否 / No,,https://www.tiktok.com/@aidramalabs_pulse0
aidramalabs_pulse0,Shape of Desire,Shape of Desire,6,ID 7656910001059025927,I Married A Merman For Rent,我嫁给了一条出租人鱼,2026-06-30 04:04:48,30,481948,2387,39.8,是 / Yes,Romantic Complications、Fantasy、Contract Lovers,浪漫并发症、奇幻、合约爱好者,"A broke single mom rents a merman as her husband for one year — but every Thursday he must return to the sea, and every time he comes back, he wants to leave her less.",,否 / No,,https://www.tiktok.com/@aidramalabs_pulse0
aidramalabs_pulse0,Shape of Desire,Shape of Desire,7,ID 7657992394000323591,The Billionaire's Lie Detector,亿万富翁的测谎仪,2026-07-03 02:09:21,30,804667,1801,30.0,是 / Yes,Family Feud、Business Competition,家庭恩怨、商业竞赛,The Billionaire's Lie Detector,,否 / No,,https://www.tiktok.com/@aidramalabs_pulse0
aidramalabs_pulse0,Shape of Desire,Shape of Desire,8,ID 7656911694257820680,Sister Sold Me to Hades,姐姐把我卖给哈迪斯,2026-06-30 04:10:46,50,2520344,3196,53.3,是 / Yes,Revenge、Cultivation,复仇、栽培,Sister Sold Me to Hades,,否 / No,,https://www.tiktok.com/@aidramalabs_pulse0
aidramalabs_pulse0,Shape of Desire,Shape of Desire,9,ID 7658023262781772818,Claimed by the Alpha King’s Shadow,被阿尔法王之影占领,2026-07-03 04:08:33,31,4515349,3637,60.6,是 / Yes,Mistaken Identities、Romantic Complications、City,错误的身份、浪漫并发症、城市,Claimed by the Alpha King’s Shadow,,否 / No,,https://www.tiktok.com/@aidramalabs_pulse0
aidramalabs_pulse0,Shape of Desire,Shape of Desire,10,ID 7656912029592146951,Forsaken Bloodline,被遗忘的血脉,2026-06-30 04:17:59,40,1792222,2407,40.1,是 / Yes,Werewolf、Reconciliation、Romantic Complications,狼人、和解、浪漫并发症,Forsaken Bloodline,,否 / No,,https://www.tiktok.com/@aidramalabs_pulse0
aidramalabs_pulse0,Shape of Desire,Shape of Desire,11,ID 7656911277381571602,Mila Reed: The Luna of Moonstone Keep,米拉·里德：月光石堡的月神,2026-06-30 04:09:04,35,370364,2423,40.4,是 / Yes,Revealed Crush、Romantic Complications、Werewolf,揭露暗恋、浪漫并发症、狼人,Mila Reed: The Luna of Moonstone Keep,,否 / No,,https://www.tiktok.com/@aidramalabs_pulse0
aidramalabs_pulse0,Shape of Desire,Shape of Desire,12,ID 7660501424908358663,The Maid Who Saved Him,救了他的女仆,2026-07-09 20:25:19,50,6583695,4352,72.5,是 / Yes,Medical Drama、Family Feud、Redemption,医疗剧、家庭恩怨、赎回,They spat on the maid who emptied their bedpans—then watched her drag the dying heir back from death with her bare hands. The one they crushed was the only one who could save them all.,,否 / No,,https://www.tiktok.com/@aidramalabs_pulse0
aidramalabs_pulse0,Shape of Desire,Shape of Desire,13,ID 7656910325203440647,The Wolf King's Regret: My Ex-Wife Is the Winter Queen,狼王的遗憾：我的前妻是凛冬女王,2026-06-30 04:07:14,60,5701561,5545,92.4,是 / Yes,Love After Divorce、Werewolf、Mistaken Identities,离婚后的爱情、狼人、错误的身份,The Wolf King's Regret: My Ex-Wife Is the Winter Queen,,否 / No,,https://www.tiktok.com/@aidramalabs_pulse0
aidramalabs_pulse0,Shape of Desire,Shape of Desire,14,ID 7656911580965360648,Murder in the Winter Castle: A Sinful Stepbrother Romance,冬季城堡谋杀案：罪恶的继兄罗曼史,2026-06-30 04:18:03,50,831910,3330,55.5,是 / Yes,Contract Lovers、Revenge、Grand Mansion,合约爱好者、复仇、正大公馆,Murder in the Winter Castle: A Sinful Stepbrother Romance,,否 / No,,https://www.tiktok.com/@aidramalabs_pulse0
aidramalabs_pulse0,Shape of Desire,Shape of Desire,15,ID 7656911442720920583,Vows of the Silver Eclipse,银蚀誓言,2026-06-30 04:10:27,36,355422,2442,40.7,是 / Yes,Mistaken Identities、Romantic Complications、Werewolf,错误的身份、浪漫并发症、狼人,Vows of the Silver Eclipse,,否 / No,,https://www.tiktok.com/@aidramalabs_pulse0
aidramalabs_pulse0,Shape of Desire,Shape of Desire,16,ID 7658177343999169543,My Whisper App Pup Is My Iceberg CEO,我的 Whisper 应用程序小狗是我的冰山首席执行官,2026-07-03 14:02:28,40,887610,4289,71.5,是 / Yes,Superior and Inferior、Romantic Complications、City,强弱逆袭、浪漫并发症、城市,My Whisper App Pup Is My Iceberg CEO,,否 / No,,https://www.tiktok.com/@aidramalabs_pulse0
aidramalabs_pulse0,Shape of Desire,Shape of Desire,17,ID 7656911546194334738,A Doce Esposa do CEO,Doce Esposa 首席执行官,2026-06-30 04:13:42,66,4595833,7632,127.2,是 / Yes,Romantic Complications、City、Love After Marriage,浪漫并发症、城市、婚后的爱情,A Doce Esposa do CEO,,否 / No,,https://www.tiktok.com/@aidramalabs_pulse0
aidramalabs_pulse0,Shape of Desire,Shape of Desire,18,ID 7657992723169022994,"One Touch, One Light",一键一灯,2026-07-03 02:06:01,51,2617096,4591,76.5,是 / Yes,Palace/Mansion Intrigue、Fantasy、Redemption,宫殿/豪宅阴谋、奇幻、赎回,"One touch gives him sight—and steals hers. Two princes, one cursed girl, and a king who drinks her blood. She can save the man she loves, but only by walking into eternal darkness alone.",,否 / No,,https://www.tiktok.com/@aidramalabs_pulse0
aidramalabs_pulse0,Shape of Desire,Shape of Desire,19,ID 7657992426237334536,Sin and Sanctuary,罪恶与庇护所,2026-07-03 02:07:32,34,874016,2915,48.6,是 / Yes,Forced Love、City、Contract Lovers,强迫的爱、城市、合约爱好者,Sin and Sanctuary,,否 / No,,https://www.tiktok.com/@aidramalabs_pulse0
aidramalabs_pulse0,Shape of Desire,Shape of Desire,20,ID 7660501439282451463,Locked Wife Rising,锁妻崛起,2026-07-09 20:21:04,40,538638,3663,61.0,是 / Yes,Married Life、Family Feud、Love Triangle,婚姻生活、家庭恩怨、三角恋,"A locked wife receives a silver key from the silent butler on the night her husband brings another woman home, and that tiny metal blade cuts open a gilded cage of lies.",,否 / No,,https://www.tiktok.com/@aidramalabs_pulse0
aidramalabs_pulse0,Shape of Desire,Shape of Desire,21,ID 7656910075717964807,The Heiress in a Janitor's Uniform,穿清洁工制服的女继承人,2026-06-30 04:09:48,50,770621,5088,84.8,是 / Yes,Mistaken Identities、Family & Ethics、Family Feud,错误的身份、家庭与道德、家庭恩怨,The Heiress in a Janitor's Uniform,,否 / No,,https://www.tiktok.com/@aidramalabs_pulse0
aidramalabs_pulse0,Shape of Desire,Shape of Desire,22,ID 7656972414429139986,From Dead Cop to Mafia Queen,从死亡警察到黑手党女王,2026-06-30 08:07:58,29,11554237,2296,38.3,是 / Yes,dark romance、Revenge、City,黑暗浪漫、复仇、城市,From Dead Cop to Mafia Queen,,否 / No,,https://www.tiktok.com/@aidramalabs_pulse0
aidramalabs_pulse0,Shape of Desire,Shape of Desire,23,ID 7660501372965688338,I Bankrupted My Killer Husband,我让我的杀手丈夫破产了,2026-07-09 20:23:56,30,389948,3266,54.4,是 / Yes,Family Feud、Married Life,家庭恩怨、婚姻生活,I Bankrupted My Killer Husband,,否 / No,,https://www.tiktok.com/@aidramalabs_pulse0
aidramalabs_pulse0,Shape of Desire,Shape of Desire,24,ID 7657992461373068296,The Lie She Breathes,她呼吸的谎言,2026-07-03 02:04:52,35,637076,1982,33.0,是 / Yes,Mystery、City,神秘、城市,The Lie She Breathes,,否 / No,,https://www.tiktok.com/@aidramalabs_pulse0
aidramalabs_pulse0,Shape of Desire,Shape of Desire,25,ID 7660501431933719559,Her Forbidden Contract,她的禁忌契约,2026-07-09 20:24:25,40,777565,3648,60.8,是 / Yes,Revenge、Royal Palace、Contract Lovers,复仇、皇宫、合约爱好者,"A trapped bride burns under a broken marriage spell, until the forbidden contract master touches her mark and reveals the one truth her husband fears most: she was never meant to obey.",,否 / No,,https://www.tiktok.com/@aidramalabs_pulse0
aidramalabs_pulse0,Shape of Desire,Shape of Desire,26,ID 7656911991428404232,Thermal Borders,热边界,2026-06-30 04:13:42,57,3263330,4778,79.6,是 / Yes,Action,行动,Thermal Borders,,否 / No,,https://www.tiktok.com/@aidramalabs_pulse0
aidramalabs_pulse0,Shape of Desire,Shape of Desire,27,ID 7657992750910198792,Seven Years to Forever,七年到永远,2026-07-03 02:10:42,43,3501906,3872,64.5,是 / Yes,City、Reconciliation、Romantic Complications,城市、和解、浪漫并发症,Seven Years to Forever,,否 / No,,https://www.tiktok.com/@aidramalabs_pulse0
aidramalabs_pulse0,Shape of Desire,Shape of Desire,28,ID 7656910482523116552,The Cheer Captain Hated Me..Until She Kissed Me,啦啦队长恨我……直到她吻了我,2026-06-30 04:05:55,27,74853079,2576,42.9,是 / Yes,Enemies to Lovers、Romantic Complications,从敌人到恋人、浪漫并发症,The Cheer Captain Hated Me..Until She Kissed Me,,否 / No,,https://www.tiktok.com/@aidramalabs_pulse0
aidramalabs_pulse0,Shape of Desire,Shape of Desire,29,ID 7656911068522026002,The Emperor's Private Bathhouse,皇帝的私人浴室,2026-06-30 04:23:04,30,40519018,2596,43.3,是 / Yes,Royal Palace、Reconciliation、Romantic Complications,皇宫、和解、浪漫并发症,"In Rome's deepest bath, a conquered princess serves an emperor who refuses to touch her, until she discovers the mosaic on the wall wears her own face.",,否 / No,,https://www.tiktok.com/@aidramalabs_pulse0
aidramalabs_pulse0,Shape of Desire,Shape of Desire,30,ID 7656958450257204242,Mad Boss: Lift And Twins,疯狂老板：电梯与双胞胎,2026-06-30 07:12:12,50,2401088,5154,85.9,是 / Yes,Romantic Complications、Family Feud、Superior and Inferior,浪漫并发症、家庭恩怨、强弱逆袭,"A humble employee defies a ruthless billionaire boss, only to uncover his hidden vulnerability",,否 / No,,https://www.tiktok.com/@aidramalabs_pulse0
aidramalabs_pulse0,Shape of Desire,Shape of Desire,31,ID 7658100382505227272,Claimed by My Dead Mate's Uncle,被我死去的伙伴的叔叔认领,2026-07-03 09:03:37,30,8435850,1752,29.2,是 / Yes,Werewolf、Age Gap/Older Boyfriend、Forced Love,狼人、年龄差距/年长的男朋友、强迫的爱,Claimed by My Dead Mate's Uncle,,否 / No,,https://www.tiktok.com/@aidramalabs_pulse0
aidramalabs_pulse0,Shape of Desire,Shape of Desire,32,ID 7657992598484816904,Unbroken Chains,不间断的锁链,2026-07-03 02:05:23,31,896623,2094,34.9,是 / Yes,Family Feud、Reconciliation、Married Life,家庭恩怨、和解、婚姻生活,Captive Maya marries Kael; they uncover a shared tragedy and defeat vicious foes.,,否 / No,,https://www.tiktok.com/@aidramalabs_pulse0
aidramalabs_pulse0,Shape of Desire,Shape of Desire,33,ID 7657992262286119954,My Unborn Baby Exposed My Cheating Husband,我未出生的婴儿揭露了我出轨的丈夫,2026-07-03 02:09:01,50,1109162,3267,54.5,是 / Yes,Married Life、Family Feud、Love Triangle,婚姻生活、家庭恩怨、三角恋,My Unborn Baby Exposed My Cheating Husband,,否 / No,,https://www.tiktok.com/@aidramalabs_pulse0
aidramalabs_pulse0,Shape of Desire,Shape of Desire,34,ID 7657993004066542600,The Sparrow and the Flame,麻雀与火焰,2026-07-03 02:06:10,36,776120,2280,38.0,是 / Yes,Mistaken Identities、City、Action,错误的身份、城市、行动,The Sparrow and the Flame,,否 / No,,https://www.tiktok.com/@aidramalabs_pulse0
aidramalabs_pulse0,Shape of Desire,Shape of Desire,35,ID 7656972419302970386,The Mob King's Stolen Attic Bride,黑帮之王被盗的阁楼新娘,2026-06-30 08:06:30,50,7164880,4199,70.0,是 / Yes,Family Feud、Family & Ethics、Contract Lovers,家庭恩怨、家庭与道德、合约爱好者,"Chosen by a fiercely protective mafia king, a timid outcast overcomes her abusive past to become the deeply loved, untouchable queen of his underworld empire.",,否 / No,,https://www.tiktok.com/@aidramalabs_pulse0
aidramalabs_pulse0,Shape of Desire,Shape of Desire,36,ID 7660501446428791816,My Secret Son with the Billionaire Enemy,我的秘密儿子与亿万富翁敌人,2026-07-09 20:23:08,60,819946,5530,92.2,是 / Yes,Family Feud、Reconciliation、Romantic Complications,家庭恩怨、和解、浪漫并发症,My Secret Son with the Billionaire Enemy,,否 / No,,https://www.tiktok.com/@aidramalabs_pulse0
aidramalabs_pulse0,Shape of Desire,Shape of Desire,37,ID 7658208622882706450,Beneath the Ice The Captain’s Fake Boyfriend,冰下船长的假男友,2026-07-03 16:04:07,18,22518696,2876,47.9,是 / Yes,Contract Lovers、Romantic Complications,合约爱好者、浪漫并发症,Beneath the Ice The Captain’s Fake Boyfriend,,否 / No,,https://www.tiktok.com/@aidramalabs_pulse0
aidramalabs_pulse0,Shape of Desire,Shape of Desire,38,ID 7657992735731766279,My Secret Son with the Billionaire Enemy,我的秘密儿子与亿万富翁敌人,2026-07-03 02:06:09,60,887958,5547,92.5,是 / Yes,Reconciliation、Romantic Complications、Family Feud,和解、浪漫并发症、家庭恩怨,My Secret Son with the Billionaire Enemy,,否 / No,,https://www.tiktok.com/@aidramalabs_pulse0
aidramalabs_pulse0,Shape of Desire,Shape of Desire,39,ID 7658255072895325191,Kidnapped by the Wolf King,被狼王绑架,2026-07-03 19:03:59,51,12378004,3673,61.2,是 / Yes,Forced Love、Werewolf、Enemies to Lovers,强迫的爱、狼人、从敌人到恋人,Kidnapped by the Wolf King,,否 / No,,https://www.tiktok.com/@aidramalabs_pulse0
aidramalabs_pulse0,Shape of Desire,Shape of Desire,40,ID 7657961190815257618,Penalty Kiss,惩罚之吻,2026-07-03 00:03:36,40,822583,2738,45.6,是 / Yes,Sports、City、Enemies to Lovers,运动的、城市、从敌人到恋人,Penalty Kiss,,否 / No,,https://www.tiktok.com/@aidramalabs_pulse0
aidramalabs_pulse0,Shape of Desire,Shape of Desire,41,ID 7656910949420635144,Reborn to Revenge: Guarded by the Billionaire Alpha,重生复仇：由亿万富翁阿尔法守护,2026-06-30 04:23:12,43,876721,3512,58.5,是 / Yes,Revenge、Family Feud,复仇、家庭恩怨,Reborn to Revenge: Guarded by the Billionaire Alpha,,否 / No,,https://www.tiktok.com/@aidramalabs_pulse0
aidramalabs_pulse0,Shape of Desire,Shape of Desire,42,ID 7656911964844921874,Soul Swap: Trapped in His Arms,灵魂交换：被困在他的怀里,2026-06-30 04:12:30,34,17364427,3223,53.7,是 / Yes,Family & Ethics、Family Feud,家庭与道德、家庭恩怨,Soul Swap: Trapped in His Arms,,否 / No,,https://www.tiktok.com/@aidramalabs_pulse0
aidramalabs_pulse0,Shape of Desire,Shape of Desire,43,ID 7656972612983133192,His Forbidden Coach,他的禁忌教练,2026-06-30 08:08:52,49,2557100,5330,88.8,是 / Yes,Sports、City、Superior and Inferior,运动的、城市、强弱逆袭,He was the champion they buried in lies. The rookie they warned him about just chose him in front of everyone—and the water remembers who he used to be.,,否 / No,,https://www.tiktok.com/@aidramalabs_pulse0
aidramalabs_pulse0,Shape of Desire,Shape of Desire,44,ID 7660501457099592722,"Carrying His Heir, Breaking His Heart",背负着他的继承人，伤透了他的心,2026-07-09 20:21:18,60,575958,4531,75.5,是 / Yes,Family Feud、Romantic Complications、Contract Lovers,家庭恩怨、浪漫并发症、合约爱好者,"Carrying His Heir, Breaking His Heart",,否 / No,,https://www.tiktok.com/@aidramalabs_pulse0
aidramalabs_pulse0,Shape of Desire,Shape of Desire,45,ID 7656911468373529618,Forbidden Obsession,禁忌的痴迷,2026-06-30 04:21:36,34,9504012,3265,54.4,是 / Yes,Family & Ethics、Contract Lovers、Family Feud,家庭与道德、合约爱好者、家庭恩怨,Forbidden Obsession,,否 / No,,https://www.tiktok.com/@aidramalabs_pulse0
aidramalabs_pulse0,Shape of Desire,Shape of Desire,46,ID 7657141627001213970,"He Faked His Death, I Stole His Empire",他伪造了他的死亡，我偷走了他的帝国,2026-06-30 19:03:03,47,2461729,4890,81.5,是 / Yes,dark romance、Forced Love、Family Feud,黑暗浪漫、强迫的爱、家庭恩怨,"From a terrified waitress to a lethal mafia matriarch: she was kidnapped by the devil himself, but he ended up bowing at her feet.",,否 / No,,https://www.tiktok.com/@aidramalabs_pulse0
aidramalabs_pulse0,Shape of Desire,Shape of Desire,47,ID 7660501390598476807,The Cursed Mermaid Sings,被诅咒的美人鱼歌唱,2026-07-09 20:23:34,50,778190,3388,56.5,是 / Yes,Fantasy、Mistaken Identities、Romantic Complications,奇幻、错误的身份、浪漫并发症,"She drowns the killer tides in secret, branded a curse for the miracle she alone performs—until the night the ocean roars, and the throne kneels to the voice it once chained.",,否 / No,,https://www.tiktok.com/@aidramalabs_pulse0
aidramalabs_pulse0,Shape of Desire,Shape of Desire,48,ID 7656972635120948231,"Two Rival CEOs, One Assistant",两名竞争对手首席执行官，一名助理,2026-06-30 08:09:01,30,873371,2164,36.1,是 / Yes,Romantic Complications、Family Feud、Love Triangle,浪漫并发症、家庭恩怨、三角恋,"She signed two contracts with two enemies who used to be brothers. Now they fight over her coffee, her weekend, her lips—and the secret that broke them seven years ago wears her face.",,否 / No,,https://www.tiktok.com/@aidramalabs_pulse0
aidramalabs_pulse0,Shape of Desire,Shape of Desire,49,ID 7656910100829049874,One Night of Ruin,一夜的毁灭,2026-06-30 04:18:36,44,22694044,3058,51.0,是 / Yes,Romantic Complications、City、Superior and Inferior,浪漫并发症、城市、强弱逆袭,One Night of Ruin,,否 / No,,https://www.tiktok.com/@aidramalabs_pulse0
aidramalabs_pulse0,Shape of Desire,Shape of Desire,50,ID 7657992497347728391,The Christian Boy's Secret,基督徒男孩的秘密,2026-07-03 02:05:03,46,859653,3620,60.3,是 / Yes,Friends to Lovers、Romantic Complications,朋友到恋人、浪漫并发症,The Christian Boy's Secret,,否 / No,,https://www.tiktok.com/@aidramalabs_pulse0
aidramalabs_pulse0,Shape of Desire,Shape of Desire,51,ID 7655363810655736839,The Billionaire's Captive Surgeon,亿万富翁的俘虏外科医生,2026-06-26 00:04:02,34,1438254,2176,36.3,是 / Yes,Bromance、Forced Love、Family Feud,兄弟情谊、强迫的爱、家庭恩怨,The Billionaire's Captive Surgeon,,否 / No,,https://www.tiktok.com/@aidramalabs_pulse0
aidramalabs_pulse0,Shape of Desire,Shape of Desire,52,ID 7653508766000616466,Ice Breaker,破冰活动,2026-06-21 00:05:28,40,1083062,2753,45.9,是 / Yes,Romantic Complications、City,浪漫并发症、城市,Ice Breaker,,否 / No,,https://www.tiktok.com/@aidramalabs_pulse0
aidramalabs_pulse0,Shape of Desire,Shape of Desire,53,ID 7654250694714627090,Betrayed at My Bedside: Claimed by the Tyrant Alpha,在我的床边被背叛：被暴君阿尔法认领,2026-06-23 00:07:06,55,36497759,5934,98.9,是 / Yes,Betrayal、Reconciliation、Werewolf,背叛、和解、狼人,Betrayed at My Bedside: Claimed by the Tyrant Alpha,,否 / No,,https://www.tiktok.com/@aidramalabs_pulse0
aidramalabs_pulse0,Shape of Desire,Shape of Desire,54,ID 7654250579635508231,The Moonlit Glasshouse,月光温室,2026-06-23 00:04:12,30,3708652,2303,38.4,是 / Yes,Reconciliation、Romantic Complications、Fantasy,和解、浪漫并发症、奇幻,"A London botanist inherits a glasshouse where a silver-haired guardian blooms from a flower at midnight — he lives only in moonlight, and every petal she grows is a heartbeat she can't take back.",,否 / No,,https://www.tiktok.com/@aidramalabs_pulse0
aidramalabs_pulse0,Shape of Desire,Shape of Desire,55,ID 7655348350509683730,"Cursed Bond, Royal Omega",被诅咒的债券，皇家欧米茄,2026-06-25 23:04:04,35,878947,2260,37.7,是 / Yes,dark romance、Revenge、Werewolf,黑暗浪漫、复仇、狼人,"Cursed Bond, Royal Omega",,否 / No,,https://www.tiktok.com/@aidramalabs_pulse0
aidramalabs_pulse0,Shape of Desire,Shape of Desire,56,ID 7654251221980615698,"Betrayed by My Fiancé, Claimed by His CEO Uncle",被未婚夫背叛，被总裁叔叔认领,2026-06-23 00:09:06,31,40769332,2112,35.2,是 / Yes,Age Gap/Older Boyfriend、Family Feud、Romantic Complications,年龄差距/年长的男朋友、家庭恩怨、浪漫并发症,"Betrayed by My Fiancé, Claimed by His CEO Uncle",,否 / No,,https://www.tiktok.com/@aidramalabs_pulse0
aidramalabs_pulse0,Shape of Desire,Shape of Desire,57,ID 7653693831652627474,"Five Brothers, One Vow",五兄弟一誓,2026-06-21 12:03:40,37,816352,3035,50.6,是 / Yes,Family Disputes、Family Feud、Love Triangle,家庭纠纷、家庭恩怨、三角恋,"Five Brothers, One Vow",,否 / No,,https://www.tiktok.com/@aidramalabs_pulse0
aidramalabs_pulse0,Shape of Desire,Shape of Desire,58,ID 7656900574033515538,Mist Survival: Secret Heiress,迷雾求生：秘密女继承人,2026-06-30 03:29:23,60,477832,4346,72.4,是 / Yes,Mistaken Identities、Action、Fantasy,错误的身份、行动、奇幻,Mist Survival: Secret Heiress,,否 / No,,https://www.tiktok.com/@aidramalabs_pulse0
aidramalabs_pulse0,Shape of Desire,Shape of Desire,59,ID 7653508848300594184,Don't Tell My Brother,别告诉我兄弟,2026-06-21 00:07:34,36,20517396,3487,58.1,是 / Yes,City、Romantic Complications、dark romance,城市、浪漫并发症、黑暗浪漫,Don't Tell My Brother,,否 / No,,https://www.tiktok.com/@aidramalabs_pulse0
aidramalabs_pulse0,Shape of Desire,Shape of Desire,60,ID 7653462004560417800,Contract with the Lycan Emperor,与狼人皇帝的契约,2026-06-20 21:05:45,30,1966879,2756,45.9,是 / Yes,Werewolf、Forced Love、dark romance,狼人、强迫的爱、黑暗浪漫,Contract with the Lycan Emperor,,否 / No,,https://www.tiktok.com/@aidramalabs_pulse0
aidramalabs_pulse0,Shape of Desire,Shape of Desire,61,ID 7643241607965479952,Dangerous Deal: The Mafia Boss's Contract Doctor,危险交易：黑手党老大的合同医生,2026-06-29 23:39:18,33,778452,2105,35.1,是 / Yes,Contract Lovers、Medical Drama、City,合约爱好者、医疗剧、城市,Dangerous Deal: The Mafia Boss's Contract Doctor,,否 / No,,https://www.tiktok.com/@aidramalabs_pulse0
aidramalabs_pulse0,Shape of Desire,Shape of Desire,62,ID 7655348854824571911,Love Lands at Dawn,爱在黎明降临,2026-06-25 23:06:04,40,365918,4651,77.5,是 / Yes,Romantic Complications、Family Feud、Love Triangle,浪漫并发症、家庭恩怨、三角恋,Love Lands at Dawn,,否 / No,,https://www.tiktok.com/@aidramalabs_pulse0
aidramalabs_pulse0,Shape of Desire,Shape of Desire,63,ID 7654250756618621959,The King's Regret: Rise of the Thorns,国王的遗憾：荆棘崛起,2026-06-23 00:04:57,40,783139,2820,47.0,是 / Yes,Reconciliation、Romantic Complications、Family Feud,和解、浪漫并发症、家庭恩怨,The King's Regret: Rise of the Thorns,,否 / No,,https://www.tiktok.com/@aidramalabs_pulse0
aidramalabs_pulse0,Shape of Desire,Shape of Desire,64,ID 7655363802367677447,The Outcast and Her Hound: No Mercy,流浪者和她的猎犬：无情,2026-06-26 00:05:46,42,7184564,2648,44.1,是 / Yes,Family Feud、Family & Ethics,家庭恩怨、家庭与道德,The Outcast and Her Hound: No Mercy,,否 / No,,https://www.tiktok.com/@aidramalabs_pulse0
aidramalabs_pulse0,Shape of Desire,Shape of Desire,65,ID 7653725469002503175,The Masked Duke's Pampered Wife,蒙面公爵的宠妻,2026-06-21 14:06:30,36,773425,2131,35.5,是 / Yes,Family Feud、Redemption、Romantic Complications,家庭恩怨、赎回、浪漫并发症,The Masked Duke's Pampered Wife,,否 / No,,https://www.tiktok.com/@aidramalabs_pulse0
aidramalabs_pulse0,Shape of Desire,Shape of Desire,66,ID 7655348488255230983,The Crown Beneath the Maid Uniform,女仆服下的王冠,2026-06-26 02:20:47,36,7494977,2456,40.9,是 / Yes,Revenge、Family Feud、Reconciliation,复仇、家庭恩怨、和解,The Crown Beneath the Maid Uniform,,否 / No,,https://www.tiktok.com/@aidramalabs_pulse0
aidramalabs_pulse0,Shape of Desire,Shape of Desire,67,ID 7653523850294154247,He Traded My Love for Her Life,他用我的爱换了她的生命,2026-06-21 01:03:57,30,799987,1738,29.0,是 / Yes,Family Feud、Contract Lovers、Romantic Complications,家庭恩怨、合约爱好者、浪漫并发症,He Traded My Love for Her Life,,否 / No,,https://www.tiktok.com/@aidramalabs_pulse0
aidramalabs_pulse0,Shape of Desire,Shape of Desire,68,ID 7654265853839528978,The Billionaire's Shield,亿万富翁的盾牌,2026-06-23 01:05:09,30,796884,2337,39.0,是 / Yes,Superior and Inferior、Romantic Complications、City,强弱逆袭、浪漫并发症、城市,The Billionaire's Shield,,否 / No,,https://www.tiktok.com/@aidramalabs_pulse0
aidramalabs_pulse0,Shape of Desire,Shape of Desire,69,ID 7655333029988389895,The Supreme Commander's Guard,最高统帅卫队,2026-06-25 22:04:33,30,446708,1819,30.3,是 / Yes,Contract Lovers、Revenge、Family Feud,合约爱好者、复仇、家庭恩怨,The Supreme Commander's Guard,,否 / No,,https://www.tiktok.com/@aidramalabs_pulse0
aidramalabs_pulse0,Shape of Desire,Shape of Desire,70,ID 7655333162884813842,I Ate A Meteorite For Her,我为她吃了一块陨石,2026-06-25 22:06:57,25,362148,1646,27.4,是 / Yes,Action、Fantasy、Lost Child,行动、奇幻、丢失的孩子,I Ate A Meteorite For Her,,否 / No,,https://www.tiktok.com/@aidramalabs_pulse0
aidramalabs_pulse0,Shape of Desire,Shape of Desire,71,ID 7653725093046031367,My Two Campus Princes Won't Leave Me Alone,我的两个校园王子不会丢下我一个人,2026-06-21 14:04:56,32,825200,2205,36.8,是 / Yes,Romantic Complications、Childhood Sweethearts,浪漫并发症、青梅竹马,My Two Campus Princes Won't Leave Me Alone,,否 / No,,https://www.tiktok.com/@aidramalabs_pulse0
aidramalabs_pulse0,Shape of Desire,Shape of Desire,72,ID 7653725109156549650,Bound by Scent: The Don's Fake Bride,被气味所束缚：唐的假新娘,2026-06-21 14:06:51,40,18560884,3007,50.1,是 / Yes,Forced Love、Family Feud、Mistaken Identities,强迫的爱、家庭恩怨、错误的身份,Bound by Scent: The Don's Fake Bride,,否 / No,,https://www.tiktok.com/@aidramalabs_pulse0
aidramalabs_pulse0,Shape of Desire,Shape of Desire,73,ID 7654250859005613063,Frost Blooms for Her,霜花为她绽放,2026-06-23 00:05:25,28,1994366,2290,38.2,是 / Yes,Royal Palace、Revealed Crush、Romantic Complications,皇宫、揭露暗恋、浪漫并发症,She cries roses. He breathes winter. One kiss blooms a city and erases one of them forever. Will they dare to fall?,,否 / No,,https://www.tiktok.com/@aidramalabs_pulse0
aidramalabs_pulse0,Shape of Desire,Shape of Desire,74,ID 7655363678862136327,The Filler Wife,填充物的妻子,2026-06-26 00:03:41,50,26267409,4103,68.4,是 / Yes,Mistaken Identities、First Love & Substitute、Family Feud,错误的身份、初恋与替身、家庭恩怨,They married her to keep a seat warm for another woman—then learned she was the floor the whole empire stood on.,,否 / No,,https://www.tiktok.com/@aidramalabs_pulse0
aidramalabs_pulse0,Shape of Desire,Shape of Desire,75,ID 7653724713625523207,"Mocked by Everyone, I Made the Billionaire Heir Kneel",被众人嘲笑，我让亿万富翁继承人下跪,2026-06-21 14:08:59,39,6498196,3324,55.4,是 / Yes,Revenge、Mistaken Identities、Family Feud,复仇、错误的身份、家庭恩怨,"Mocked by Everyone, I Made the Billionaire Heir Kneel",,否 / No,,https://www.tiktok.com/@aidramalabs_pulse0
aidramalabs_pulse0,Shape of Desire,Shape of Desire,76,ID 7653724830931522567,Broke Peach Barbie,破碎的桃子芭比,2026-06-21 14:03:51,30,839322,2066,34.4,是 / Yes,Romantic Complications、City、Reconciliation,浪漫并发症、城市、和解,Broke Peach Barbie,,否 / No,,https://www.tiktok.com/@aidramalabs_pulse0
aidramalabs_pulse0,Shape of Desire,Shape of Desire,77,ID 7654451483257099282,The Queen Who Bought His Empire,买下帝国的女王,2026-06-23 13:03:53,35,1615709,2124,35.4,是 / Yes,Married Life、Family Feud,婚姻生活、家庭恩怨,The Queen Who Bought His Empire,,否 / No,,https://www.tiktok.com/@aidramalabs_pulse0
aidramalabs_pulse0,Shape of Desire,Shape of Desire,78,ID 7656863316177998856,The Duke's Private Wing,公爵的私人翼楼,2026-06-30 01:04:40,30,775714,2640,44.0,是 / Yes,Romantic Complications、Family Feud、Mistaken Identities,浪漫并发症、家庭恩怨、错误的身份,"In a sealed Victorian manor, a governess reads love letters to a blind duke—until she realizes every letter was written to her, and he was never blind at all.",,否 / No,,https://www.tiktok.com/@aidramalabs_pulse0
aidramalabs_pulse0,Shape of Desire,Shape of Desire,79,ID 7655379136394941447,The Runaway Oracle,逃跑的神谕者,2026-06-26 01:03:35,36,866442,2351,39.2,是 / Yes,Redemption、Royal Palace、Adventure,赎回、皇宫、冒险,The Runaway Oracle,,否 / No,,https://www.tiktok.com/@aidramalabs_pulse0
aidramalabs_pulse0,Shape of Desire,Shape of Desire,80,ID 7645854577127887890,The Disabled Billionaire's Maid Substitute,残疾亿万富翁的女佣替身,2026-06-29 23:38:53,31,517068,1576,26.3,是 / Yes,Contract Lovers、Married Life、Family Feud,合约爱好者、婚姻生活、家庭恩怨,"A mind-reading bride falls for her cruel, disabled husband in a fake marriage.",,否 / No,,https://www.tiktok.com/@aidramalabs_pulse0
aidramalabs_pulse0,Shape of Desire,Shape of Desire,81,ID 7655348887120794631,"Switched at Birth, Back for Revenge",出生时改变，为了复仇而回来,2026-06-25 23:07:51,32,8253296,2621,43.7,是 / Yes,Real/Fake Heir/Heiress、Family Feud、Lost Child,真/假继承人/女继承人、家庭恩怨、丢失的孩子,"Switched at Birth, Back for Revenge",,否 / No,,https://www.tiktok.com/@aidramalabs_pulse0
aidramalabs_pulse0,Shape of Desire,Shape of Desire,82,ID 7656863313392866312,The Dragon's Forbidden Bride,龙的禁忌新娘,2026-06-30 01:02:56,30,4369343,2434,40.6,是 / Yes,Mistaken Identities、Romantic Complications、Cultivation,错误的身份、浪漫并发症、栽培,"She was sent to die for a dragon, but the beast bleeds only when she's cold, and the crown that damned him still beats inside her veins.",,否 / No,,https://www.tiktok.com/@aidramalabs_pulse0
aidramalabs_pulse0,Shape of Desire,Shape of Desire,83,ID 7653493274531009543,"Two Princes, One Crown, One Cinderella",两个王子，一顶王冠，一个灰姑娘,2026-06-20 23:05:25,34,817026,2556,42.6,是 / Yes,Family Feud、Love Triangle、Romantic Complications,家庭恩怨、三角恋、浪漫并发症,"Two Princes, One Crown, One Cinderella",,否 / No,,https://www.tiktok.com/@aidramalabs_pulse0
aidramalabs_pulse0,Shape of Desire,Shape of Desire,84,ID 7653755513842488327,Error 404: Love Not Found — Until You,错误404：未找到爱——直到你,2026-06-21 16:03:02,40,558489,2638,44.0,是 / Yes,Mystery、Fantasy、Reconciliation,神秘、奇幻、和解,Error 404: Love Not Found — Until You,,否 / No,,https://www.tiktok.com/@aidramalabs_pulse0
aidramalabs_pulse0,Shape of Desire,Shape of Desire,85,ID 7653755625713128466,The One I Loved Was Never You,我爱过的人从来都不是你,2026-06-21 16:03:23,35,4333157,2458,41.0,是 / Yes,Contract Lovers、Married Life、Family Feud,合约爱好者、婚姻生活、家庭恩怨,The One I Loved Was Never You,,否 / No,,https://www.tiktok.com/@aidramalabs_pulse0
aidramalabs_pulse0,Shape of Desire,Shape of Desire,86,ID 7655348876857316370,She Stole My DNA,她偷了我的 DNA,2026-06-25 23:06:13,35,5307603,3035,50.6,是 / Yes,Betrayal、Family Feud,背叛、家庭恩怨,She Stole My DNA,,否 / No,,https://www.tiktok.com/@aidramalabs_pulse0
aidramalabs_pulse0,Shape of Desire,Shape of Desire,87,ID 7640578870303020050,My Stepbrother's Obsession,我继兄弟的痴迷,2026-06-29 23:37:12,30,29288395,1966,32.8,是 / Yes,Family Feud、Family & Ethics、dark romance,家庭恩怨、家庭与道德、黑暗浪漫,He hunts his own kin,,否 / No,,https://www.tiktok.com/@aidramalabs_pulse0
aidramalabs_pulse0,Shape of Desire,Shape of Desire,88,ID 7655332934920115207,She Watched Through My Eyes,她通过我的眼睛观察,2026-06-25 22:09:34,30,768598,2601,43.4,是 / Yes,Workplace、Mystery、Superior and Inferior,职场、神秘、强弱逆袭,She Watched Through My Eyes,,否 / No,,https://www.tiktok.com/@aidramalabs_pulse0
aidramalabs_pulse0,Shape of Desire,Shape of Desire,89,ID 7653493484095640594,The Ghost BFF’s Revenge: Outsmarting My Billionaire Ex,幽灵好友的复仇：智胜我的亿万富翁前任,2026-06-20 23:05:21,40,2114190,2239,37.3,是 / Yes,Married Life、Fantasy,婚姻生活、奇幻,The Ghost BFF’s Revenge: Outsmarting My Billionaire Ex,,否 / No,,https://www.tiktok.com/@aidramalabs_pulse0
aidramalabs_pulse0,Shape of Desire,Shape of Desire,90,ID 7655333357219370002,Dad Sold Me to My Mate,爸爸把我卖给了我的伴侣,2026-06-25 22:06:01,37,2322829,2828,47.1,是 / Yes,dark romance、Forced Love、Werewolf,黑暗浪漫、强迫的爱、狼人,Dad Sold Me to My Mate,,否 / No,,https://www.tiktok.com/@aidramalabs_pulse0
aidramalabs_pulse0,Shape of Desire,Shape of Desire,91,ID 7645787685583541269,His Brother's Best Friend,他兄弟最好的朋友,2026-06-29 23:41:55,34,8737930,2650,44.2,是 / Yes,Rural Area、Friends to Lovers、Romantic Complications,乡村、朋友到恋人、浪漫并发症,His Brother's Best Friend,,否 / No,,https://www.tiktok.com/@aidramalabs_pulse0
aidramalabs_pulse0,Shape of Desire,Shape of Desire,92,ID 7653786465352553479,Mafia Heiress,黑手党女继承人,2026-06-21 18:03:19,31,3822777,2244,37.4,是 / Yes,Contract Lovers、Family Disputes、Family Feud,合约爱好者、家庭纠纷、家庭恩怨,"Elena escapes mafia control, fights enemies and gains true love with Dante.",,否 / No,,https://www.tiktok.com/@aidramalabs_pulse0
aidramalabs_pulse0,Shape of Desire,Shape of Desire,93,ID 7653647414452491272,"Daddy, You Lost Your Little Princess",爸爸，你失去了你的小公主,2026-06-21 09:11:13,50,186105371,3882,64.7,是 / Yes,Challenge/Quests in Game、Lost Child、Family & Ethics,游戏中的挑战/任务、丢失的孩子、家庭与道德,"Daddy, You Lost Your Little Princess",,否 / No,,https://www.tiktok.com/@aidramalabs_pulse0
aidramalabs_pulse0,Shape of Desire,Shape of Desire,94,ID 7653725418834662408,The Exiled Alpha's Twin Secrets,被放逐的阿尔法的双胞胎秘密,2026-06-21 14:06:08,26,3357997,1709,28.5,是 / Yes,Romantic Complications、Werewolf、Contract Lovers,浪漫并发症、狼人、合约爱好者,The Exiled Alpha's Twin Secrets,,否 / No,,https://www.tiktok.com/@aidramalabs_pulse0
aidramalabs_pulse0,Shape of Desire,Shape of Desire,95,ID 7655348495326548999,No Mercy for My Brother,对我的兄弟没有怜悯,2026-06-25 23:04:53,45,916546,3516,58.6,是 / Yes,Reconciliation、Revenge、Family Feud,和解、复仇、家庭恩怨,No Mercy for My Brother,,否 / No,,https://www.tiktok.com/@aidramalabs_pulse0
aidramalabs_pulse0,Shape of Desire,Shape of Desire,96,ID 7653509431358985224,THE LIGHT WE KEEP,我们保留的光,2026-06-21 00:09:45,40,2382888,4513,75.2,是 / Yes,Romantic Complications、Contract Lovers、Family Feud,浪漫并发症、合约爱好者、家庭恩怨,THE LIGHT WE KEEP,,否 / No,,https://www.tiktok.com/@aidramalabs_pulse0
aidramalabs_pulse0,Shape of Desire,Shape of Desire,97,ID 7653786554829296648,The Man Who Kept Me,留住我的男人,2026-06-21 18:03:29,33,7569387,3582,59.7,是 / Yes,dark romance、Forced Love、Family Feud,黑暗浪漫、强迫的爱、家庭恩怨,The Man Who Kept Me,,否 / No,,https://www.tiktok.com/@aidramalabs_pulse0
aidramalabs_pulse0,Shape of Desire,Shape of Desire,98,ID 7656900433889399826,No.7 After Dark,No.7 天黑后,2026-06-30 03:28:53,36,795869,2620,43.7,是 / Yes,Sports、City、Contract Lovers,运动的、城市、合约爱好者,No.7 After Dark,,否 / No,,https://www.tiktok.com/@aidramalabs_pulse0
aidramalabs_pulse0,Shape of Desire,Shape of Desire,99,ID 7655348381271643144,The Prince Who Bloomed in Winter,冬日绽放的王子,2026-06-25 23:04:10,30,846714,2766,46.1,是 / Yes,Redemption、Romantic Complications、Royal Palace,赎回、浪漫并发症、皇宫,She was sold to marry an ice statue prince,,否 / No,,https://www.tiktok.com/@aidramalabs_pulse0
aidramalabs_pulse0,Shape of Desire,Shape of Desire,100,ID 7653477636433351698,The Billionaire Queen's Return,亿万富翁女王归来,2026-06-20 22:06:43,30,3810702,1721,28.7,是 / Yes,Revenge、Family Feud、Reconciliation,复仇、家庭恩怨、和解,The Billionaire Queen's Return,,否 / No,,https://www.tiktok.com/@aidramalabs_pulse0
aidramalabs_pulse0,Shape of Desire,Shape of Desire,101,ID 7650348114964108296,The Fighter's Private Healer,战士的私人治疗师,2026-06-12 11:42:39,30,6712757,1796,29.9,是 / Yes,Betrayal、City、Superior and Inferior,背叛、城市、强弱逆袭,The Fighter's Private Healer,,否 / No,,https://www.tiktok.com/@aidramalabs_pulse0
aidramalabs_pulse0,Shape of Desire,Shape of Desire,102,ID 7650347923011621906,Sweet Fall for the Alpha Boss,Alpha Boss 的甜蜜堕落,2026-06-12 11:40:27,30,9596111,1689,28.1,是 / Yes,Family Feud、Contract Lovers、Romantic Complications,家庭恩怨、合约爱好者、浪漫并发症,Sweet Fall for the Alpha Boss,,否 / No,,https://www.tiktok.com/@aidramalabs_pulse0
aidramalabs_pulse0,Shape of Desire,Shape of Desire,103,ID 7649219292298482695,Gacha Queen：My Ex-Husband's Ruin,扭蛋女王：前夫的毁灭,2026-06-10 23:59:24,25,794001,2103,35.0,是 / Yes,Mistaken Identities、Family Feud、Revenge,错误的身份、家庭恩怨、复仇,Gacha Queen：My Ex-Husband's Ruin,,否 / No,,https://www.tiktok.com/@aidramalabs_pulse0
aidramalabs_pulse0,Shape of Desire,Shape of Desire,104,ID 7650347051070362631,The Eden Ark: Bow to the Botanist,伊甸方舟：向植物学家鞠躬,2026-06-12 11:37:46,50,392420,3636,60.6,是 / Yes,Revenge、Challenge/Quests in Game、Superior and Inferior,复仇、游戏中的挑战/任务、强弱逆袭,The Eden Ark: Bow to the Botanist,,否 / No,,https://www.tiktok.com/@aidramalabs_pulse0
aidramalabs_pulse0,Shape of Desire,Shape of Desire,105,ID 7650348911928120328,My Ex Returns With His Twin Brother,我的前任带着他的双胞胎兄弟回来了,2026-06-12 11:44:08,30,775822,2448,40.8,是 / Yes,Reconciliation、Romantic Complications、City,和解、浪漫并发症、城市,"Three years after he left her, he came back on his knees—with a twin brother she never knew existed, who pinned her against the oven and whispered, ""What he threw away, I'm taking back.""",,否 / No,,https://www.tiktok.com/@aidramalabs_pulse0
aidramalabs_pulse0,Shape of Desire,Shape of Desire,106,ID 7652147573314262034,My Husband's Mistress's Son is Obsessed with Me,老公情妇的儿子对我着迷,2026-06-17 08:03:31,50,802328,4165,69.4,是 / Yes,Revenge、Family Feud、dark romance,复仇、家庭恩怨、黑暗浪漫,My Husband's Mistress's Son is Obsessed with Me,,否 / No,,https://www.tiktok.com/@aidramalabs_pulse0
aidramalabs_pulse0,Shape of Desire,Shape of Desire,107,ID 7650347680694326290,"He Made Me a Football Widow, I Stole His Idol",他让我成为足球寡妇，我偷了他的偶像,2026-06-12 11:38:54,34,328440,2103,35.0,是 / Yes,City、Family & Ethics,城市、家庭与道德,"He Made Me a Football Widow, I Stole His Idol",,否 / No,,https://www.tiktok.com/@aidramalabs_pulse0
aidramalabs_pulse0,Shape of Desire,Shape of Desire,108,ID 7643082029575476241,My Racer Mechanic Boyfriend Full Drama,我的赛车机械师男友完整剧情,2026-06-15 11:18:13,70,11323547,3962,66.0,是 / Yes,Action、City,行动、城市,My Racer Mechanic Boyfriend,,否 / No,,https://www.tiktok.com/@aidramalabs_pulse0
aidramalabs_pulse0,Shape of Desire,Shape of Desire,109,ID 7650349041699935240,Can a mortal win the bone queen,凡人能赢得白骨女王吗,2026-06-12 11:47:17,30,4496167,3110,51.8,是 / Yes,Fantasy、Action、Enemies to Lovers,奇幻、行动、从敌人到恋人,Can a mortal win the bone queen,,否 / No,,https://www.tiktok.com/@aidramalabs_pulse0
aidramalabs_pulse0,Shape of Desire,Shape of Desire,110,ID 7650349005876286482,The Wall Street Hostage,华尔街人质,2026-06-12 11:47:13,30,351905,1790,29.8,是 / Yes,Business Competition、Superior and Inferior、Workplace,商业竞赛、强弱逆袭、职场,The Wall Street Hostage,,否 / No,,https://www.tiktok.com/@aidramalabs_pulse0
aidramalabs_pulse0,Shape of Desire,Shape of Desire,111,ID 7652998076755547144,The Hospital Report That Exposed My Son’s Fiancée,医院报告揭露了我儿子的未婚妻,2026-06-19 15:03:56,60,15296049,4325,72.1,是 / Yes,Mother- & Daughter-in-Law、Revenge、Family Feud,婆婆和儿媳妇、复仇、家庭恩怨,"Insulted and beaten by her son’s wicked fiancée, a humble retired doctor unleashes her true identity: a billionaire fashion empress. Forged pregnancies and fatal conspiracies fuel the ultimate high-society payback you can't miss!",,否 / No,,https://www.tiktok.com/@aidramalabs_pulse0
aidramalabs_pulse0,Shape of Desire,Shape of Desire,112,ID 7652952502794556434,My Two Demon Suitors Won't Leave Me Alone,我的两个恶魔追求者不会丢下我一个人,2026-06-19 12:07:10,36,18223388,2028,33.8,是 / Yes,Love Triangle、Fantasy、Romantic Complications,三角恋、奇幻、浪漫并发症,My Two Demon Suitors Won't Leave Me Alone,,否 / No,,https://www.tiktok.com/@aidramalabs_pulse0
aidramalabs_pulse0,Shape of Desire,Shape of Desire,113,ID 7652936800394155015,The False Luna Bride,虚假的露娜新娘,2026-06-19 11:08:09,50,2756060,4810,80.2,是 / Yes,Love After Marriage、Romantic Complications、Werewolf,婚后的爱情、浪漫并发症、狼人,The False Luna Bride,,否 / No,,https://www.tiktok.com/@aidramalabs_pulse0
aidramalabs_pulse0,Shape of Desire,Shape of Desire,114,ID 7652240478259368968,Eles Não Sabiam Que Eu Era Bilionária,,2026-06-17 14:09:21,59,21188571,6652,110.9,是 / Yes,Family & Ethics、Mistaken Identities、Family Feud,家庭与道德、错误的身份、家庭恩怨,Eles Não Sabiam Que Eu Era Bilionária,,否 / No,,https://www.tiktok.com/@aidramalabs_pulse0
aidramalabs_pulse0,Shape of Desire,Shape of Desire,115,ID 7650101342576808967,They Said I Flirted With a Superstar,他们说我和一个超级巨星调情,2026-06-12 09:14:16,45,561639,3501,58.4,是 / Yes,Lost Child、Celebrity、Family & Ethics,丢失的孩子、名人、家庭与道德,They Said I Flirted With a Superstar,,否 / No,,https://www.tiktok.com/@aidramalabs_pulse0
aidramalabs_pulse0,Shape of Desire,Shape of Desire,116,ID 7653461830115300370,"After Loving Him for Six Years, I Married Someone Else",爱他六年后，我嫁给了别人,2026-06-20 21:05:07,40,373820,3441,57.4,是 / Yes,Contract Lovers、Revenge、City,合约爱好者、复仇、城市,"After Loving Him for Six Years, I Married Someone Else",,否 / No,,https://www.tiktok.com/@aidramalabs_pulse0
aidramalabs_pulse0,Shape of Desire,Shape of Desire,117,ID 7650101426714498055,"After He Cheated, I Took Everything",他出轨后我拿走了一切,2026-06-12 16:29:14,45,186351981,3948,65.8,是 / Yes,Revenge、Family Feud,复仇、家庭恩怨,"After He Cheated, I Took Everything",,否 / No,,https://www.tiktok.com/@aidramalabs_pulse0
aidramalabs_pulse0,Shape of Desire,Shape of Desire,118,ID 7647767659215459344,The Tycoon's Captive Angel,大亨的俘虏天使,2026-06-08 12:58:53,37,92285245,2762,46.0,是 / Yes,Romantic Complications、City、Contract Lovers,浪漫并发症、城市、合约爱好者,The Tycoon's Captive Angel,,否 / No,,https://www.tiktok.com/@aidramalabs_pulse0
aidramalabs_pulse0,Shape of Desire,Shape of Desire,119,ID 7652034046138012679,My Husband Lost His Memory and Fell for Me Again,我的丈夫失去了记忆，又爱上了我,2026-06-17 06:30:32,30,882504,1699,28.3,是 / Yes,Romantic Complications、Family Feud、Reconciliation,浪漫并发症、家庭恩怨、和解,My Husband Lost His Memory and Fell for Me Again,,否 / No,,https://www.tiktok.com/@aidramalabs_pulse0
aidramalabs_pulse0,Shape of Desire,Shape of Desire,120,ID 7650348693882901511,Mom's Furry Fortune,妈妈的毛茸茸的财富,2026-06-12 11:41:54,32,12771129,1764,29.4,是 / Yes,Lost Child、Family & Ethics、Family Feud,丢失的孩子、家庭与道德、家庭恩怨,Mom's Furry Fortune,,否 / No,,https://www.tiktok.com/@aidramalabs_pulse0
aidramalabs_pulse0,Shape of Desire,Shape of Desire,121,ID 7647854025270285332,The Maid’s Daughter Stole My Mansion,女仆的女儿偷了我的豪宅,2026-06-08 16:19:10,50,197836643,4137,69.0,是 / Yes,Family Feud、Sismance、Revenge,家庭恩怨、西斯芒斯、复仇,The Maid’s Daughter Stole My Mansion,,否 / No,,https://www.tiktok.com/@aidramalabs_pulse0
aidramalabs_pulse0,Shape of Desire,Shape of Desire,122,ID 7650348793766073351,A Golden Cage,金色的笼子,2026-06-12 11:45:00,29,24466174,2415,40.2,是 / Yes,Family Feud、dark romance、Romantic Complications,家庭恩怨、黑暗浪漫、浪漫并发症,A Golden Cage,,否 / No,,https://www.tiktok.com/@aidramalabs_pulse0
aidramalabs_pulse0,Shape of Desire,Shape of Desire,123,ID 7653029301683622920,Bride of the Dead,死者的新娘,2026-06-19 17:05:40,33,876254,2700,45.0,是 / Yes,Family Disputes、Family Feud,家庭纠纷、家庭恩怨,Bride of the Dead,,否 / No,,https://www.tiktok.com/@aidramalabs_pulse0
aidramalabs_pulse0,Shape of Desire,Shape of Desire,124,ID 7650348139148399634,My Roommate Is A Male Model,我的室友是男模特,2026-06-12 11:46:03,28,69844505,2074,34.6,是 / Yes,City、Family & Ethics、Love Triangle,城市、家庭与道德、三角恋,She moved in to save rent. He opened the door in a towel. Now Manhattan's coldest law intern is losing every single moral argument—one bathroom at a time.,,否 / No,,https://www.tiktok.com/@aidramalabs_pulse0
aidramalabs_pulse0,Shape of Desire,Shape of Desire,125,ID 7650347970679821320,Fatal Stolen Love,致命的被盗的爱情,2026-06-12 11:40:52,30,895136,1710,28.5,是 / Yes,Married Life、Family Feud、Mistaken Identities,婚姻生活、家庭恩怨、错误的身份,Fatal Stolen Love,,否 / No,,https://www.tiktok.com/@aidramalabs_pulse0
aidramalabs_pulse0,Shape of Desire,Shape of Desire,126,ID 7650348122702500871,The Goddess Who Fell For A Mortal,爱上凡人的女神,2026-06-12 11:52:12,29,4141671,2608,43.5,是 / Yes,Romantic Complications、Cultivation、Flipped,浪漫并发症、栽培、翻转,"A moon goddess sneaks down to earth for one mortal's song, only to learn Olympus sent her to destroy the city he lives in.",,否 / No,,https://www.tiktok.com/@aidramalabs_pulse0
aidramalabs_pulse0,Shape of Desire,Shape of Desire,127,ID 7650348858245043208,Seven Nights In His Villa,别墅七夜,2026-06-12 11:43:23,29,6656990,1952,32.5,是 / Yes,Flipped、Romantic Complications、Family Feud,翻转、浪漫并发症、家庭恩怨,"She was sent to his villa as a masseuse. He knew she wasn't. For seven nights, they played a game where every touch was a lie and every silence was a confession.",,否 / No,,https://www.tiktok.com/@aidramalabs_pulse0
aidramalabs_pulse0,Shape of Desire,Shape of Desire,128,ID 7650349719411250184,The Billionaire Mother-in-Law,亿万富翁婆婆,2026-06-12 11:48:22,34,66410321,2648,44.1,是 / Yes,Lost Child、Family Feud、Revenge,丢失的孩子、家庭恩怨、复仇,The Billionaire Mother-in-Law,,否 / No,,https://www.tiktok.com/@aidramalabs_pulse0
aidramalabs_pulse0,Shape of Desire,Shape of Desire,129,ID 7650349531007276040,Handcuffed Hearts,戴上手铐的心,2026-06-12 11:49:11,32,911294,2503,41.7,是 / Yes,Revenge、Family Feud,复仇、家庭恩怨,Handcuffed Hearts,,否 / No,,https://www.tiktok.com/@aidramalabs_pulse0
aidramalabs_pulse0,Shape of Desire,Shape of Desire,130,ID 7652178501952738311,Seducing My Ex's Celibate Uncle,引诱我前任的独身叔叔,2026-06-17 10:02:39,50,7450998,3805,63.4,是 / Yes,Age Gap/Older Boyfriend、Revenge、Family Feud,年龄差距/年长的男朋友、复仇、家庭恩怨,Seducing My Ex's Celibate Uncle,,否 / No,,https://www.tiktok.com/@aidramalabs_pulse0
aidramalabs_pulse0,Shape of Desire,Shape of Desire,131,ID 7650348557207163922,The Freeloading Human Exhibit,不劳而获的人类展览,2026-06-12 11:44:58,60,770282,4252,70.9,是 / Yes,Adventure、Fantasy、Superior and Inferior,冒险、奇幻、强弱逆袭,The Freeloading Human Exhibit,,否 / No,,https://www.tiktok.com/@aidramalabs_pulse0
aidramalabs_pulse0,Shape of Desire,Shape of Desire,132,ID 7652132068822127634,My Husband's Mistress's Son is Obsessed with Me,老公情妇的儿子对我着迷,2026-06-17 07:03:17,50,3629590,4165,69.4,是 / Yes,Revenge、Family Feud、Love Triangle,复仇、家庭恩怨、三角恋,My Husband's Mistress's Son is Obsessed with Me,,否 / No,,https://www.tiktok.com/@aidramalabs_pulse0
aidramalabs_pulse0,Shape of Desire,Shape of Desire,133,ID 7647854338677183509,Escape the Ex: 72-Hour Love Lockdown,逃离前任：72小时爱情封锁,2026-06-07 17:15:42,32,3593646,2262,37.7,是 / Yes,City、Revenge,城市、复仇,Escape the Ex: 72-Hour Love Lockdown,,否 / No,,https://www.tiktok.com/@aidramalabs_pulse0
aidramalabs_pulse0,Shape of Desire,Shape of Desire,134,ID 7650348987253543944,Married to the Man Who Bought Me,嫁给买下我的男人,2026-06-12 11:46:44,40,53769856,2731,45.5,是 / Yes,Family & Ethics、Family Feud、Contract Lovers,家庭与道德、家庭恩怨、合约爱好者,Married to the Man Who Bought Me,,否 / No,,https://www.tiktok.com/@aidramalabs_pulse0
aidramalabs_pulse0,Shape of Desire,Shape of Desire,135,ID 7647862241810928661,Ten Days To Betray Him,背叛他的十天,2026-06-07 18:46:48,30,804937,1873,31.2,是 / Yes,Mistaken Identities、Family Disputes、Family Feud,错误的身份、家庭纠纷、家庭恩怨,Ten Days To Betray Him,,否 / No,,https://www.tiktok.com/@aidramalabs_pulse0
aidramalabs_pulse0,Shape of Desire,Shape of Desire,136,ID 7647854400648270869,When Stars Align,当星星对齐时,2026-06-07 17:25:42,31,5588559,2255,37.6,是 / Yes,Lost Child、Family & Ethics,丢失的孩子、家庭与道德,When Stars Align,,否 / No,,https://www.tiktok.com/@aidramalabs_pulse0
aidramalabs_pulse0,Shape of Desire,Shape of Desire,137,ID 7651482746317116434,The Dragon's Forbidden Fox,龙之禁狐,2026-06-15 13:05:03,45,833145,2884,48.1,是 / Yes,Enemies to Lovers、Political Intrigue、Fantasy,从敌人到恋人、政治阴谋、奇幻,The Dragon's Forbidden Fox,,否 / No,,https://www.tiktok.com/@aidramalabs_pulse0
aidramalabs_pulse0,Shape of Desire,Shape of Desire,138,ID 7652193937855468551,Seducing My Ex's Celibate Uncle,引诱我前任的独身叔叔,2026-06-17 11:03:38,49,26154478,3805,63.4,是 / Yes,Revenge、Contract Lovers、Family Feud,复仇、合约爱好者、家庭恩怨,Seducing My Ex's Celibate Uncle,,否 / No,,https://www.tiktok.com/@aidramalabs_pulse0
aidramalabs_pulse0,Shape of Desire,Shape of Desire,139,ID 7652951952430486535,Lucky & Unlucky Swap,幸运与不幸互换,2026-06-19 12:04:50,35,1549991,2320,38.7,是 / Yes,Sismance、Mystery、Fantasy,西斯芒斯、神秘、奇幻,Lucky & Unlucky Swap,,否 / No,,https://www.tiktok.com/@aidramalabs_pulse0
aidramalabs_pulse0,Shape of Desire,Shape of Desire,140,ID 7653425608131007495,He Turns Into A Cat At Midnight,他在午夜变成了一只猫,2026-06-20 19:04:32,30,813002,2287,38.1,是 / Yes,Fantasy、Romantic Complications、Contract Lovers,奇幻、浪漫并发症、合约爱好者,"She kissed a stray black cat on a rainy night, and at midnight he stood in her living room, shirtless, whispering that every kiss she gave him bought one more hour of being human before the curse pulled him back.",,否 / No,,https://www.tiktok.com/@aidramalabs_pulse0
aidramalabs_pulse0,Shape of Desire,Shape of Desire,141,ID 7653029376338056199,Serpent King's Secret Heir,蛇王的秘密继承人,2026-06-19 17:05:19,58,6403745,3676,61.3,是 / Yes,Adventure、Fantasy、Mistaken Identities,冒险、奇幻、错误的身份,Serpent King's Secret Heir,,否 / No,,https://www.tiktok.com/@aidramalabs_pulse0
aidramalabs_pulse0,Shape of Desire,Shape of Desire,142,ID 7652843390912369671,My Husband Claimed I Was Barren,我丈夫声称我不能生育,2026-06-19 05:04:16,30,400108,1695,28.2,是 / Yes,Mother- & Daughter-in-Law、Family & Ethics、Family Feud,婆婆和儿媳妇、家庭与道德、家庭恩怨,My Husband Claimed I Was Barren,,否 / No,,https://www.tiktok.com/@aidramalabs_pulse0
aidramalabs_pulse0,Shape of Desire,Shape of Desire,143,ID 7649218906024088583,Forbidden Frequency,禁止频率,2026-06-11 00:00:30,45,9195443,2927,48.8,是 / Yes,City、Flipped、Romantic Complications,城市、翻转、浪漫并发症,Forbidden Frequency,,否 / No,,https://www.tiktok.com/@aidramalabs_pulse0
aidramalabs_pulse0,Shape of Desire,Shape of Desire,144,ID 7653384729915741191,The Diva’s Perfect Partner,女主角的完美搭档,2026-06-20 16:04:03,30,430536,2206,36.8,是 / Yes,Werewolf、Mistaken Identities、Romantic Complications,狼人、错误的身份、浪漫并发症,The Diva’s Perfect Partner,,否 / No,,https://www.tiktok.com/@aidramalabs_pulse0
aidramalabs_pulse0,Shape of Desire,Shape of Desire,145,ID 7650347718367433735,Chained by the Gods：The Pharaoh and the Beast,众神锁链：法老与野兽,2026-06-12 11:40:12,30,29999485,3065,51.1,是 / Yes,Emperor & Minister、Romantic Complications、Royal Palace,皇帝与大臣、浪漫并发症、皇宫,Chained by the Gods：The Pharaoh and the Beast,,否 / No,,https://www.tiktok.com/@aidramalabs_pulse0
aidramalabs_pulse0,Shape of Desire,Shape of Desire,146,ID 7650346793288340487,The Sinner's Secret,罪人的秘密,2026-06-12 11:36:17,30,871002,1791,29.9,是 / Yes,Family Feud、Contract Lovers、Courtroom Drama,家庭恩怨、合约爱好者、法庭剧,The Sinner's Secret,,否 / No,,https://www.tiktok.com/@aidramalabs_pulse0
aidramalabs_pulse0,Shape of Desire,Shape of Desire,147,ID 7647854249699660821,Golden Ball for Her,送给她的金球奖,2026-06-07 18:02:03,50,775468,5001,83.3,是 / Yes,City、Love Triangle、Romantic Complications,城市、三角恋、浪漫并发症,Golden Ball for Her,,否 / No,,https://www.tiktok.com/@aidramalabs_pulse0
aidramalabs_pulse0,Shape of Desire,Shape of Desire,148,ID 7652951971762213906,Stitched Back from Ashes,从灰烬中缝合回来,2026-06-19 12:04:58,30,23285041,2005,33.4,是 / Yes,Revenge、City、Contract Lovers,复仇、城市、合约爱好者,Stitched Back from Ashes,,否 / No,,https://www.tiktok.com/@aidramalabs_pulse0
aidramalabs_pulse0,Shape of Desire,Shape of Desire,149,ID 7652255963478856722,Under Her Skin,在她的皮肤下,2026-06-17 15:05:45,51,839316,2908,48.5,是 / Yes,Family Feud、Revenge、Mistaken Identities,家庭恩怨、复仇、错误的身份,An ordinary girl occupies a wealthy lady’s body to avenge and rise.,,否 / No,,https://www.tiktok.com/@aidramalabs_pulse0
aidramalabs_pulse0,Shape of Desire,Shape of Desire,150,ID 7650348715286238215,The Roommate Agreement,室友协议,2026-06-12 11:46:31,34,26428615,2617,43.6,是 / Yes,Love Life of Ordinary People、Contract Lovers,普通人的爱情生活、合约爱好者,The Roommate Agreement,,否 / No,,https://www.tiktok.com/@aidramalabs_pulse0
aidramalabs_pulse0,Shape of Desire,Shape of Desire,151,ID 7644488455623742482,How to Own a Demon,如何拥有恶魔,2026-05-28 06:25:28,31,3132219,1570,26.2,是 / Yes,Revenge、Contract Lovers、Fantasy,复仇、合约爱好者、奇幻,A girl signs a devil contract and counterattacks her vicious rivals.,,否 / No,,https://www.tiktok.com/@aidramalabs_pulse0
aidramalabs_pulse0,Shape of Desire,Shape of Desire,152,ID 7643778311252005909,Hollywood Blacklisted Me So I Burned It Down,好莱坞将我列入黑名单，所以我把它烧毁了,2026-05-26 11:13:43,27,5595748,2269,37.8,是 / Yes,Revenge、Celebrity,复仇、名人,"The most canceled woman in America discovers her downfall was an inside job — now she's back with proof, and every fake smile in Hollywood is about to crack.",,否 / No,,https://www.tiktok.com/@aidramalabs_pulse0
aidramalabs_pulse0,Shape of Desire,Shape of Desire,153,ID 7618640143162954783,Rose Beneath the Butcher's Blade,屠夫刀下的玫瑰,2026-05-31 11:52:57,50,10125188,3321,55.4,是 / Yes,dark romance、Romantic Complications、City,黑暗浪漫、浪漫并发症、城市,"Rose Beneath the Butcher's Blade, fated lovers",,否 / No,,https://www.tiktok.com/@aidramalabs_pulse0
aidramalabs_pulse0,Shape of Desire,Shape of Desire,154,ID 7645818393471505428,The Senator's Pawn,参议员的棋子,2026-06-01 08:58:00,50,19360636,2998,50.0,是 / Yes,Bromance、Spy Drama、Family Feud,兄弟情谊、谍战剧、家庭恩怨,The Senator's Pawn,,否 / No,,https://www.tiktok.com/@aidramalabs_pulse0
aidramalabs_pulse0,Shape of Desire,Shape of Desire,155,ID 7645787462249436181,My Bully Is My Mate,我的恶霸是我的伴侣,2026-05-31 15:25:20,45,13783954,3862,64.4,是 / Yes,Werewolf、Enemies to Lovers、Romantic Complications,狼人、从敌人到恋人、浪漫并发症,My Bully Is My Mate,,否 / No,,https://www.tiktok.com/@aidramalabs_pulse0
aidramalabs_pulse0,Shape of Desire,Shape of Desire,156,ID 7645802974698214407,A Child Among Demons,恶魔中的孩子,2026-06-01 12:34:55,31,29761447,1894,31.6,是 / Yes,Bromance、City、Romantic Complications,兄弟情谊、城市、浪漫并发症,"Demon Caspian falls for priest Lucien, building a sweet BL family.",,否 / No,,https://www.tiktok.com/@aidramalabs_pulse0
aidramalabs_pulse0,Shape of Desire,Shape of Desire,157,ID 7645808198599037968,The Scholarship Girl Owns the Ivy League,奖学金女孩拥有常春藤盟校,2026-06-01 11:44:23,30,4238551,1954,32.6,是 / Yes,Revenge、Family Feud、Superior and Inferior,复仇、家庭恩怨、强弱逆袭,The Scholarship Girl Owns the Ivy League,,否 / No,,https://www.tiktok.com/@aidramalabs_pulse0
aidramalabs_pulse0,Shape of Desire,Shape of Desire,158,ID 7647854039715599381,Dead by Morning: My Husband's 7-Day Kill List,清晨死亡：我丈夫的 7 天杀戮名单,2026-06-07 16:47:39,20,821860,1280,21.3,是 / Yes,Mystery、Family Feud、dark romance,神秘、家庭恩怨、黑暗浪漫,"She found a kill list in her perfect husband's safe — six names crossed off, and hers is the seventh. She has seven days. The only man willing to help her is the one her husband trusts most. But the dead names on that list aren't all dead.",,否 / No,,https://www.tiktok.com/@aidramalabs_pulse0
aidramalabs_pulse0,Shape of Desire,Shape of Desire,159,ID 7643082168025125905,His Ex Came Back Hotter And Deadlier,他的前任回来后变得更加性感和致命,2026-06-01 11:59:37,20,1120185,1431,23.9,是 / Yes,Revenge、Love Triangle、Family Feud,复仇、三角恋、家庭恩怨,"Sloane, a wealthy heiress, loses everything after being framed by her fiancé and best friend. Three years later, she returns as Wren to seek revenge, gets involved with Kade, and finally brings down her enemies, but a new crisis emerges.",,否 / No,,https://www.tiktok.com/@aidramalabs_pulse0
aidramalabs_pulse0,Shape of Desire,Shape of Desire,160,ID 7645823661265409045,She Called Me a Homewrecker,她称我为家庭破坏者,2026-05-31 22:35:50,32,5762088,2366,39.4,是 / Yes,Revenge、City、Superior and Inferior,复仇、城市、强弱逆袭,She Called Me a Homewrecker,,否 / No,,https://www.tiktok.com/@aidramalabs_pulse0
aidramalabs_pulse0,Shape of Desire,Shape of Desire,161,ID 7645864968100860949,Mistaken for My Sister on His Ice,被误认为是我在冰上的妹妹,2026-06-01 15:46:46,36,12306632,2421,40.4,是 / Yes,Revenge、Love Triangle、Family Feud,复仇、三角恋、家庭恩怨,Mistaken for My Sister on His Ice,,否 / No,,https://www.tiktok.com/@aidramalabs_pulse0
aidramalabs_pulse0,Shape of Desire,Shape of Desire,162,ID 7643088616889537537,Deep Sea Drown: Bone Scales,深海溺水者：骨鳞,2026-05-31 09:29:47,35,14101363,2534,42.2,是 / Yes,Redemption、Fantasy、Romantic Complications,赎回、奇幻、浪漫并发症,Deep Sea Drown: Bone Scales,,否 / No,,https://www.tiktok.com/@aidramalabs_pulse0
aidramalabs_pulse0,Shape of Desire,Shape of Desire,163,ID 7644334576160052225,The Midnight Cure,午夜治愈,2026-06-06 12:56:10,29,32552895,1842,30.7,是 / Yes,Superior and Inferior、Mystery、City,强弱逆袭、神秘、城市,The Midnight Cure,,否 / No,,https://www.tiktok.com/@aidramalabs_pulse0
aidramalabs_pulse0,Shape of Desire,Shape of Desire,164,ID 7645865060585214996,The Valet Billionaire Trap,代客亿万富翁陷阱,2026-06-01 15:46:46,30,818772,1659,27.6,是 / Yes,Revenge、Contract Lovers、Family Feud,复仇、合约爱好者、家庭恩怨,The Valet Billionaire Trap,,否 / No,,https://www.tiktok.com/@aidramalabs_pulse0
aidramalabs_pulse0,Shape of Desire,Shape of Desire,165,ID 7644349639470355476,Pregnant By Brother-in-law,姐夫怀孕了,2026-06-03 16:39:51,30,37272501,1686,28.1,是 / Yes,Family Feud、Romantic Complications、Love Triangle,家庭恩怨、浪漫并发症、三角恋,"Married for three weeks, pregnant for six. The man who fathered her child isn't her husband—it's his brother.",,否 / No,,https://www.tiktok.com/@aidramalabs_pulse0
aidramalabs_pulse0,Shape of Desire,Shape of Desire,166,ID 7643329133115626513,Lethal Heartbeats,致命的心跳,2026-06-01 09:29:51,41,780177,2539,42.3,是 / Yes,Survival、Revenge、Contract Lovers,生存、复仇、合约爱好者,Lethal Heartbeats,,否 / No,,https://www.tiktok.com/@aidramalabs_pulse0
aidramalabs_pulse0,Shape of Desire,Shape of Desire,167,ID 7645880432214643719,The Cinder Prince,灰烬王子,2026-06-01 02:01:32,34,364194,2297,38.3,是 / Yes,Palace/Mansion Intrigue、Royal Palace、Flipped,宫殿/豪宅阴谋、皇宫、翻转,The Cinder Prince,,否 / No,,https://www.tiktok.com/@aidramalabs_pulse0
aidramalabs_pulse0,Shape of Desire,Shape of Desire,168,ID 7643256988717274120,Wall Street Kiss: The Tycoon's Contract Bride,华尔街之吻：大亨的契约新娘,2026-06-01 03:40:19,30,23062670,2023,33.7,是 / Yes,Family Feud、Contract Lovers、Revenge,家庭恩怨、合约爱好者、复仇,Wall Street Kiss: The Tycoon's Contract Bride,,否 / No,,https://www.tiktok.com/@aidramalabs_pulse0
aidramalabs_pulse0,Shape of Desire,Shape of Desire,169,ID 7645818470919214101,The Gilded Scar： Silent Judgment,镀金伤疤：沉默的审判,2026-05-31 22:15:09,60,436136,3578,59.6,是 / Yes,City、Ensemble Cast、Revenge,城市、群像、复仇,The Gilded Scar： Silent Judgment,,否 / No,,https://www.tiktok.com/@aidramalabs_pulse0
aidramalabs_pulse0,Shape of Desire,Shape of Desire,170,ID 7645803058362029063,Contract with the Nemesis CEO,与 Nemesis CEO 的契约,2026-06-01 20:47:30,33,805411,1954,32.6,是 / Yes,Revenge、Family Feud、Contract Lovers,复仇、家庭恩怨、合约爱好者,Contract with the Nemesis CEO,,否 / No,,https://www.tiktok.com/@aidramalabs_pulse0
aidramalabs_pulse0,Shape of Desire,Shape of Desire,171,ID 7643221141456360468,Checked In to Love: The Hotel Heir's Front Desk Bride,入住爱情：酒店继承人的前台新娘,2026-05-31 10:01:15,32,7872130,1988,33.1,是 / Yes,City、Contract Lovers、Love After Divorce,城市、合约爱好者、离婚后的爱情,Checked In to Love: The Hotel Heir's Front Desk Bride,,否 / No,,https://www.tiktok.com/@aidramalabs_pulse0
aidramalabs_pulse0,Shape of Desire,Shape of Desire,172,ID 7647771787027764244,The Exiled Prince and the Intruder,流亡王子与入侵者,2026-06-07 13:00:13,60,776268,4298,71.6,是 / Yes,Political Intrigue、Royal Palace、Enemies to Lovers,政治阴谋、皇宫、从敌人到恋人,The Exiled Prince and the Intruder,,否 / No,,https://www.tiktok.com/@aidramalabs_pulse0
aidramalabs_pulse0,Shape of Desire,Shape of Desire,173,ID 7643221516045456405,The Other Sister,另一个妹妹,2026-05-31 04:19:42,29,389046,1676,27.9,是 / Yes,Revenge、Family Feud、Contract Lovers,复仇、家庭恩怨、合约爱好者,The Other Sister,,否 / No,,https://www.tiktok.com/@aidramalabs_pulse0
aidramalabs_pulse0,Shape of Desire,Shape of Desire,174,ID 7644349561997317140,The Thief and the Kingpin,小偷与头目,2026-06-01 06:16:32,31,362368,1559,26.0,是 / Yes,Contract Lovers、Crime、Family Feud,合约爱好者、犯罪、家庭恩怨,A thief and a mafia boss fall in love in a dangerous deal on a cruise.,,否 / No,,https://www.tiktok.com/@aidramalabs_pulse0
aidramalabs_pulse0,Shape of Desire,Shape of Desire,175,ID 7643251250338960404,Spilled Love,溢出的爱,2026-05-31 12:02:17,31,11404777,1561,26.0,是 / Yes,City、Contract Lovers、Family & Ethics,城市、合约爱好者、家庭与道德,Poor intern falls in love with cold CEO and his cute son.,,否 / No,,https://www.tiktok.com/@aidramalabs_pulse0
aidramalabs_pulse0,Shape of Desire,Shape of Desire,176,ID 7643288098696696852,30 Days to Say Goodbye,30 天说再见,2026-05-25 22:43:38,20,2191240,1570,26.2,是 / Yes,Romantic Complications、City、Love Triangle,浪漫并发症、城市、三角恋,30 Days to Say Goodbye,,否 / No,,https://www.tiktok.com/@aidramalabs_pulse0
aidramalabs_pulse0,Shape of Desire,Shape of Desire,177,ID 7620479694239962142,Together Until the Last Bullet,一起直到最后一颗子弹,2026-05-29 22:42:40,44,14643457,2536,42.3,是 / Yes,End-of-the-World、Adventure、Ensemble Cast,世界末日、冒险、群像,"Together Until the Last Bullet, love and survive",,否 / No,,https://www.tiktok.com/@aidramalabs_pulse0
aidramalabs_pulse0,Shape of Desire,Shape of Desire,178,ID 7645880525483381768,Lethal Wellness,致命的健康,2026-06-01 11:59:37,30,580296,1791,29.9,是 / Yes,Crime、City、Superior and Inferior,犯罪、城市、强弱逆袭,Lethal Wellness,,否 / No,,https://www.tiktok.com/@aidramalabs_pulse0
aidramalabs_pulse0,Shape of Desire,Shape of Desire,179,ID 7647820644751102996,Forced to Marry the Mafia King,被迫嫁给黑手党国王,2026-06-07 15:33:57,54,124734475,4907,81.8,是 / Yes,Romantic Complications、Family Feud、Love Triangle,浪漫并发症、家庭恩怨、三角恋,Forced to Marry the Mafia King,,否 / No,,https://www.tiktok.com/@aidramalabs_pulse0
aidramalabs_pulse0,Shape of Desire,Shape of Desire,180,ID 7645792650578301968,My Caveman Husband Is a Secret Chief,我的穴居人丈夫是秘密酋长,2026-05-31 17:33:09,33,840382,1925,32.1,是 / Yes,Flipped、Revenge、End-of-the-World,翻转、复仇、世界末日,My Caveman Husband Is a Secret Chief,,否 / No,,https://www.tiktok.com/@aidramalabs_pulse0
aidramalabs_pulse0,Shape of Desire,Shape of Desire,181,ID 7647771755997844500,Revenge Of The Mother Of Roots,根之母的复仇,2026-06-07 13:00:11,51,354508,4934,82.2,是 / Yes,Fantasy、Adventure、Lost Child,奇幻、冒险、丢失的孩子,Revenge Of The Mother Of Roots,,否 / No,,https://www.tiktok.com/@aidramalabs_pulse0
aidramalabs_pulse0,Shape of Desire,Shape of Desire,182,ID 7643298187423388679,The Beast King Wants Me As His Bride,兽王想要我做他的新娘,2026-05-31 10:19:13,19,870377,1691,28.2,是 / Yes,Fantasy、Romantic Complications、Mistaken Identities,奇幻、浪漫并发症、错误的身份,"A hot girl crashes into a cursed forest where a beast king with eight legs desperately needs her kiss to break his thousand-year spell — but every time their lips get close, the curse fights back, and the dark truth is: he chose this punishment because of a woman who looked exactly like her.",,否 / No,,https://www.tiktok.com/@aidramalabs_pulse0
aidramalabs_pulse0,Shape of Desire,Shape of Desire,183,ID 7647820653835326484,The Sea Witch Stole My Prince,海女巫偷走了我的王子,2026-06-07 15:24:51,30,440026,2127,35.5,是 / Yes,Fantasy、Reconciliation、Revenge,奇幻、和解、复仇,"The real mermaid princess rises from bloody foam to crash her own stolen wedding, wielding her severed tail as a gown and her tears as the last magic left in a kingdom built on lies.",,否 / No,,https://www.tiktok.com/@aidramalabs_pulse0
aidramalabs_pulse0,Shape of Desire,Shape of Desire,184,ID 7645833856352228372,Teach me,教我,2026-06-01 20:50:41,53,1296895,3226,53.8,是 / Yes,Love Life of Ordinary People、Revealed Crush,普通人的爱情生活、揭露暗恋,Teach me,,否 / No,,https://www.tiktok.com/@aidramalabs_pulse0
aidramalabs_pulse0,Shape of Desire,Shape of Desire,185,ID 7643798069426803719,The Seventh Husband,第七任丈夫,2026-06-01 00:33:54,28,408480,1582,26.4,是 / Yes,City、Revenge、Mistaken Identities,城市、复仇、错误的身份,"Trapped in false memories, she fights to expose the truth.",,否 / No,,https://www.tiktok.com/@aidramalabs_pulse0
aidramalabs_pulse0,Shape of Desire,Shape of Desire,186,ID 7645787674711774228,Granny Got Drip,奶奶得了滴水,2026-05-31 14:58:26,30,350252,2261,37.7,是 / Yes,City、Lost Child、Business Competition,城市、丢失的孩子、商业竞赛,Granny Got Drip,,否 / No,,https://www.tiktok.com/@aidramalabs_pulse0
aidramalabs_pulse0,Shape of Desire,Shape of Desire,187,ID 7645787628319347733,The Little Merman,小人鱼,2026-06-01 05:44:28,30,3355507,1835,30.6,是 / Yes,Love Triangle、Romantic Complications、Fantasy,三角恋、浪漫并发症、奇幻,The Little Merman,,否 / No,,https://www.tiktok.com/@aidramalabs_pulse0
aidramalabs_pulse0,Shape of Desire,Shape of Desire,188,ID 7644287639444755473,Wildfire,野火,2026-05-27 14:03:16,30,2982132,2410,40.2,是 / Yes,Childhood Sweethearts、Romantic Complications、City,青梅竹马、浪漫并发症、城市,Wildfire,,否 / No,,https://www.tiktok.com/@aidramalabs_pulse0
aidramalabs_pulse0,Shape of Desire,Shape of Desire,189,ID 7645772399090127880,The Rogue Alpha's Loyal Dog,盗贼阿尔法的忠诚狗,2026-06-05 12:50:05,30,856734,1125,18.8,是 / Yes,Love Triangle、Romantic Complications、Challenge/Quests in Game,三角恋、浪漫并发症、游戏中的挑战/任务,The Rogue Alpha's Loyal Dog,,否 / No,,https://www.tiktok.com/@aidramalabs_pulse0
aidramalabs_pulse0,Shape of Desire,Shape of Desire,190,ID 7645808132135965697,MOM'S REVENGE KITCHEN,妈妈的复仇厨房,2026-05-31 21:29:32,50,2502125,2657,44.3,是 / Yes,Lost Child、Skill/Talent Competition、City,丢失的孩子、技能/才艺竞赛、城市,MOM'S REVENGE KITCHEN,,否 / No,,https://www.tiktok.com/@aidramalabs_pulse0
aidramalabs_pulse0,Shape of Desire,Shape of Desire,191,ID 7645772444501873682,Only Kids Can See What Kills You,只有孩子才能看到什么会杀死你,2026-05-31 11:03:20,20,836151,1217,20.3,是 / Yes,Adventure、Fantasy、Ensemble Cast,冒险、奇幻、群像,"An 8-year-old girl begs her mom to believe the smiling creature in her closet is real—but adults can't see it, and every parent who refuses to believe becomes its next kill.",,否 / No,,https://www.tiktok.com/@aidramalabs_pulse0
aidramalabs_pulse0,Shape of Desire,Shape of Desire,192,ID 7645885375198368789,Twenty Inches Apart,相距二十英寸,2026-06-02 15:39:46,39,45942505,3316,55.3,是 / Yes,Bromance、Sports、City,兄弟情谊、运动的、城市,Twenty Inches Apart,,否 / No,,https://www.tiktok.com/@aidramalabs_pulse0
aidramalabs_pulse0,Shape of Desire,Shape of Desire,193,ID 7643236301487395861,Racing Sweetheart: The Racer's Contract Mechanic,赛车甜心：赛车手的合约机械师,2026-06-01 01:42:22,32,9819551,1965,32.8,是 / Yes,City、Contract Lovers、Romantic Complications,城市、合约爱好者、浪漫并发症,Racing Sweetheart: The Racer's Contract Mechanic,,否 / No,,https://www.tiktok.com/@aidramalabs_pulse0
aidramalabs_pulse0,Shape of Desire,Shape of Desire,194,ID 7644617726186935317,"His Ring, Her Ruin",他的戒指，她的毁灭,2026-06-01 03:07:24,20,5860371,1297,21.6,是 / Yes,Revenge、City、Contract Lovers,复仇、城市、合约爱好者,"A gifted jewelry designer is destroyed by her cheating boyfriend and best friend until a hidden billionaire helps her reclaim her talent, her power, and her revenge.",,否 / No,,https://www.tiktok.com/@aidramalabs_pulse0
aidramalabs_pulse0,Shape of Desire,Shape of Desire,195,ID 7645865062166713364,Reborn to Rule,重生统治,2026-06-01 00:48:47,30,542596,2198,36.6,是 / Yes,City、Contract Lovers、Revenge,城市、合约爱好者、复仇,Reborn to Rule,,否 / No,,https://www.tiktok.com/@aidramalabs_pulse0
aidramalabs_pulse0,Shape of Desire,Shape of Desire,196,ID 7643088647142626321,Oops! I Tipped The Underworld Boss,哎呀！我向黑社会老大透露了消息,2026-06-01 01:09:08,40,81492962,2530,42.2,是 / Yes,Love Life of Ordinary People、Family Feud、Contract Lovers,普通人的爱情生活、家庭恩怨、合约爱好者,Oops! I Tipped The Underworld Boss,,否 / No,,https://www.tiktok.com/@aidramalabs_pulse0
aidramalabs_pulse0,Shape of Desire,Shape of Desire,197,ID 7643257027971683336,His Forbidden Rider,他的禁忌骑士,2026-05-25 21:17:58,50,459615,3162,52.7,是 / Yes,City、Romantic Complications、Mistaken Identities,城市、浪漫并发症、错误的身份,His Forbidden Rider,,否 / No,,https://www.tiktok.com/@aidramalabs_pulse0
aidramalabs_pulse0,Shape of Desire,Shape of Desire,198,ID 7644334394546836496,The Real Crown,真正的王冠,2026-05-27 16:02:28,30,499635,2033,33.9,是 / Yes,Real/Fake Heir/Heiress、Mistaken Identities、Family Feud,真/假继承人/女继承人、错误的身份、家庭恩怨,The Real Crown,,否 / No,,https://www.tiktok.com/@aidramalabs_pulse0
aidramalabs_pulse0,Shape of Desire,Shape of Desire,199,ID 7644416748963435540,Carrying His Baby While He Calls Me Trash,他骂我垃圾，却抱着他的孩子,2026-05-28 00:08:27,20,40384115,1780,29.7,是 / Yes,City、Revenge,城市、复仇,"Eight months pregnant, Sage catches her husband cheating with another pregnant woman who claims her baby is his — humiliated, cast out, and stripped of everything, she vows to claw back every piece of the life that was stolen from her.",,否 / No,,https://www.tiktok.com/@aidramalabs_pulse0
aidramalabs_pulse0,Shape of Desire,Shape of Desire,200,ID 7645849609280951312,The Bride He Hated to Love,他讨厌爱的新娘,2026-06-01 11:48:23,20,3850343,1203,20.1,是 / Yes,City、Contract Lovers、Revenge,城市、合约爱好者、复仇,"She married the most powerful man in the city to save her father's life — never knowing her husband has spent ten years planning to destroy the very man she's trying to protect, and the love he can't stop feeling is the one weapon that could ruin everything.",,否 / No,,https://www.tiktok.com/@aidramalabs_pulse0
aidramalabs_pulse0,Shape of Desire,Shape of Desire,201,ID 7634654852370486293,The Housekeeper Was the CEO’s Missing Wife,管家是总裁失踪的妻子,2026-05-01 09:58:27,29,1584660,1606,26.8,是 / Yes,Family & Ethics、Family Feud、Reconciliation,家庭与道德、家庭恩怨、和解,"After losing her memory, Ella becomes a housekeeper in a CEO’s mansion—never knowing she is his missing wife. As hidden rooms, old letters, and buried lies surface, she and Daniel uncover the conspiracy that stole her identity, marriage, and past.",,否 / No,,https://www.tiktok.com/@aidramalabs_pulse0
aidramalabs_pulse0,Shape of Desire,Shape of Desire,202,ID 7640607715630781461,The Broke Mom's Billion-Dollar Secret,破产妈妈的十亿美元秘密,2026-05-18 13:44:20,21,27783782,1600,26.7,是 / Yes,Family Feud、Revenge,家庭恩怨、复仇,The Broke Mom's Billion-Dollar Secret,,否 / No,,https://www.tiktok.com/@aidramalabs_pulse0
aidramalabs_pulse0,Shape of Desire,Shape of Desire,203,ID 7643221182602384405,The Scullery Queen：Secrets of the Hidden Fashion Mogul,餐具女王：隐藏的时尚大亨的秘密,2026-05-25 03:23:56,28,421300,2445,40.8,是 / Yes,Family Disputes、Family Feud,家庭纠纷、家庭恩怨,The Scullery Queen：Secrets of the Hidden Fashion Mogul,,否 / No,,https://www.tiktok.com/@aidramalabs_pulse0
aidramalabs_pulse0,Shape of Desire,Shape of Desire,204,ID 7617375230859727902,I Married A Fake Beggar,我嫁给了一个假乞丐,2026-03-22 10:06:42,30,14557228,1984,33.1,是 / Yes,Contract Lovers、Family Feud、Revenge,合约爱好者、家庭恩怨、复仇,"I Married A Fake Beggar, Romance",,否 / No,,https://www.tiktok.com/@aidramalabs_pulse0
aidramalabs_pulse0,Shape of Desire,Shape of Desire,205,ID 7572137602690864158,Agreement boyfriend 72hours,协议男友72小时,2025-11-15 19:58:39,5,819938,345,5.8,是 / Yes,Contract Lovers、Revenge、Celebrity,合约爱好者、复仇、名人,Fake relationship turned real. Deadly game unveiled.,,否 / No,,https://www.tiktok.com/@aidramalabs_pulse0
aidramalabs_pulse0,Shape of Desire,Shape of Desire,206,ID 7581727994071536670,"My CEO, My Property",我的首席执行官，我的财产,2025-12-09 19:16:59,5,1580198,333,5.5,是 / Yes,Revenge、Fantasy,复仇、奇幻,The mighty CEO is my pet.,,否 / No,,https://www.tiktok.com/@aidramalabs_pulse0
aidramalabs_pulse0,Shape of Desire,Shape of Desire,207,ID 7614087561056916510,"I Forgot He Cheated, But He Didn't",我忘记了他作弊，但他没有,2026-03-10 10:11:08,81,122912625,5025,83.8,是 / Yes,City、Love Life of Ordinary People、Childhood Sweethearts,城市、普通人的爱情生活、青梅竹马,"I Forgot He Cheated, But He Didn't",,否 / No,,https://www.tiktok.com/@aidramalabs_pulse0
aidramalabs_pulse0,Shape of Desire,Shape of Desire,208,ID 7585408013088068638,"The Hater, The Lover",恨者，爱者,2025-12-19 21:43:34,10,11981855,706,11.8,是 / Yes,Family Feud、Love After Divorce,家庭恩怨、离婚后的爱情,"The Hater, The Lover",,否 / No,,https://www.tiktok.com/@aidramalabs_pulse0
aidramalabs_pulse0,Shape of Desire,Shape of Desire,209,ID 7639329973153600532,Hexing My Ex's Wedding,对我前任的婚礼施咒,2026-05-15 07:00:53,29,879228,1749,29.1,是 / Yes,Enemies to Lovers、Revenge、Fantasy,从敌人到恋人、复仇、奇幻,Hexing My Ex's Wedding,,否 / No,,https://www.tiktok.com/@aidramalabs_pulse0
aidramalabs_pulse0,Shape of Desire,Shape of Desire,210,ID 7623427958463779871,My Racer Mechanic Boyfriend,我的赛车机械师男友,2026-04-05 20:27:43,31,26394506,1977,33.0,是 / Yes,Celebrity、Flipped、Action,名人、翻转、行动,My Racer Mechanic Boyfriend,,否 / No,,https://www.tiktok.com/@aidramalabs_pulse0
aidramalabs_pulse0,Shape of Desire,Shape of Desire,211,ID 7600359684226290718,CHIMERA,奇美拉,2026-01-29 13:55:07,5,5466166,370,6.2,是 / Yes,Revenge、Fantasy、dark romance,复仇、奇幻、黑暗浪漫,"After a brutal betrayal, a programmer creates the perfect AI lover—only to learn that perfect love can be the cruelest prison.",,否 / No,,https://www.tiktok.com/@aidramalabs_pulse0
aidramalabs_pulse0,Shape of Desire,Shape of Desire,212,ID 7639357180482917396,Fairytale Villains Are My Employees Now,童话里的恶棍现在是我的员工,2026-05-14 19:40:12,20,776109,1123,18.7,是 / Yes,Revenge、Fantasy、Lost Child,复仇、奇幻、丢失的孩子,"Every fairytale villain just got fired — now a fearless boss babe runs the only company crazy enough to hire them, but taming Big Bad Wolves and wicked witches is nothing compared to the ancient evil that wants her throne.",,否 / No,,https://www.tiktok.com/@aidramalabs_pulse0
aidramalabs_pulse0,Shape of Desire,Shape of Desire,213,ID 7635371112356402197,Offside Desire,越位欲望,2026-05-03 07:59:21,26,3108637,1318,22.0,是 / Yes,City、Enemies to Lovers、Revenge,城市、从敌人到恋人、复仇,Offside Desire,,否 / No,,https://www.tiktok.com/@aidramalabs_pulse0
aidramalabs_pulse0,Shape of Desire,Shape of Desire,214,ID 7593314722842448927,My blind wife,我的盲人妻子,2026-01-10 10:43:47,1,839700,27,0.5,是 / Yes,dark romance、Revenge、Family Feud,黑暗浪漫、复仇、家庭恩怨,My blind wife,,否 / No,,https://www.tiktok.com/@aidramalabs_pulse0
aidramalabs_pulse0,Shape of Desire,Shape of Desire,215,ID 7589897646270075934,Billionaire Waitress,亿万富翁女服务员,2026-01-01 18:57:44,5,23494434,362,6.0,是 / Yes,Family Feud、Superior and Inferior、Revenge,家庭恩怨、强弱逆袭、复仇,A humiliated waitress inherits a fortune and seeks revenge on those who wronged her.,,否 / No,,https://www.tiktok.com/@aidramalabs_pulse0
aidramalabs_pulse0,Shape of Desire,Shape of Desire,216,ID 7581404359867536415,The Trillionaire Janitor: Trash to Tycoon,亿万富翁清洁工：垃圾到大亨,2025-12-08 18:31:19,8,18209332,600,10.0,是 / Yes,Family Feud、Revenge、Redemption,家庭恩怨、复仇、赎回,Billionaire disguises as janitor for brutal revenge……,,否 / No,,https://www.tiktok.com/@aidramalabs_pulse0
aidramalabs_pulse0,Shape of Desire,Shape of Desire,217,ID 7638319593451164693,Doctors-love,医者之爱,2026-05-11 03:56:42,38,4570365,2210,36.8,是 / Yes,Love After Marriage、Family Feud、Betrayal,婚后的爱情、家庭恩怨、背叛,Doctors-love,,否 / No,,https://www.tiktok.com/@aidramalabs_pulse0
aidramalabs_pulse0,Shape of Desire,Shape of Desire,218,ID 7582909011100472351,Billionaire's Substitute Lover,亿万富翁的替身情人,2025-12-14 20:36:18,5,13313251,334,5.6,是 / Yes,Revenge、Family Feud,复仇、家庭恩怨,"Janitor humiliated, rescued by the new CEO, transforms into his fiancée, and is plunged into a deadly revenge plot.",,否 / No,,https://www.tiktok.com/@aidramalabs_pulse0
aidramalabs_pulse0,Shape of Desire,Shape of Desire,219,ID 7577441069646763038,The Fallen lady Returns,堕落的女士归来,2025-11-28 18:27:23,5,851480,289,4.8,是 / Yes,Revenge、Workplace,复仇、职场,"Betrayed by her husband and left for dead, designer Nora is Reborn a year in the past, vowing to uncover the entire truth.",,否 / No,,https://www.tiktok.com/@aidramalabs_pulse0
aidramalabs_pulse0,Shape of Desire,Shape of Desire,220,ID 7638319539855348757,Pregnant Predator's Trap,怀孕掠夺者的陷阱,2026-05-11 03:20:21,29,24212024,1643,27.4,是 / Yes,Revenge、Superior and Inferior、Family Feud,复仇、强弱逆袭、家庭恩怨,Pregnant Predator's Trap,,否 / No,,https://www.tiktok.com/@aidramalabs_pulse0
aidramalabs_pulse0,Shape of Desire,Shape of Desire,221,ID 7612870289445245983,My Mafia Devil Husband: King’s Forced Bride,我的黑手党恶魔丈夫：国王的强迫新娘,2026-03-05 09:32:53,55,129939143,3399,56.6,是 / Yes,Family Feud、Revenge,家庭恩怨、复仇,"My Mafia Devil Husband, charming and strong",,否 / No,,https://www.tiktok.com/@aidramalabs_pulse0
aidramalabs_pulse0,Shape of Desire,Shape of Desire,222,ID 7591789926815978526,Fell for my mafia professor,爱上了我的黑手党教授,2026-01-06 20:33:34,10,68219981,770,12.8,是 / Yes,Superior and Inferior、Revenge、Family Feud,强弱逆袭、复仇、家庭恩怨,"A criminal professor, an innocent student, and a fatal debt.",,否 / No,,https://www.tiktok.com/@aidramalabs_pulse0
aidramalabs_pulse0,Shape of Desire,Shape of Desire,223,ID 7642648681417774087,Bleeding Vows,流血的誓言,2026-05-23 11:45:46,33,11649632,1643,27.4,是 / Yes,Enemies to Lovers、Family Disputes、Family Feud,从敌人到恋人、家庭纠纷、家庭恩怨,Bleeding Vows,,否 / No,,https://www.tiktok.com/@aidramalabs_pulse0
aidramalabs_pulse0,Shape of Desire,Shape of Desire,224,ID 7639329845642499093,The Queen’s Revenge,女王的复仇,2026-05-14 11:59:51,30,5709014,1675,27.9,是 / Yes,Revenge、Royal Palace,复仇、皇宫,The Queen’s Revenge,,否 / No,,https://www.tiktok.com/@aidramalabs_pulse0
aidramalabs_pulse0,Shape of Desire,Shape of Desire,225,ID 7623836875917186069,"Farewell, My Swan",再见，我的天鹅,2026-04-12 10:19:40,30,924114,1876,31.3,是 / Yes,Redemption、Fantasy、Revenge,赎回、奇幻、复仇,"Farewell, My Swan, my love",,否 / No,,https://www.tiktok.com/@aidramalabs_pulse0
aidramalabs_pulse0,Shape of Desire,Shape of Desire,226,ID 7611223747349025822,Ballerina Fear,芭蕾舞演员的恐惧,2026-02-27 20:18:55,30,9791632,1825,30.4,是 / Yes,City、Mystery,城市、神秘,"BALLERINA FEAR, where there is light in the heart, there is no fear of darkness",,否 / No,,https://www.tiktok.com/@aidramalabs_pulse0
aidramalabs_pulse0,Shape of Desire,Shape of Desire,227,ID 7643226112440685569,Pregnant and Powerful,怀孕且强大,2026-05-25 07:56:47,30,130128617,1673,27.9,是 / Yes,Family Feud,家庭恩怨,Pregnant and Powerful,,否 / No,,https://www.tiktok.com/@aidramalabs_pulse0
aidramalabs_pulse0,Shape of Desire,Shape of Desire,228,ID 7638319560928023572,Fired Waitress Got the Power of Night,被解雇的女服务员获得了夜晚的力量,2026-05-11 02:01:54,20,370554,1416,23.6,是 / Yes,Fantasy、Revenge,奇幻、复仇,"A fired waitress screams at the full moon in the Arizona desert—and the moonlight rips her shadow alive, turning her into a dark warrior who devours the wicked every night, but each kill erases her happiest memory forever until she becomes the darkness itself.",,否 / No,,https://www.tiktok.com/@aidramalabs_pulse0
aidramalabs_pulse0,Shape of Desire,Shape of Desire,229,ID 7643221638498505749,The Human Pet Shop,人类宠物店,2026-05-25 04:24:09,21,19884797,1282,21.4,是 / Yes,Revenge、Fantasy、Master-Servant Love,复仇、奇幻、主仆之爱,"After aliens conquer Earth and turn humans into luxury pets, a brilliant medical prodigy is bought by a cold alien commander and must survive his twisted affection long enough to save her sister and ignite a human uprising.",,否 / No,,https://www.tiktok.com/@aidramalabs_pulse0
aidramalabs_pulse0,Shape of Desire,Shape of Desire,230,ID 7575034243718386719,Fated to My Mafia Priest,命中注定我的黑手党牧师,2025-11-21 23:07:41,10,10851166,818,13.6,是 / Yes,dark romance、Family & Ethics、Family Feud,黑暗浪漫、家庭与道德、家庭恩怨,"Is his love my salvation, or my danger?",,否 / No,,https://www.tiktok.com/@aidramalabs_pulse0
aidramalabs_pulse0,Shape of Desire,Shape of Desire,231,ID 7574306493973943327,The Queen's Revenge Game,女王的复仇游戏,2025-11-19 19:21:09,5,46254783,377,6.3,是 / Yes,Contract Lovers、Revenge、Family Feud,合约爱好者、复仇、家庭恩怨,"A contract marriage, a fake death, and the most shocking wedding crash in history.",,否 / No,,https://www.tiktok.com/@aidramalabs_pulse0
aidramalabs_pulse0,Shape of Desire,Shape of Desire,232,ID 7606155775295149087,Forbidden Lovers,禁忌恋人,2026-02-20 09:33:53,29,66689847,1602,26.7,是 / Yes,Love After Marriage、Family Feud、Love After Divorce,婚后的爱情、家庭恩怨、离婚后的爱情,Forced into a marriage with fated lovers,,否 / No,,https://www.tiktok.com/@aidramalabs_pulse0
aidramalabs_pulse0,Shape of Desire,Shape of Desire,233,ID 7616401683437999134,Love Under the Barrel,桶下的爱,2026-05-02 09:09:08,45,2046262,2948,49.1,是 / Yes,Redemption、Family Feud、Revenge,赎回、家庭恩怨、复仇,"Love Under the Barrel, Romance",,否 / No,,https://www.tiktok.com/@aidramalabs_pulse0
aidramalabs_pulse0,Shape of Desire,Shape of Desire,234,ID 7639314190527861776,Pregnant and Banished: The Tycoon's Return,怀孕与放逐：大亨归来,2026-05-14 09:52:55,10,58018542,597,9.9,是 / Yes,Revenge、Family Feud,复仇、家庭恩怨,Pregnant and Banished: The Tycoon's Return,,否 / No,,https://www.tiktok.com/@aidramalabs_pulse0
aidramalabs_pulse0,Shape of Desire,Shape of Desire,235,ID 7568818486622049310,Queen of Time's Revenge,时间女王的复仇,2025-11-04 23:08:16,4,46082880,324,5.4,是 / Yes,Revenge、Fantasy、Redemption,复仇、奇幻、赎回,"A billionaire heiress takes revenge on her cheating fiancé at the altar, only to be trapped in 3000 time loops—she has 48 hours to save her angel husband who died for her, or lose him forever",,否 / No,,https://www.tiktok.com/@aidramalabs_pulse0
aidramalabs_pulse0,Shape of Desire,Shape of Desire,236,ID 7643241528944612353,The House Hungers,房子的饥饿,2026-05-25 15:01:00,22,400214,1610,26.8,是 / Yes,Family Feud、Ensemble Cast、Adventure,家庭恩怨、群像、冒险,The House Hungers,,否 / No,,https://www.tiktok.com/@aidramalabs_pulse0
aidramalabs_pulse0,Shape of Desire,Shape of Desire,237,ID 7576938571173499935,The Show,演出,2025-11-26 20:55:12,5,16540466,341,5.7,是 / Yes,Fantasy、Political Intrigue、Love Triangle,奇幻、政治阴谋、三角恋,A reality show about life and death.,,否 / No,,https://www.tiktok.com/@aidramalabs_pulse0
aidramalabs_pulse0,Shape of Desire,Shape of Desire,238,ID 7640583163651167252,The Beast Queen's Canvas,野兽女王的画布,2026-05-20 22:11:49,36,157500738,2729,45.5,是 / Yes,Revenge、Fantasy、Love Triangle,复仇、奇幻、三角恋,The Beast Queen's Canvas,,否 / No,,https://www.tiktok.com/@aidramalabs_pulse0
aidramalabs_pulse0,Shape of Desire,Shape of Desire,239,ID 7639360750746145812,Shadow of the Serpent：Hearts United with Mirrorlight,蛇之影：镜光之心,2026-05-20 21:40:29,29,832879,1959,32.6,是 / Yes,Crime、Reconciliation、City,犯罪、和解、城市,Shadow of the Serpent：Hearts United with Mirrorlight,,否 / No,,https://www.tiktok.com/@aidramalabs_pulse0
aidramalabs_pulse0,Shape of Desire,Shape of Desire,240,ID 7574783223549580318,Housewife's Boob Job,家庭主妇的布布工作,2025-11-23 22:20:28,6,2782508,472,7.9,是 / Yes,Revenge、Family Feud,复仇、家庭恩怨,Husband wants bigger boobs... 😱💔,,否 / No,,https://www.tiktok.com/@aidramalabs_pulse0
aidramalabs_pulse0,Shape of Desire,Shape of Desire,241,ID 7595876998397072414,The Nerd's Forbidden Romance,书呆子的禁忌浪漫,2026-01-17 01:17:56,1,644116,106,1.8,是 / Yes,Romantic Complications、Superior and Inferior,浪漫并发症、强弱逆袭,The Nerd's Forbidden Romance,,否 / No,,https://www.tiktok.com/@aidramalabs_pulse0
aidramalabs_pulse0,Shape of Desire,Shape of Desire,242,ID 7639357072492090388,The Sea God Fell In Love With A Mortal Girl,海神爱上凡间少女,2026-05-14 15:31:08,19,35830697,1121,18.7,是 / Yes,Fantasy、Romantic Complications,奇幻、浪漫并发症,"A fisherman's daughter saves a dying whale that transforms into the most powerful sea god alive — he becomes obsessed with her, but every kiss triggers catastrophic tsunamis, and the entire ocean kingdom wants her dead before she discovers the ancient power sleeping inside her blood.",,否 / No,,https://www.tiktok.com/@aidramalabs_pulse0
aidramalabs_pulse0,Shape of Desire,Shape of Desire,243,ID 7616412681675002910,Married to the Wall Street Devil,嫁给华尔街恶魔,2026-03-16 09:36:04,30,3816912,1741,29.0,是 / Yes,Revenge、Contract Lovers、Family Feud,复仇、合约爱好者、家庭恩怨,"Married to the Wall Street Devil, the Romance",,否 / No,,https://www.tiktok.com/@aidramalabs_pulse0
aidramalabs_pulse0,Shape of Desire,Shape of Desire,244,ID 7605847568010236958,My Professor's Obsession,我的教授的痴迷,2026-02-16 10:18:22,30,5176629,1981,33.0,是 / Yes,Romantic Complications、Superior and Inferior,浪漫并发症、强弱逆袭,"My Professor's Obsession, She is his only exception",,否 / No,,https://www.tiktok.com/@aidramalabs_pulse0
aidramalabs_pulse0,Shape of Desire,Shape of Desire,245,ID 7604526773237306398,Credits to Love,爱的积分,2026-02-12 20:03:50,20,7505959,1667,27.8,是 / Yes,Revenge、Love Triangle、Celebrity,复仇、三角恋、名人,No one can steal her talent and credits to love.,,否 / No,,https://www.tiktok.com/@aidramalabs_pulse0
aidramalabs_pulse0,Shape of Desire,Shape of Desire,246,ID 7592512151428830239,The Billionaire Intern's Fury,亿万富翁实习生的愤怒,2026-01-07 20:33:57,5,1182307,300,5.0,是 / Yes,Revenge、Love Triangle、Workplace,复仇、三角恋、职场,"She hid her billionaire identity as an intern—until her work was stolen, her dignity crushed, and she decided to destroy everyone who crossed her.",,否 / No,,https://www.tiktok.com/@aidramalabs_pulse0
aidramalabs_pulse0,Shape of Desire,Shape of Desire,247,ID 7640406854308566036,The Ex-Con Queen's Revenge,有犯罪前科的女王的复仇,2026-05-18 00:00:28,10,842776,594,9.9,是 / Yes,Love Triangle、Family Feud、Revenge,三角恋、家庭恩怨、复仇,The Ex-Con Queen's Revenge,,否 / No,,https://www.tiktok.com/@aidramalabs_pulse0
aidramalabs_pulse0,Shape of Desire,Shape of Desire,248,ID 7639357329057747988,Viper's Vengeful Heart,毒蛇的复仇之心,2026-05-15 23:00:48,30,1920420,1535,25.6,是 / Yes,Reconciliation、City、Revenge,和解、城市、复仇,Viper's Vengeful Heart,,否 / No,,https://www.tiktok.com/@aidramalabs_pulse0
aidramalabs_pulse0,Shape of Desire,Shape of Desire,249,ID 7643241565339014145,My Lies Become Reality,我的谎言变成了现实,2026-05-25 15:05:54,31,407566,1665,27.8,是 / Yes,Family Feud、Romantic Complications,家庭恩怨、浪漫并发症,"Lies come true and backfire on life. Facing sincerity straightens reality with truth, and true love is gained in the end.",,否 / No,,https://www.tiktok.com/@aidramalabs_pulse0
aidramalabs_pulse0,Shape of Desire,Shape of Desire,250,ID 7572165299261281310,Collateral love,附带的爱,2025-11-14 02:55:24,5,7766652,283,4.7,是 / Yes,Revenge、Family Feud、Contract Lovers,复仇、家庭恩怨、合约爱好者,"Betrayed by her husband and maid, she fights back.",,否 / No,,https://www.tiktok.com/@aidramalabs_pulse0
aidramalabs_pulse0,Shape of Desire,Shape of Desire,251,ID 7562192431857488910,Second Chance with My Billionaire Husband,与我的亿万富翁丈夫的第二次机会,2025-10-17 23:03:47,7,20580171,971,16.2,是 / Yes,Family Feud、Love After Marriage、Love After Divorce,家庭恩怨、婚后的爱情、离婚后的爱情,Can a fake marriage spark a real second chance?,,否 / No,,https://www.tiktok.com/@aidramalabs_pulse0
aidramalabs_pulse0,Shape of Desire,Shape of Desire,252,ID 7551821937102738446,The CEO's Secret Wife,总裁的秘密妻子,2025-09-20 00:42:38,35,79826005,3312,55.2,是 / Yes,Family Feud、Love After Divorce,家庭恩怨、离婚后的爱情,Can a fake marriage spark a real second chance?,,否 / No,,https://www.tiktok.com/@aidramalabs_pulse0
aidramalabs_pulse0,Shape of Desire,Shape of Desire,253,ID 7550301718165099533,Defective Heart,有缺陷的心脏,2025-09-15 22:09:34,1,7879512,81,1.4,是 / Yes,Romantic Complications、Fantasy、Master-Servant Love,浪漫并发症、奇幻、主仆之爱,Defective Heart：He made his master's sexy robot cry.,,否 / No,,https://www.tiktok.com/@aidramalabs_pulse0
aidramalabs_pulse0,Shape of Desire,Shape of Desire,254,ID 7566958494407136287,My Dangerous Mind Reader,我危险的读心术,2025-10-31 00:03:14,5,51108094,289,4.8,是 / Yes,Fantasy、Betrayal、Enemies to Lovers,奇幻、背叛、从敌人到恋人,"In a world where minds can be read, the only unpredictable things are love—and the monster sleeping within her.",,否 / No,,https://www.tiktok.com/@aidramalabs_pulse0
aidramalabs_pulse0,Shape of Desire,Shape of Desire,255,ID 7563979664163705887,Bound to the Billionaire,与亿万富翁绑定,2025-10-22 23:48:13,5,62916765,413,6.9,是 / Yes,Family Feud、dark romance、Revenge,家庭恩怨、黑暗浪漫、复仇,"A waitress forced into a contract marriage with a billionaire discovers their families share a dark, twisted history of revenge, kidnapping, and forbidden love.",,否 / No,,https://www.tiktok.com/@aidramalabs_pulse0
shortdramatime,ShortDramaTime,ShortDramaTime,1,ID 7652240174054855687,My Sweet and Clingy Husband,我的甜蜜又粘人的丈夫,2026-07-03 17:30:01,97,817007,9202,153.4,是 / Yes,Contract Lovers、Married Life、Family Feud,合约爱好者、婚姻生活、家庭恩怨,"After dreaming of a future where her husband falls for another woman and drives her to a tragic end, a wife wakes up determined to change her fate—starting with three hard slaps across his face.",,否 / No,,https://www.tiktok.com/@shortdramatime
shortdramatime,ShortDramaTime,ShortDramaTime,2,ID 7661312678509597713,Too Late for Regrets,后悔为时已晚,2026-07-13 08:00:02,72,327140,6489,108.2,是 / Yes,Love After Divorce、Family Feud、Reconciliation,离婚后的爱情、家庭恩怨、和解,He spent 2 years married to her while secretly obsessed with his stepsister. She spent 2 years loving a man who never looked back. The day she stopped trying? He finally turned around. But she was already gone.,,否 / No,,https://www.tiktok.com/@shortdramatime
shortdramatime,ShortDramaTime,ShortDramaTime,3,ID 7660225041120367636,Mr. Wilson‘s Sweet Doting Wife,威尔逊先生甜蜜溺爱的妻子,2026-07-09 05:54:40,70,2903975,7267,121.1,是 / Yes,Love After Marriage、Married Life、Family Feud,婚后的爱情、婚姻生活、家庭恩怨,"Lisa Davis and James Wilson have a flash marriage with the help of James's mother. After the wedding, Lisa Davis faces trouble at a class reunion, an art exhibition, and other occasions. James Wilson steps in to help. Later, the appearance of William Wilson makes James Wilson jealous and angry. When Lisa Davis's art studio opens, Thomas Clark causes trouble. James Wilson saves Lisa Davis. They resolve their misunderstandings and find love.",,否 / No,,https://www.tiktok.com/@shortdramatime
shortdramatime,ShortDramaTime,ShortDramaTime,4,ID 7652245324451124244,Fatal Empathy,致命的同理心,2026-07-04 12:30:02,39,1001791,3506,58.4,是 / Yes,Romantic Complications、Contract Lovers、Family Feud,浪漫并发症、合约爱好者、家庭恩怨,"Billionaire tycoon Damon and elite hacker Elena enter a contractual marriage for family interests, only to be trapped by an absolute empathy curse that lets them share every pain and sensation; they grow from wary strangers to soulmates amid life-or-death crises plotted by hypocritical gentleman Ethan, and finally break the curse, defeat the scheming villain, and embrace genuine lifelong love.",,否 / No,,https://www.tiktok.com/@shortdramatime
shortdramatime,ShortDramaTime,ShortDramaTime,5,ID 7652245323830187028,Revenge of the Disguised Bride,乔装新娘的复仇,2026-07-04 10:30:01,30,768734,2942,49.0,是 / Yes,Revenge、Contract Lovers、Family Feud,复仇、合约爱好者、家庭恩怨,"An assassin fakes a marriage to expose corporate money laundering, only to be outwitted by her CEO target, who knows her secret and pulls her into a dangerous choice between mission and love.",,否 / No,,https://www.tiktok.com/@shortdramatime
shortdramatime,ShortDramaTime,ShortDramaTime,6,ID 7660224890972607509,She Who Cannot Be Defined,无法定义的她,2026-07-09 15:48:35,66,894098,7159,119.3,是 / Yes,Contract Lovers、Married Life、Family Feud,合约爱好者、婚姻生活、家庭恩怨,"Eleanor, an amputee, enters into a whirlwind marriage with Lucian to save her father. Despite facing repeated harassment and sabotage, she is consistently shielded and rescued by Lucian; ultimately, the villains are brought to justice, and the couple finds their happy ending.",,否 / No,,https://www.tiktok.com/@shortdramatime
shortdramatime,ShortDramaTime,ShortDramaTime,7,ID 7660226423966012437,The Guard Who Owns It All,拥有一切的守卫,2026-07-09 10:25:59,82,820489,6046,100.8,是 / Yes,Business Competition、City、Mistaken Identities,商业竞赛、城市、错误的身份,"Marcus Reign appears to be nothing more than a minimum-wage security guard — but beneath his humble disguise lies the most powerful man in Bay City. When he marries Sophia Hartwell, the embattled CEO of Hartwell Corp, everyone mocks her for settling for a nobody. But as enemies close in — the ruthless Derek Ashford, the mysterious Sovereign Hall, and the criminal syndicate The Serpents — Marcus begins to reveal his true identity, dismantling his wife's enemies one by one from the shadows. A tale of hidden power, corporate warfare, and unlikely love.",,否 / No,,https://www.tiktok.com/@shortdramatime
shortdramatime,ShortDramaTime,ShortDramaTime,8,ID 7659458342611751956,The Incredible Ms. Serena,不可思议的塞雷娜女士,2026-07-07 05:55:33,98,851980,10302,171.7,是 / Yes,Revenge、City、Love Triangle,复仇、城市、三角恋,"At her 30th wedding anniversary party, a woman discovers her husband is cheating on her with a young intern. Heartbroken by everyone’s cold attitude, she chooses divorce and starts a new life. With a kind man’s support, she returns to the design industry, fends off rivals’ provocations, and gears up for a jewelry competition and a reunion to set the record straight.",,否 / No,,https://www.tiktok.com/@shortdramatime
shortdramatime,ShortDramaTime,ShortDramaTime,9,ID 7661326753167889429,When the Rose Withered,当玫瑰枯萎时,2026-07-13 08:00:02,80,246178,6915,115.2,是 / Yes,Romantic Complications、City、Revealed Crush,浪漫并发症、城市、揭露暗恋,"Two weeks before her dream wedding, Aria Ellery's world shatters when her fiancé, Ethan Hale, demands a fake marriage with his childhood sweetheart, completely dismissing Aria's feelings. Refusing to tolerate his betrayal, Aria resolutely ends their four-year relationship and leaves. As she heals and starts anew, a devoted and charming man named Julian Whitfield enters her life, offering the genuine love and protection she truly deserves. Through shared moments, Julian helps Aria mend her broken heart and find true happiness. The cinematic drama culminates in a romantic finale on a riverside b",,是 / Yes,,https://www.tiktok.com/@shortdramatime
shortdramatime,ShortDramaTime,ShortDramaTime,10,ID 7658350104566584337,New Snow Covers Old Traces,新雪覆盖旧迹,2026-07-07 13:30:22,60,546072,5440,90.7,是 / Yes,Love Triangle、Revenge、Family Feud,三角恋、复仇、家庭恩怨,"Standing before her younger sister’s funeral altar, the woman swears to avenge her sibling. She impersonates her late sister to dodge the male lead’s repeated tests. Later, she reveals her true identity at a board meeting. She schemes to trick him into purchasing a flawed land parcel. She then approaches him openly as the heiress of her wealthy family. She drives him to total bankruptcy. She presents all the incriminating evidence to have him arrested and prosecuted. She visits the rooftop to pay tribute to her sister, finally completing her revenge.",,否 / No,,https://www.tiktok.com/@shortdramatime
shortdramatime,ShortDramaTime,ShortDramaTime,11,ID 7657955990159430672,My Husband Is Not to Be Messed With,我的丈夫不配惹,2026-07-07 05:20:26,70,2620825,8766,146.1,是 / Yes,Family Feud、Love After Marriage、Married Life,家庭恩怨、婚后的爱情、婚姻生活,"Penny Fitts gets disowned by the wealthy Song family after a messy hotel misunderstanding lands her in a rushed shotgun marriage with Jasper Dean. Jasper hides his real identity as the sole heir to the powerful Dean empire. Secretly, he leverages his family’s wealth and influence to protect Penny and fend off endless schemes and threats from their enemies. Side by side, they overcome countless hardships and outwit every crisis thrown their way. His hidden billionaire heir status is finally exposed at the grand opening of Penny’s new company. After fighting through every hurdle, they build thri",,是 / Yes,,https://www.tiktok.com/@shortdramatime
shortdramatime,ShortDramaTime,ShortDramaTime,12,ID 7650771336008651796,My Devil Butler,我的恶魔管家,2026-07-03 12:30:01,30,799421,2126,35.4,是 / Yes,Family Feud、Crime、Contract Lovers,家庭恩怨、犯罪、合约爱好者,"FBI undercover Kate marries Lucian falsely for a mission, only to find he is also a secret agent. He rescues pregnant kidnapped Kate, knowing her child is from her late partner but still protects her.",,否 / No,,https://www.tiktok.com/@shortdramatime
shortdramatime,ShortDramaTime,ShortDramaTime,13,ID 7657936551528469524,Moonfall into the River,月落入河,2026-07-08 01:30:18,72,857934,9086,151.4,是 / Yes,Family Feud、Contract Lovers、Romantic Complications,家庭恩怨、合约爱好者、浪漫并发症,"Vivian, a bright and spirited young girl, is sent by her own father to the bed of her creditor Jiang Ye. What appears to be a carefully laid scheme is actually a case of ""turning his adversary’s plot against him"" devised by Thorne, a scheming, domineering CEO aged twenty-seven.",,否 / No,,https://www.tiktok.com/@shortdramatime
shortdramatime,ShortDramaTime,ShortDramaTime,14,ID 7659460912390394881,Back in Her Ex's Arms,回到前男友的怀里,2026-07-07 10:35:33,99,1079175,11740,195.7,是 / Yes,Reconciliation、Romantic Complications、Family Feud,和解、浪漫并发症、家庭恩怨,Her 7-year fairytale marriage turned into a death sentence. Pregnant Sophia will lose her kidney for a crime she didn’t commit—and her husband lets it happen. A shocking secret might save her… if it doesn’t get her killed first.,,否 / No,,https://www.tiktok.com/@shortdramatime
shortdramatime,ShortDramaTime,ShortDramaTime,15,ID 7658351560464045073,Her Brother's Friend,她哥哥的朋友,2026-07-07 10:15:42,60,780789,5678,94.6,是 / Yes,Family Disputes、Family Feud、Love After Marriage,家庭纠纷、家庭恩怨、婚后的爱情,"Pressured by her family to marry, Chloe hastily wed Liam, who had secretly loved her for years. After marriage, they faced crises including her stepmother’s power grab and a kidnapping. Hailing from a reclusive wealthy clan, Liam revealed his true identity and helped her resolve all troubles. Their bond deepened, and Chloe became pregnant. At their wedding, misunderstandings about Liam’s long-standing crush on her were cleared up, and they finally found lasting happiness.",,否 / No,,https://www.tiktok.com/@shortdramatime
shortdramatime,ShortDramaTime,ShortDramaTime,16,ID 7659454559315612673,The Surgeon's Promise,外科医生的承诺,2026-07-07 05:40:35,54,547756,5462,91.0,是 / Yes,City、Superior and Inferior、Medical Drama,城市、强弱逆袭、医疗剧,"He saves lives with his scalpel, but he will risk his life to save hers. A secret marriage, a deadly plot, and a professor's ultimate vow.",,否 / No,,https://www.tiktok.com/@shortdramatime
shortdramatime,ShortDramaTime,ShortDramaTime,17,ID 7658339926724645909,End of the Eight-Year Lie,八年谎言的终结,2026-07-05 08:00:00,34,810478,3738,62.3,是 / Yes,First Love & Substitute、Family Feud、Contract Lovers,初恋与替身、家庭恩怨、合约爱好者,"Eight years ago, Joy signed a contract to stay with Simon to repay his mother’s favor, enduring his cold indifference while mending his heart broken by his first love. Once their deal ended after his ex’s return ruined everything, Joy left without a second thought, leaving divorce papers behind and abandoning the man she could never warm.",,否 / No,,https://www.tiktok.com/@shortdramatime
shortdramatime,ShortDramaTime,ShortDramaTime,18,ID 7658010123989799937,Frozen Betrayal72Hours,冰冻背叛72小时,2026-07-03 14:35:43,70,810833,8324,138.7,是 / Yes,Love Triangle、Revenge、Family Feud,三角恋、复仇、家庭恩怨,"This drama follows Zoe, the reborn heiress to the Ashford Group, who is locked in a subzero cold storage as part of a conspiracy orchestrated by her fiancé Leo and adopted sister Claire. She survives three days in the desperate situation with her tenacious will to live. After being rescued, she exposes their plot to seize the company, takes back the group, and brings the wrongdoers to justice.",,否 / No,,https://www.tiktok.com/@shortdramatime
shortdramatime,ShortDramaTime,ShortDramaTime,19,ID 7658009844112233489,Dino Betrayal Reborn,恐龙背叛重生,2026-07-03 14:35:17,70,40669636,6804,113.4,是 / Yes,Adventure、Fantasy、Lost Child,冒险、奇幻、丢失的孩子,"Liam is reborn into a dinosaur crisis. His family favors adopted son Noah. Greed for dinosaur eggs brings disaster, and only Liam escapes alone in the end.",,否 / No,,https://www.tiktok.com/@shortdramatime
shortdramatime,ShortDramaTime,ShortDramaTime,20,ID 7650781632307565589,Undercover Bride of the Tyrant CEO,卧底暴君新娘CEO,2026-07-03 08:30:00,32,336686,3096,51.6,是 / Yes,Family Feud、Contract Lovers、Romantic Complications,家庭恩怨、合约爱好者、浪漫并发症,"Bought by Duke Kieran to repay debts, Wren discovers their secret betrothal and his immortality. They break the blood oath, and she must sacrifice twenty years of life to save his fading lifespan.",,否 / No,,https://www.tiktok.com/@shortdramatime
shortdramatime,ShortDramaTime,ShortDramaTime,21,ID 7658347645001749525,Mr. Lucas's Runaway Pregnant Wife,卢卡斯先生离家出走的怀孕妻子,2026-07-06 08:00:00,73,3416575,6018,100.3,是 / Yes,Romantic Complications、Family Feud、Reconciliation,浪漫并发症、家庭恩怨、和解,"Chloe is abused by her stepmother and stepsister. While delivering takeout, she has a relationship with Lucas, who is in a vegetative state, and becomes pregnant. After saving Lucas's grandmother, she signs a prenuptial agreement. Camille continues to persecute her. Chloe wins a piano competition, regains her sight, and gives birth to twins. Lucas realizes that Chloe is the one he has been looking for. After dealing with Camille, the two find happiness together.",,否 / No,,https://www.tiktok.com/@shortdramatime
shortdramatime,ShortDramaTime,ShortDramaTime,22,ID 7652240169269253138,"Blurred Love, Clear Destiny",模糊的爱情，清晰的命运,2026-07-04 16:30:01,77,1005553,5629,93.8,是 / Yes,Reconciliation、Family Feud、Romantic Complications,和解、家庭恩怨、浪漫并发症,"The heroine comes from a son-favoring ordinary family, loved only by her grandmother. A college boy often helps her, but her severe nearsightedness and poverty for glasses leave her never seeing his face clearly. Years later, to pay for her grandma's surgery, she tries to trick him — only to be seen through and claimed by him.",,否 / No,,https://www.tiktok.com/@shortdramatime
shortdramatime,ShortDramaTime,ShortDramaTime,23,ID 7660221321930134545,Ultimate Indulqence,极致纵享,2026-07-09 06:18:16,40,783598,3653,60.9,是 / Yes,Family Feud、Reconciliation、Family Disputes,家庭恩怨、和解、家庭纠纷,"After her father's sudden death, Emily was framed by her stepmother's family. She fought back and announced that she would marry Leonard , whom she had lost touch with for many years, within seven days, which shocked everyone.",,否 / No,,https://www.tiktok.com/@shortdramatime
shortdramatime,ShortDramaTime,ShortDramaTime,24,ID 7659458298508301332,His Heart for Her Betrayal,他对她的背叛的心,2026-07-07 05:45:36,68,772092,6890,114.8,是 / Yes,City、Revenge、Redemption,城市、复仇、赎回,"Ewan Hastings is terminally ill with cancer. To save his wife Seraphina Cavendish's company, he agrees to a deal with the Percy family: his heart for an investment. Yet Seraphina Cavendish, at the peak of her success, holds a divorce banquet to cast him aside. Iris Percy feels indignant for him. Alistair Hastings, the head of Longmen in the capital, learns his son has been humiliated. He investigates and finds the cancer diagnosis was fabricated by the Percy family head, and heads to Lcehaven for revenge. At the divorce banquet, Alistair Hastings punishes the Cavendish family, exposes the Perc",,是 / Yes,,https://www.tiktok.com/@shortdramatime
shortdramatime,ShortDramaTime,ShortDramaTime,25,ID 7652698875476923400,Seducing the Devil CEO,引诱恶魔总裁,2026-07-03 08:30:02,80,431956,8215,136.9,是 / Yes,Married Life、Love Triangle、Family Feud,婚姻生活、三角恋、家庭恩怨,"A coldly brilliant divorce lawyer who survived a brutal assault in her youth—choosing to stay alive rather than die defending her """"honor,"""" only to be branded and abandoned for that choice—is engaged to the powerful man who once rescued her, until she discovers he has been cheating on her all along. Refusing to punish herself for his betrayal, she calls off the wedding and recklessly takes his shameless playboy best friend to bed as revenge, never imagining that this so-called scoundrel is in fact the broken boy she once talked down from the edge years ago—a man who has quietly loved her ever",,是 / Yes,,https://www.tiktok.com/@shortdramatime
shortdramatime,ShortDramaTime,ShortDramaTime,26,ID 7661312678157161473,The Contract Marriage Got Real,契约婚姻成真,2026-07-12 10:36:37,100,839579,8640,144.0,是 / Yes,Married Life、Family Feud、Superior and Inferior,婚姻生活、家庭恩怨、强弱逆袭,"A poor talented girl becomes a CEO’s fake fiancée after a breakup. He falls for her deeply, defends her fiercely, and helps her rise against all betrayers.",,否 / No,,https://www.tiktok.com/@shortdramatime
shortdramatime,ShortDramaTime,ShortDramaTime,27,ID 7659460911257752593,Simply sweet Spphia,简单甜蜜的Sphia,2026-07-07 10:05:24,63,2529770,5962,99.4,是 / Yes,City、Love After Marriage、Married Life,城市、婚后的爱情、婚姻生活,"Spphia and Ashford met in an orphanage when they were children, but later separated. Twenty years later, Su Qianyue needed money because her adoptive mother was seriously ill, and she married Lu Jiuqing by chance, but neither of them recognized the other. After their secret marriage, they gradually fell in love with each other through work and life, and finally recognized each other and sweetly went public with their relationship.",,否 / No,,https://www.tiktok.com/@shortdramatime
shortdramatime,ShortDramaTime,ShortDramaTime,28,ID 7661311248315700244,"My Husband Gambled Away Our Fortune, So I Won It All Back",我丈夫赌光了我们的财产，所以我把它全部赢回来,2026-07-13 08:00:02,51,249831,3875,64.6,是 / Yes,Family Feud、Married Life,家庭恩怨、婚姻生活,"This tense urban emotional drama follows a woman whose seemingly stable life collapses overnight when she discovers her husband has gambled away all their family assets, leaving the family drowning in crippling debt and on the brink of total ruin. As she confronts his betrayal, uncovers hidden secrets, and fights to protect her loved ones, she embarks on a journey of revenge and self-redemption, ultimately reclaiming everything that was stolen from her and her family.",,否 / No,,https://www.tiktok.com/@shortdramatime
shortdramatime,ShortDramaTime,ShortDramaTime,29,ID 7661326821686105109,Broke Besties' Book Transmigration: Dethroning the Heroine,坏了闺蜜的书《穿越：废黜女主》,2026-07-12 10:28:15,81,471900,7551,125.8,是 / Yes,Romantic Complications、Family Feud、Sismance,浪漫并发症、家庭恩怨、西斯芒斯,"Two broke novelists enter their own novel as rivals, reject the original plot to make money, and team up to beat the annoying official heroine.",,否 / No,,https://www.tiktok.com/@shortdramatime
shortdramatime,ShortDramaTime,ShortDramaTime,30,ID 7659458309254353941,Honeymoon After Marriage,婚后蜜月,2026-07-07 05:45:26,72,795903,9692,161.5,是 / Yes,Married Life、Family Feud、Contract Lovers,婚姻生活、家庭恩怨、合约爱好者,"Hospitalized for two months after a car crash, Luna Fisher received no visits from her husband Leo Harrison, faced a cold mother-in-law and a father who only saw her as a bargaining chip to save his company by marrying into wealth. After three years of enduring cold violence and rumors in their contractual marriage, she rebelled by dismissing the mercenary maid, replacing his furniture, adopting a cat he’s allergic to, restarting her career as a rookie designer at Lightyear Home Decoration, fighting workplace harassment and landing the top client, becoming unrecognizable to Leo.",,否 / No,,https://www.tiktok.com/@shortdramatime
shortdramatime,ShortDramaTime,ShortDramaTime,31,ID 7657955918797198352,The Guide to Being a Substitute for White Moonlight,白月光替代品指南,2026-07-03 14:34:54,90,902030,7792,129.9,是 / Yes,Mistaken Identities、First Love & Substitute、Family Feud,错误的身份、初恋与替身、家庭恩怨,"elaine a heiress from a top-tier wealthy family, and leon, the president of a conglomerate, were a loving couple. On their wedding day, an accident occurred, and elaine disappeared and was presumed dead. However, elaine had only suffered amnesia and was taken in by Lee's mother. Because she resembled Kira, Damon's wife who was murdered, Damon fabricated a new identity for her (Kira) to attract attention and to covet elaine. Kira, unwilling to marry Damon, ran away and fortunately met leon.",,否 / No,,https://www.tiktok.com/@shortdramatime
shortdramatime,ShortDramaTime,ShortDramaTime,32,ID 7658347645286716436,Teaming Up With My Rival,与我的对手合作,2026-07-07 05:20:35,94,765378,9455,157.6,是 / Yes,City、Married Life,城市、婚姻生活,"After witnessing her husband Ethan’s infidelity, Vivian resolves to file for divorce. She soon discovers he has long been transferring their shared property in advance to leave her with nothing. Instead of turning against the other woman, Vivian reaches an alliance with her rival. Together, they collect all evidence of betrayal, expose the scumbag’s hypocrisy to the public, strike his business down, and successfully recover all the illegally transferred marital assets, finally gaining freedom and dignity.",,否 / No,,https://www.tiktok.com/@shortdramatime
shortdramatime,ShortDramaTime,ShortDramaTime,33,ID 7661311322923521044,Mrs. Pei Wants to Return to Countryside,裴夫人要回农村,2026-07-12 08:29:39,68,373634,7602,126.7,是 / Yes,Mistaken Identities、Rural Area、Romantic Complications,错误的身份、乡村、浪漫并发症,"After being drugged outside by accident, Alexander Sterling had an intimate encounter with Emily Rosewood, who was working farmland. A responsible man, he gave her his heirloom necklace, promising to formally wed her if she sought him out with it. Emily disregarded the necklace and told nobody. She changed clothes,her friend chanced upon the necklace and crossed paths with one of Alexander’s subordinates.",,否 / No,,https://www.tiktok.com/@shortdramatime
shortdramatime,ShortDramaTime,ShortDramaTime,34,ID 7652245322773058580,Blood for Blood: The Witch's Crimson Curse,血债血偿：女巫的猩红诅咒,2026-07-04 08:30:02,40,923896,2797,46.6,是 / Yes,Revenge、Fantasy,复仇、奇幻,"Billionaire Lia was betrayed by her husband Frank and her adopted younger sister Chloe, and died in a car accident. After her death, she struck a blood pact with the witch Selena to be resurrected, and cast a vicious curse on Frank: whenever he feels lust for any other woman, he will be afflicted with endless menstrual bleeding.",,否 / No,,https://www.tiktok.com/@shortdramatime
shortdramatime,ShortDramaTime,ShortDramaTime,35,ID 7658351567690552337,His Regret Came Too Late,他的后悔来得太晚了,2026-07-04 08:00:01,73,810449,8149,135.8,是 / Yes,Love After Divorce、Family Feud、Reconciliation,离婚后的爱情、家庭恩怨、和解,"The female lead loved the male lead devotedly for ten years and always stayed by his side. The second female lead repeatedly framed her and staged a false injury. The male lead believed the lies and abandoned the heroine in the countryside. She suffered a head trauma and lost all memories of him after surgery. The male lead thought she was just playing hard to get. The heroine cut off all contact with him and met the gentle second male lead through an arranged marriage. When the male lead finally saw through the villain’s tricks, he was filled with regret and tried hard to win her back. But th",,是 / Yes,,https://www.tiktok.com/@shortdramatime
shortdramatime,ShortDramaTime,ShortDramaTime,36,ID 7661334527415096321,"Realized, Now Doting My Son",意识到了，现在正在溺爱我的儿子,2026-07-12 02:22:58,64,628196,7170,119.5,是 / Yes,Family Feud、Family Disputes、Lost Child,家庭恩怨、家庭纠纷、丢失的孩子,"Cross Group chairperson Eleanor Cross once favored her adopted son Lucas Cross and named him heir, yet he plotted against her to secure power, leaving her dying with endless regret and a wish to start over.",,否 / No,,https://www.tiktok.com/@shortdramatime
shortdramatime,ShortDramaTime,ShortDramaTime,37,ID 7660223765217596437,"My Ex Wants to Remarry, But I'm Not His Good Girl",我的前夫想再婚，但我不是他的好女孩,2026-07-09 12:17:59,62,790298,7288,121.5,是 / Yes,Married Life、Reconciliation、Family Feud,婚姻生活、和解、家庭恩怨,"Ruthless billionaire forces his seemingly timid ex-wife into a revenge marriage to punish her for abandoning him at his lowest. Little does he know, his ""obedient"" bride is actually a lethal, badass peacekeeper who only left him to save lives on the frontlines.",,否 / No,,https://www.tiktok.com/@shortdramatime
shortdramatime,ShortDramaTime,ShortDramaTime,38,ID 7660226306717733908,Twilight on a Spring Branch,春枝上的暮色,2026-07-09 14:29:53,80,790140,13044,217.4,是 / Yes,Contract Lovers、Family Feud、Revenge,合约爱好者、家庭恩怨、复仇,"A poor talented woman and her down-and-out noble friend plot revenge against their foes. They aim to win over a top-tier billionaire, and amid schemes and struggles, she wins his heart with wit and grace, bridging class divides and finding mutual salvation.",,否 / No,,https://www.tiktok.com/@shortdramatime
shortdramatime,ShortDramaTime,ShortDramaTime,39,ID 7659458356823462932,Forty Years of Lies,四十年的谎言,2026-07-07 10:10:40,41,365180,4123,68.7,是 / Yes,City、Revenge,城市、复仇,"Liam marries Vivian, who secretly loves another man for decades and shocks him by revealing their son is not his, driving Liam to die of grief. Reborn on his wedding day with all past memories, Liam swears to expose all lies and punish everyone who betrayed him.",,否 / No,,https://www.tiktok.com/@shortdramatime
shortdramatime,ShortDramaTime,ShortDramaTime,40,ID 7655327550310192146,Exclusive Love,专属爱情,2026-07-07 19:30:01,77,862783,9989,166.5,是 / Yes,Family & Ethics、Redemption、Family Feud,家庭与道德、赎回、家庭恩怨,"Unloved and framed for a fake kidnapping by her sister, wealthy heiress Iris Vivian disowned her cruel family, only to be showered with exclusive, healing love by Sebastian Adrian, who had quietly been her lifelong light all along.",,否 / No,,https://www.tiktok.com/@shortdramatime
shortdramatime,ShortDramaTime,ShortDramaTime,41,ID 7661334541478466577,I Just Want to Love You,我只想爱你,2026-07-12 11:31:09,66,795018,5913,98.5,是 / Yes,Love After Divorce、Love Triangle、Family Feud,离婚后的爱情、三角恋、家庭恩怨,"After a six-year relationship,Sophia Renford leaves calmly with breakup money. Her ex arrogantly waits for her return, only to end up begging for her love, while she finally belongs to someone else.",,否 / No,,https://www.tiktok.com/@shortdramatime
shortdramatime,ShortDramaTime,ShortDramaTime,42,ID 7658347668426724372,Never Forget My Goodbye,永远不要忘记我的再见,2026-07-07 10:20:38,71,350436,6077,101.3,是 / Yes,Romantic Complications、City,浪漫并发症、城市,"When Mia Scott is diagnosed with terminal cancer, she makes the heart-wrenching decision to leave the love of her life, Jasper Hart, to spare him the pain of watching her suffer. A year later, Jasper has risen to become the New Tech Darling. During a live financial interview, when asked who he’s most grateful for, he answers without hesitation: his ex-girlfriend Mia Scott. What he doesn’t know is that across the city, a video Mia recorded before her death is being broadcast for the world to see.",,否 / No,,https://www.tiktok.com/@shortdramatime
shortdramatime,ShortDramaTime,ShortDramaTime,43,ID 7655327564499571720,The Mask of a Model Wife,模范妻子的面具,2026-07-07 19:30:01,54,491598,5907,98.5,是 / Yes,Mother- & Daughter-in-Law、Married Life、Family Feud,婆婆和儿媳妇、婚姻生活、家庭恩怨,"The seemingly devoted wife hides a dark secret: she cheats her husband, mistreats her mother-in-law, and plots to steal her husband’s fortune. Finally, the husband fights back fiercely, exposing her hypocrisy and forcing them to face their comeuppance.",,否 / No,,https://www.tiktok.com/@shortdramatime
shortdramatime,ShortDramaTime,ShortDramaTime,44,ID 7661311418734072852,The Heiress Strikes Back,女继承人的反击,2026-07-12 08:00:01,70,348336,7036,117.3,是 / Yes,Family Feud、Lost Child、Revenge,家庭恩怨、丢失的孩子、复仇,"Manipulated Nora avenges her wronged birth mother Grace with lover Aiden’s help; Grace marries billionaire Gordon, and the greedy Stanton family collapses, with Leo betrayed by his mother and arrested fleeing overseas.",,否 / No,,https://www.tiktok.com/@shortdramatime
shortdramatime,ShortDramaTime,ShortDramaTime,45,ID 7658010125034247184,A Belated Confession,迟来的忏悔,2026-07-03 14:35:39,70,1126612,7937,132.3,是 / Yes,Reconciliation、Romantic Complications、Family Feud,和解、浪漫并发症、家庭恩怨,"Chloe Hale looks identical to Alex Wilson’s long-lost first love Eva. After a one-night stand, she enters a contract marriage with him to pay for her mom’s medical bills. Tormented by schemes at Wilson Group, cold-hearted Alex slowly falls for her and secretly protects her. The shocking truth hits—Chloe IS Eva. When her lost memories return, Alex makes up for every regret with a dream wedding, and they finally get their happy ending.",,否 / No,,https://www.tiktok.com/@shortdramatime
shortdramatime,ShortDramaTime,ShortDramaTime,46,ID 7661312670682977281,"Too Late for Regret, Madam CEO",首席执行官女士，后悔已晚,2026-07-13 08:00:02,75,325748,7543,125.7,是 / Yes,Married Life、Family Feud、Reconciliation,婚姻生活、家庭恩怨、和解,"The male lead has been married to the female lead for five years. Before marriage, the female lead swore that she would suffer from a fatal illness if she betrayed him. Later, the male lead found that the second male lead, his wife’s assistant, tested positive for a serious disease and caught them being intimate in the office. The second male lead framed the hero on purpose. Blinded by partiality, the female lead defended the assistant and made irreparable mistakes. Disappointed thoroughly, the male lead secretly finalized the divorce. At an auction, the female lead snatched and smashed the sp",,是 / Yes,,https://www.tiktok.com/@shortdramatime
shortdramatime,ShortDramaTime,ShortDramaTime,47,ID 7658008199349785620,The Billionaire I Mistook for a Driver,我误认为是司机的亿万富翁,2026-07-07 12:30:24,65,792942,7534,125.6,是 / Yes,Family Feud、Romantic Complications、Love After Marriage,家庭恩怨、浪漫并发症、婚后的爱情,"Sparks fly and secrets unravel when a quick-witted single mom accidentally marries a billionaire CEO she thinks is a chauffeur; alongside her adorable daughter, they outwit her toxic ex and turn a fake contract marriage into a real, loving family.",,否 / No,,https://www.tiktok.com/@shortdramatime
shortdramatime,ShortDramaTime,ShortDramaTime,48,ID 7658351591417992193,The Spoiled Boss Alex's Sweet Pursuit of His Wife,被宠坏的老板亚历克斯对妻子的甜蜜追求,2026-07-06 08:00:00,91,846424,10486,174.8,是 / Yes,Mistaken Identities、Family Feud、Love After Divorce,错误的身份、家庭恩怨、离婚后的爱情,"Lyra, whose family went bankrupt, broke up with Alex so as not to burden him as he was about to go abroad. After returning home, Alex, still deeply in love with Lyra, married her, but he always believed she had abandoned him for money. Lyra tried several times after the marriage to explain that the supposedly wealthy heir was actually her brother, but Alex interrupted her each time, ending in failure. It wasn't until his grandmother was on her deathbed that Alex finally learned the truth.",,否 / No,,https://www.tiktok.com/@shortdramatime
shortdramatime,ShortDramaTime,ShortDramaTime,49,ID 7658102052450767890,The Contract Wife's Million Countdown,契约妻的百万倒计时,2026-07-03 09:09:41,29,2970743,1671,27.9,是 / Yes,Contract Lovers、Forced Love、Family Feud,合约爱好者、强迫的爱、家庭恩怨,"""Forced into a contract marriage with a cold and ruthless billionaire to save her mother, a small-town girl discovers she has only 30 days to live and finally fights back—only to uncover a long-forgotten childhood bond that ties their destinies together.""",,否 / No,,https://www.tiktok.com/@shortdramatime
shortdramatime,ShortDramaTime,ShortDramaTime,50,ID 7661311413759890452,The Heiress Sees Through,女继承人看透,2026-07-12 08:00:01,50,329121,6463,107.7,是 / Yes,Revenge、Family Feud、Mistaken Identities,复仇、家庭恩怨、错误的身份,"A rising business star discovers his partner conspired with others to steal his company’s assets, secretly gathers proof to expose their scheme, sends them to face legal punishment, rebuilds his business and moves on after cutting off the toxic relationship.",,否 / No,,https://www.tiktok.com/@shortdramatime
shortdramatime,ShortDramaTime,ShortDramaTime,51,ID 7650781640062735381,Doting Boss and His Sweet Bride,溺爱的老板和他甜蜜的新娘,2026-06-26 12:30:01,58,19124967,4276,71.3,是 / Yes,Married Life、Family Feud、Love After Marriage,婚姻生活、家庭恩怨、婚后的爱情,"Betrayed by her fiancé, she enters a whirlwind marriage with a mysterious stranger. Thinking he is unemployed, she vows to support him, unaware he is actually a powerful billionaire hiding his identity. When her enemies plot against her, he reveals his true power to save her. Will their love survive the truth behind his hidden empire?",,否 / No,,https://www.tiktok.com/@shortdramatime
shortdramatime,ShortDramaTime,ShortDramaTime,52,ID 7652698874427462674,Drowning in the deep,溺水于深渊,2026-06-30 16:30:00,85,23713612,6921,115.3,是 / Yes,Revenge、Family Feud、Reconciliation,复仇、家庭恩怨、和解,"To exact revenge, Damien Sterling pretends to pursue Sienna Hale, who gives him her whole heart for five years — only to discover at a party that she has been nothing but a pawn in his scheme. Heartbroken, she plans to leave for London, while Damien, to dodge family pressure, falsely gets engaged to his childhood friend Sutton Reeves. By the time he realizes his true feelings and desperately tries to win her back, Sienna has already grown close to Adrian Whitmore, forcing Damien to finally understand the meaning of love and step out of the abyss that once consumed him.",,否 / No,,https://www.tiktok.com/@shortdramatime
shortdramatime,ShortDramaTime,ShortDramaTime,53,ID 7655317390569509896,So You Love Me,所以你爱我,2026-06-26 08:00:00,87,807644,5703,95.0,是 / Yes,Reconciliation、Family Feud、Romantic Complications,和解、家庭恩怨、浪漫并发症,"A wealthy girl once helped a poor young man, who kept the kindness in mind for a decade. Years later, their fates reversed. They crossed paths again but failed to recognize each other. When the truth came out and he tried to make amends, an accident tore them apart once more.",,否 / No,,https://www.tiktok.com/@shortdramatime
shortdramatime,ShortDramaTime,ShortDramaTime,54,ID 7655317281664439304,Mistaken Flash Marriage,错误的闪婚,2026-06-26 08:00:00,65,1912647,6532,108.9,是 / Yes,Love After Marriage、Family Feud、Married Life,婚后的爱情、家庭恩怨、婚姻生活,"Flash-married to a stranger whose face she never saw, Celeste unknowingly becomes her secret billionaire husband’s assistant, igniting a fiery office romance. After surviving endless framing and drama, they meet at the registry office to finalize their divorce—only to discover they’ve been madly in love with each other all along.",,否 / No,,https://www.tiktok.com/@shortdramatime
shortdramatime,ShortDramaTime,ShortDramaTime,55,ID 7655317323544417287,The Lucky Sweet Wife in a Secret Marriage,秘密婚姻中幸运的甜蜜妻子,2026-06-26 08:00:02,65,5846398,7645,127.4,是 / Yes,Married Life、Love After Marriage、Family Feud,婚姻生活、婚后的爱情、家庭恩怨,"A young woman has a whirlwind marriage to a wealthy heir. While interning at his family’s firm, she faces bullying and framing from a jealous rival. Gradually winning over her new stepchild with kindness and talent, she clears up misunderstandings with her husband and uncovers a shocking family secret, leading to a happy ending.",,否 / No,,https://www.tiktok.com/@shortdramatime
shortdramatime,ShortDramaTime,ShortDramaTime,56,ID 7655317564390151176,Don't Exit the Car Without Opening Window,不打开窗户就不要下车,2026-06-26 08:00:01,59,776190,5231,87.2,是 / Yes,Lost Child、Family & Ethics、City,丢失的孩子、家庭与道德、城市,"This realistic tragic short drama depicts family betrayal and kinship redemption, while warning of the danger of locking people in overheated cars. It follows Lynn, her parents and the third party Sophie.",,否 / No,,https://www.tiktok.com/@shortdramatime
shortdramatime,ShortDramaTime,ShortDramaTime,57,ID 7652698877245608978,"Sweet Lies, Deadly Trap",甜蜜的谎言，致命的陷阱,2026-06-29 12:30:00,59,4963597,7996,133.3,是 / Yes,City、Love Triangle、Married Life,城市、三角恋、婚姻生活,"Driven by insatiable ambition and reckless greed, Ethan Vance, a brilliant but ruthless private hospital executive, stops at nothing to climb the corporate ladder. He manipulates, exploits, and betrays the women in his life, treating them as mere stepping stones for his meteoric rise to power. However, his web of deceit unravels when his newlywed wife, Sophia, discovers his ultimate betrayal. Turning the tables, Sophia secretly allies with Ethan’s meticulous sister, Emily, and his former mistress, Vivian. Together, the trio of scorned women orchestrate a flawless, high-stakes insurance and cor",,是 / Yes,,https://www.tiktok.com/@shortdramatime
shortdramatime,ShortDramaTime,ShortDramaTime,58,ID 7650781630864725013,Fragments of Memory,记忆碎片,2026-06-27 10:30:00,50,843800,4383,73.0,是 / Yes,dark romance、Mystery、Family Feud,黑暗浪漫、神秘、家庭恩怨,"After losing her memory, she finds her ""husband"" is a total stranger hiding dark secrets. Suspicious drugs and altered photos prove her life is a carefully crafted lie. With everyone around her deceiving her, she must piece together fragments of the past. Is the man beside her a protector, or a monster who stole her life? Will she find her way back to her true love?",,否 / No,,https://www.tiktok.com/@shortdramatime
shortdramatime,ShortDramaTime,ShortDramaTime,59,ID 7652245326418695188,The Magic Princess Returns with the Crown,魔法公主带着王冠归来,2026-06-29 16:30:00,40,4914513,3672,61.2,是 / Yes,Mistaken Identities、Palace/Mansion Intrigue、Royal Palace,错误的身份、宫殿/豪宅阴谋、皇宫,"For seven years, Princess Elara hid in a small town as a red-caped healer, betrayed and abandoned by the husband she saved. Reunited with her king father, she uncovers palace conspiracies, a vengeful knight’s deception, and a decades-old royal blood feud, rising from a humiliated wife to the saving queen of her kingdom.",,否 / No,,https://www.tiktok.com/@shortdramatime
shortdramatime,ShortDramaTime,ShortDramaTime,60,ID 7655317304087122962,Destined Contractual Love,命中注定的契约爱情,2026-06-26 08:00:01,79,2756170,6644,110.7,是 / Yes,Married Life、Family Feud、Contract Lovers,婚姻生活、家庭恩怨、合约爱好者,"Macy Drew enters a flash marriage with Fortino Sterling, who hides his true identity. The tyrannical boss she constantly complains about turns out to be her own husband. They weather numerous crises—interference from his ex-girlfriend, scheming family members, stolen design drafts, and even a kidnapping incident—growing deeply attached to each other through every trial. Fortino tears up their marriage contract and proposes to her, turning their contractual union into genuine love, and the two live happily ever after.",,否 / No,,https://www.tiktok.com/@shortdramatime
shortdramatime,ShortDramaTime,ShortDramaTime,61,ID 7652240174818513938,The Inner Voice of the Cannon Fodder,炮灰的内心声音,2026-06-28 12:30:01,87,4794909,7091,118.2,是 / Yes,Married Life、Love Triangle、Family Feud,婚姻生活、三角恋、家庭恩怨,"Modern-day girl Stella is transported into a novel as a foolish, disposable side character who kills herself for love.",,否 / No,,https://www.tiktok.com/@shortdramatime
shortdramatime,ShortDramaTime,ShortDramaTime,62,ID 7655332629453427720,The One I Love Hurts Me The Most,我爱的人伤我最深,2026-06-26 08:00:02,66,844002,6340,105.7,是 / Yes,Betrayal、City,背叛、城市,"Elowen has developed a Quantum AI that will usher in a new era, but she was robbed of her achievements by Shirley, the general Manager of the research and development department of the Quantum Company, on the day of the press conference.Elowen was expelled from the venue without a defense, and on the way home, she was framed by Shirley and her fiancé Hayden, causing a sudden change in her life. Elowen was reborn and returned to the day before the Quantum AI conference. With the hatred of her previous life, she was determined to make the traitors pay a heavy price.",,否 / No,,https://www.tiktok.com/@shortdramatime
shortdramatime,ShortDramaTime,ShortDramaTime,63,ID 7655332650143683592,"My Husband, theAmnesiac Wolf",我的丈夫失忆狼,2026-06-26 08:00:02,67,57445290,6137,102.3,是 / Yes,Family Feud、Reconciliation、Married Life,家庭恩怨、和解、婚姻生活,"Trapped in a loveless marriage for three years, she was treated as a prisoner by her cruel husband. After a car accident, he loses his memory and develops the primal instincts of a loyal wolf, obeying her every command. She seizes the chance for revenge, only to uncover his tragic secrets. Can their broken hearts find healing together?",,否 / No,,https://www.tiktok.com/@shortdramatime
shortdramatime,ShortDramaTime,ShortDramaTime,64,ID 7655317378259227666,MY CROWN I WEAR MYSELF,我的王冠我自己戴,2026-06-26 08:00:01,70,1174870,5797,96.6,是 / Yes,Revenge、Family Feud,复仇、家庭恩怨,"The wealthy heiress married a poor man she loved,but to be abandoned when she lost her baby and was left paralyzed in a car crash.With the help of her father ,she decided to revenge ang find back her dignity as a top-tier heiress.",,否 / No,,https://www.tiktok.com/@shortdramatime
shortdramatime,ShortDramaTime,ShortDramaTime,65,ID 7655317438027830280,"The True Heiress Is Done Pretending, and Her Family Regrets It to the Core",真正的女继承人已经不再装了，她的家人后悔极了,2026-06-26 08:00:00,83,3043507,8680,144.7,是 / Yes,Childhood Sweethearts、Real/Fake Heir/Heiress、Family Feud,青梅竹马、真/假继承人/女继承人、家庭恩怨,"A policewoman reincarnates as the wronged real daughter, avenges herself, uncovers her past death’s truth, and is fiercely pursued by her childhood lover.",,否 / No,,https://www.tiktok.com/@shortdramatime
shortdramatime,ShortDramaTime,ShortDramaTime,66,ID 7650781631661839380,Claimed by the Vampire Duke,被吸血鬼公爵认领,2026-07-02 12:30:01,30,780820,2113,35.2,是 / Yes,Vampire、Contract Lovers、Romantic Complications,吸血鬼、合约爱好者、浪漫并发症,A human girl becomes the hunted blood source that could either save a vampire duke’s house—or tear it apart.,,否 / No,,https://www.tiktok.com/@shortdramatime
shortdramatime,ShortDramaTime,ShortDramaTime,67,ID 7650745553982493714,My King Boss is a Hidden Legend,我的王老大是隐藏的传奇,2026-06-27 12:30:02,72,822652,7327,122.1,是 / Yes,City、Sudden Wealth,城市、暴富,"An entrepreneur on the brink of bankruptcy unexpectedly gains a system that returns ten times whatever he spends on his employees. To keep his last six staff members from leaving, he poses as a wealthy heir and showers them with money—only to accidentally lead his team to a stunning comeback, crush his ex-girlfriend's scheming family, and transform his dying company into a business success story.",,否 / No,,https://www.tiktok.com/@shortdramatime
shortdramatime,ShortDramaTime,ShortDramaTime,68,ID 7652240169399178258,The Young Lady Stops Pretending,年轻女士停止伪装,2026-06-28 10:30:00,83,1859132,7735,128.9,是 / Yes,Married Life、Mistaken Identities、Family Feud,婚姻生活、错误的身份、家庭恩怨,"Three years ago, Elena Sterling, the young lady of the Sterling family, accidentally fell into the water and was rescued by the head of the Vanderbilt family. To repay the kindness, she deliberately concealed her identity as the daughter of the richest man and married his son, Alexander Vanderbilt. Secretly, she silently supported Alexander’s career—she even devoted the Sterling family’s resources to secure a 100-billion-yuan contract for the Vanderbilt family.",,否 / No,,https://www.tiktok.com/@shortdramatime
shortdramatime,ShortDramaTime,ShortDramaTime,69,ID 7649748055037793301,My Dog Does My Job,我的狗做我的工作,2026-06-26 08:30:00,40,774685,2999,50.0,是 / Yes,Workplace、Superior and Inferior、Body Swaps,职场、强弱逆袭、身体交换,"An overworked office worker and her loyal Border Collie accidentally swap souls after a lightning strike, turning a toxic workplace upside down as a dog trapped in a human body takes on office politics with pure canine instinct.",,否 / No,,https://www.tiktok.com/@shortdramatime
shortdramatime,ShortDramaTime,ShortDramaTime,70,ID 7652240170023932946,"Blinded by Love, Burned by Revenge",被爱蒙蔽双眼，被复仇灼伤,2026-07-01 13:30:01,39,1320178,3333,55.5,是 / Yes,Redemption、Revenge、Challenge/Quests in Game,赎回、复仇、游戏中的挑战/任务,"After being confined by wealthy tycoon Victor for five years, Evelyn discovers she is merely a spare cornea donor for his beloved Chloe, who suffered eye cancer. Facing a 12-hour countdown to forced eye removal and learning Victor orchestrated her family’s bankruptcy and parents’ fatal car crash, she fakes her death to escape. Three years later, rebranded as powerful Aurora Capital executive Scarlett, she returns to seize corporate control, drive a wedge between Victor and Chloe, and gathers damning evidence. At their lavish live-streamed wedding, she exposes Victor’s murder schemes, sending h",,是 / Yes,,https://www.tiktok.com/@shortdramatime
shortdramatime,ShortDramaTime,ShortDramaTime,71,ID 7655317506655884296,Provoking Rose,挑衅玫瑰,2026-06-26 08:00:01,65,817956,7011,116.8,是 / Yes,Family Feud、Romantic Complications、Reconciliation,家庭恩怨、浪漫并发症、和解,"After 18 years of being treated as a fake heiress, Rose is unceremoniously dumped in a 'poor slum' when the real daughter returns. But the ultimate plot twist? That slum is actually the country’s most exclusive billionaire enclave! Overnight, she goes from a discarded elite fake to the true princess of the ultimate billionaire family. With her doting biological parents spoiling her rotten, her only problem is her arrogant ex-fiancé—who dumped her, only to come crawling back and obsessively chase her down.",,否 / No,,https://www.tiktok.com/@shortdramatime
shortdramatime,ShortDramaTime,ShortDramaTime,72,ID 7652245324001809428,A Brave Mother's Redemption,勇敢母亲的救赎,2026-06-27 14:30:01,71,810358,6349,105.8,是 / Yes,Reconciliation、Revenge、Family Feud,和解、复仇、家庭恩怨,"After giving birth, Emma becomes a wet nurse for the wealthy family in a desperate attempt to rescue her daughter from her abusive in-laws, only to reunite with Mr. Mason, the powerful CEO who has secretly loved her for years. As she faces family betrayal, dangerous schemes, and a long-buried past, Emma must fight to reclaim her child, rediscover her dreams, and uncover the truth that has been hidden for years.",,否 / No,,https://www.tiktok.com/@shortdramatime
shortdramatime,ShortDramaTime,ShortDramaTime,73,ID 7652240168929416210,Stealthy Coaxing,隐秘的哄骗,2026-06-30 17:00:02,61,2052320,6481,108.0,是 / Yes,Family Feud、Love After Marriage、Married Life,家庭恩怨、婚后的爱情、婚姻生活,"To escape an arranged marriage, she impulsively marries a man she kisses, only to find he is the city's richest man. Bullied by family and villains during pregnancy, and targeted by colleagues at his company, she overcomes crises with her grit and his protection, growing closer.",,否 / No,,https://www.tiktok.com/@shortdramatime
shortdramatime,ShortDramaTime,ShortDramaTime,74,ID 7655317275175605266,The Playboy's Daily Confession,花花公子的每日自白,2026-06-26 08:00:01,76,766223,9609,160.2,是 / Yes,Married Life、Family Feud、Contract Lovers,婚姻生活、家庭恩怨、合约爱好者,"After a betrayal and a car crash, Evelyn Walker is transformed into a powerhouse corporate VP by a wealthy matriarch, only to catch the eye of the family’s notorious playboy heir. Pushed into marriage by his matchmaking grandmother, the unlikely duo embarks on a wildly chaotic and spark-flying life together.",,否 / No,,https://www.tiktok.com/@shortdramatime
shortdramatime,ShortDramaTime,ShortDramaTime,75,ID 7655317368159081479,A Requiem for My Remaining Days,我余下日子的安魂曲,2026-06-26 08:00:00,60,797808,6545,109.1,是 / Yes,Love After Divorce、Reconciliation、Family Feud,离婚后的爱情、和解、家庭恩怨,"For five years, Damien Crawford has blamed Lyra Ashford for his sister Chloe's death — imprisoning her, tormenting her, never knowing that Lyra secretly gave him her own kidney to save his life. But when the truth finally comes out on the day of his engagement, Lyra has only seven days left to live, and the woman who stole credit for her sacrifice is demanding her last remaining kidney.",,否 / No,,https://www.tiktok.com/@shortdramatime
shortdramatime,ShortDramaTime,ShortDramaTime,76,ID 7652698874998232072,The CEO's Contract Wife,总裁的契约妻,2026-06-28 16:30:02,57,14321623,5648,94.1,是 / Yes,Married Life、Family Feud、Reconciliation,婚姻生活、家庭恩怨、和解,"Ordinary girl Gu Xixi and CEO Yin Sichen have a contract marriage after an accidental night and pregnancy. They overcome hardships, fall in love and live happily with their baby.",,否 / No,,https://www.tiktok.com/@shortdramatime
shortdramatime,ShortDramaTime,ShortDramaTime,77,ID 7655317363663393799,Incurable,不治之症,2026-06-26 08:00:00,61,420948,5785,96.4,是 / Yes,Reconciliation、Forced Love、Family Feud,和解、强迫的爱、家庭恩怨,"A dramatic love story full of twists: the heroine flees her controlling partner and tries to restart her life, yet his sudden return leads to tangled bonds where they become each other’s only cure.",,否 / No,,https://www.tiktok.com/@shortdramatime
shortdramatime,ShortDramaTime,ShortDramaTime,78,ID 7655317280628413448,Killed by My Son s New Wife Now I m Back,被我儿子的新婚妻子杀死，现在我回来了,2026-06-26 08:00:00,80,818207,6338,105.6,是 / Yes,Family Feud、Lost Child、Family & Ethics,家庭恩怨、丢失的孩子、家庭与道德,"A wealthy patriarch is murdered by his son's mistress and dies knowing he wronged his virtuous daughter-in-law. Reborn three years earlier, he stands by her side. He exposes the mistress's fake pregnancy, stops his son's cruelty, and gives the family fortune to the woman who truly belongs. As conspiracies unravel, the truth shatters his son's delusions. Though some wounds never heal, the patriarch redeems his legacy and protects the family line he almost destroyed.",,否 / No,,https://www.tiktok.com/@shortdramatime
shortdramatime,ShortDramaTime,ShortDramaTime,79,ID 7656612737032180757,His Misjudged Pregnant Bride.,他误判了怀孕的新娘。,2026-06-29 08:50:00,41,6650275,3340,55.7,是 / Yes,Redemption、Love After Divorce、Family Feud,赎回、离婚后的爱情、家庭恩怨,"An unexpected pregnancy led to misunderstandings. After the truth came to light, the wealthy heir fell for her and wholeheartedly protected her and the unborn twins. Plagued by schemes and family troubles, the young woman left in despair. Bound together through life-or-death moments, all rifts were mended. They finally stayed together, finding redemption and true love in each other.",,否 / No,,https://www.tiktok.com/@shortdramatime
shortdramatime,ShortDramaTime,ShortDramaTime,80,ID 7655875693510906901,He Shines Like The Galaxy,他像银河一样闪耀,2026-06-27 09:09:11,61,854738,7970,132.8,是 / Yes,Family Feud、Married Life、Love After Marriage,家庭恩怨、婚姻生活、婚后的爱情,"On their marriage registration day, the heroine waited nine times for her fiancé, who was busy proposing to his first love. She broke up with him, married a wealthy man on impulse, and later found she was his long-lost beloved.",,否 / No,,https://www.tiktok.com/@shortdramatime
shortdramatime,ShortDramaTime,ShortDramaTime,81,ID 7655317565606564871,When Clouds Clear Love's Moon Appears,当云开雾散时，爱的月亮出现,2026-06-26 08:00:00,73,1098765,7678,128.0,是 / Yes,Workplace、Love After Marriage、Married Life,职场、婚后的爱情、婚姻生活,"Three years ago, Luna Sam agreed to a flash marriage with a mysterious CEO to save her father from debt. After the wedding, her husband went abroad, and they remained strangers for three years. Three years later, Luna Sam joined a law firm, and her new boss turned out to be the very CEO who had just returned. They worked closely together; he admired her competence, unaware that she was his nominal wife. It was only when he called his wife and noticed his assistant's phone ring at the same time that the couple—the closest of strangers—finally recognized each other.",,否 / No,,https://www.tiktok.com/@shortdramatime
shortdramatime,ShortDramaTime,ShortDramaTime,82,ID 7655317486619120647,The Billionaire CEO Dotes on His Stand-In Wife,亿万富翁首席执行官宠爱他的替身妻子,2026-06-26 08:00:01,101,2910382,8281,138.0,是 / Yes,Married Life、Mistaken Identities、Family Feud,婚姻生活、错误的身份、家庭恩怨,"：A country girl with scars substitutes for her sister, marrying the most powerful man. By day, she’s a humble maid; by night, she removes her scars, revealing a stunning face, acting as the billionaire’s stand-in wife. When the secret leaks, socialites wait for her downfall—but instead, she lives a overpowered life: perfumery, medicine, dazzling everyone. The CEO becomes a wife-slave, cherishing her: ""Mine—don’t touch!""",,否 / No,,https://www.tiktok.com/@shortdramatime
shortdramatime,ShortDramaTime,ShortDramaTime,83,ID 7650776469198689297,The Spoiled Wife Has All the Luck,被宠坏的妻子运气很好,2026-07-02 16:30:01,66,1509493,8153,135.9,是 / Yes,Love After Marriage、Romantic Complications、City,婚后的爱情、浪漫并发症、城市,"After a wild one-night stand, she enters a flash marriage with a stranger—who turns out to be a powerful billionaire! When a jealous rival tries to ruin her career, her protective CEO husband steps in to crush the haters and help her conquer it all.",,否 / No,,https://www.tiktok.com/@shortdramatime
shortdramatime,ShortDramaTime,ShortDramaTime,84,ID 7652698875539264519,Reborn from the Cell Reclaiming My Crown,从细胞中重生夺回我的王冠,2026-06-30 17:30:01,60,6272560,7518,125.3,是 / Yes,Family Feud、Real/Fake Heir/Heiress、Mistaken Identities,家庭恩怨、真/假继承人/女继承人、错误的身份,"Seraphina Miller, the true heiress of the wealthy Sterling family, is framed for a murder committed by the fake heiress and forced by her own biological parents to serve three years in prison. Upon her release, she vows revenge and crashes the fake heiress's extravagant birthday party to reclaim her identity.",,否 / No,,https://www.tiktok.com/@shortdramatime
shortdramatime,ShortDramaTime,ShortDramaTime,85,ID 7655317517828920338,"Attorney Quinn, Vivi Likes You",奎因律师，薇薇喜欢你,2026-06-26 08:00:02,65,497696,6400,106.7,是 / Yes,City、Childhood Sweethearts、Courtroom Drama,城市、青梅竹马、法庭剧,"Forced by her corrupt agency to entertain powerful investors, a stunning, self-made top actress risks everything to escape the dark side of showbiz. Threatened and cornered, she reunites with her childhood crush—now a powerhouse lawyer who steps into the spotlight to shield her and destroy her oppressors.",,否 / No,,https://www.tiktok.com/@shortdramatime
shortdramatime,ShortDramaTime,ShortDramaTime,86,ID 7655332602496865298,The End Of Mother,母亲的终结,2026-06-26 08:00:02,67,1628352,5097,85.0,是 / Yes,Fantasy、Lost Child、Body Swaps,奇幻、丢失的孩子、身体交换,"After unexpectedly waking up in her daughter's body, a mother uncovers the horrific truth of her child's suffering and orchestrates a chilling, meticulous revenge.",,否 / No,,https://www.tiktok.com/@shortdramatime
shortdramatime,ShortDramaTime,ShortDramaTime,87,ID 7650745563394774034,His Fangs Found the Wrong Boy,他的獠牙找错了男孩,2026-07-02 08:30:01,30,807419,3725,62.1,是 / Yes,Revenge、Love Triangle、Vampire,复仇、三角恋、吸血鬼,"To avenge her slaughtered family, a hidden vampire queen disguises herself as a boy to infiltrate an elite all-boys academy. But when the ruthless campus captain and her loyal childhood bestie both discover her secret, survival becomes a deadly game of obsession and revenge.""",,否 / No,,https://www.tiktok.com/@shortdramatime
shortdramatime,ShortDramaTime,ShortDramaTime,88,ID 7652245326481462293,Don't Cheat in My Luxury Car,不要在我的豪华车上作弊,2026-06-27 12:30:02,52,1377619,4256,70.9,是 / Yes,Family Feud、Revenge、Mistaken Identities,家庭恩怨、复仇、错误的身份,"After catching her cheating husband gifting her own luxury car and black card to his toxic mistress, billionaire CEO Sophia hides her identity to plot the ultimate revenge. She exposes their sinister crimes, sends the duo to jail, and serves up the ultimate lesson in instant regret.",,否 / No,,https://www.tiktok.com/@shortdramatime
shortdramatime,ShortDramaTime,ShortDramaTime,89,ID 7650740401636217872,"Don't Mess With the Bride, She's the Real Boss",别惹新娘，她才是真正的老板,2026-06-28 08:30:00,30,878469,1900,31.7,是 / Yes,Revenge、Family Feud、Contract Lovers,复仇、家庭恩怨、合约爱好者,"A world-renowned wedding planner returns to marry her longtime fiancé, only to discover he is marrying another woman; teaming up with a disgraced billionaire heir in a fake relationship, she exposes a web of betrayal and corruption, turning their fake love into the real thing.",,否 / No,,https://www.tiktok.com/@shortdramatime
shortdramatime,ShortDramaTime,ShortDramaTime,90,ID 7652245326075106324,My Scumbag Dad Hooked Up with My Ex — in a Dress,我的人渣爸爸和我的前男友勾搭上了——穿着裙子,2026-06-28 12:30:01,40,379603,2293,38.2,是 / Yes,Betrayal、City、Lost Child,背叛、城市、丢失的孩子,"Reborn on the day of her murder, Summer outsmarts her greedy father Howard and vengeful ex Derek—exposing their schemes, dismantling an underground gambling ring, and freeing her mother—until three years later, she walks away from a broken Derek without mercy, finally leaving the past behind.",,否 / No,,https://www.tiktok.com/@shortdramatime
shortdramatime,ShortDramaTime,ShortDramaTime,91,ID 7652240169814348818,"When the daughter returned, her ex-husband couldn't climb high",女儿回来，前夫爬不高,2026-06-28 14:30:00,72,14727186,7557,126.0,是 / Yes,Family Feud、Reconciliation、Love After Divorce,家庭恩怨、和解、离婚后的爱情,"Elias Grayson and Charlotte Miller were separated in childhood and exchanged keepsakes with each other. After growing up, they got married but failed to recognize one another. Manipulated by others, Elias Grayson treated Charlotte Miller cruelly. When Charlotte Miller fell into utter despair, she discovered her true identity as Iris Sylvester, the heiress of a prestigious clan, and began to fight back fiercely. It was then that Elias Grayson realized Charlotte Miller was his long-cherished white moonlight. He spared no effort to atone for his mistakes and win her back, and finally regained his",,是 / Yes,,https://www.tiktok.com/@shortdramatime
shortdramatime,ShortDramaTime,ShortDramaTime,92,ID 7655332621773181959,"Oops, I Caught Feelings",哎呀，我感受到了感情,2026-06-26 08:00:00,75,12835726,7677,128.0,是 / Yes,Contract Lovers、Married Life、Family Feud,合约爱好者、婚姻生活、家庭恩怨,"After dumping her cheating fiancé, Chloe Quinn gains a wealthy contract husband. She plays along with his chaotic wealthy antics, only to end up winning his sincere love unexpectedly.",,否 / No,,https://www.tiktok.com/@shortdramatime
shortdramatime,ShortDramaTime,ShortDramaTime,93,ID 7655317295501382664,Falling for the Tutor,爱上导师,2026-06-26 08:00:00,99,5105620,11186,186.4,是 / Yes,Enemies to Lovers、Romantic Complications、Family Feud,从敌人到恋人、浪漫并发症、家庭恩怨,"To gain a foothold in Alexander Sterling, Claire Bennett applies for a tutor position with the family. Using her wit, intelligence and courage, she wins over Leo Sterling, who is resistant to having a tutor. She and Alexander Sterling start off at loggerheads, yet gradually develop romantic feelings for each other.",,否 / No,,https://www.tiktok.com/@shortdramatime
shortdramatime,ShortDramaTime,ShortDramaTime,94,ID 7655327525618373650,The Fire Between Us,我们之间的火焰,2026-06-26 08:00:01,66,9187275,7267,121.1,是 / Yes,Contract Lovers、Married Life、Family Feud,合约爱好者、婚姻生活、家庭恩怨,"What started as a cold marriage of convenience slowly turns into something real — until Scarlett Fontaine discovers she's pregnant and Dominic Westbrook's first love returns, bringing the truth about a three-year-old fire that could either destroy them or finally set them free.",,否 / No,,https://www.tiktok.com/@shortdramatime
shortdramatime,ShortDramaTime,ShortDramaTime,95,ID 7655332647727633416,Sweet Wife Steals My Heart,甜蜜的妻子偷走了我的心,2026-06-26 08:00:00,81,1547404,6916,115.3,是 / Yes,Family Feud、Married Life、Contract Lovers,家庭恩怨、婚姻生活、合约爱好者,"Agent Shian accidentally acquires the power of invisibility while stealing Eason’s ancestral sapphire. To get the lost sapphire back, she agrees to harsh terms and becomes Eason’s contract wife. On the night of their wedding ceremony, she uses her invisibility to sneak in and steal the gem. The invisibility power nearly leaves her completely naked in front of all the guests, but Eason saves her just in time. The close call almost gives away her identity as a secret agent.",,否 / No,,https://www.tiktok.com/@shortdramatime
shortdramatime,ShortDramaTime,ShortDramaTime,96,ID 7652240171731178503,Flash Marriage With My Savior,与我的救主闪婚,2026-06-28 08:30:02,79,45633967,6380,106.3,是 / Yes,Family Feud、Love After Marriage、Married Life,家庭恩怨、婚后的爱情、婚姻生活,"Five years ago, the heroine accidentally saved the hero in trouble. Six years later, when forced into marriage by her family, she reunites with the hero who has been searching for her for years. After they marry by chance, the hero secretly helps her deal with her ungrateful best friend, the snobbish mother, and the persistent blind date.",,否 / No,,https://www.tiktok.com/@shortdramatime
shortdramatime,ShortDramaTime,ShortDramaTime,97,ID 7652698882383680520,The Billion Dollar Bride,十亿美元的新娘,2026-06-29 16:30:01,68,5915059,6608,110.1,是 / Yes,Real/Fake Heir/Heiress、Mistaken Identities、Family Feud,真/假继承人/女继承人、错误的身份、家庭恩怨,"She lived as a nobody, married to a billionaire who knew her secret all along. When the most powerful family in the nation comes to claim their lost princess, the woman who stole her identity will lose everything.",,否 / No,,https://www.tiktok.com/@shortdramatime
shortdramatime,ShortDramaTime,ShortDramaTime,98,ID 7655317261376492552,I Announced Our Divorce at My Husband’s Birthday Banquet,我在丈夫的生日宴会上宣布离婚,2026-06-26 08:00:00,70,338696,7261,121.0,是 / Yes,Revenge、Family Feud,复仇、家庭恩怨,"After discovering her husband's 25-year secret affair and being called a ""glorified maid"" by her own son, a devoted housewife unleashes the ultimate revenge. At his lavish 60th birthday gala, she publicly exposes the cheaters, strips her ex-husband of his entire fortune, and leaves him bedridden and abandoned while she happily travels the world.",,否 / No,,https://www.tiktok.com/@shortdramatime
shortdramatime,ShortDramaTime,ShortDramaTime,99,ID 7652245324337009685,The Clairvoyant Bride of the Magnate,千里眼的大亨新娘,2026-06-27 16:30:00,71,870927,5264,87.7,是 / Yes,Family Feud、Contract Lovers、Revenge,家庭恩怨、合约爱好者、复仇,"Reborn after being murdered by her stepmother and cousin, a young woman enters a contract marriage with a powerful man to exact her revenge, uncover hidden family secrets, and ultimately find justice, love, and her true identity.",,否 / No,,https://www.tiktok.com/@shortdramatime
shortdramatime,ShortDramaTime,ShortDramaTime,100,ID 7655317422953616392,You Belong With Me,你是属于我的,2026-06-26 08:00:01,58,3456531,6378,106.3,是 / Yes,Reconciliation、Love After Divorce、Family Feud,和解、离婚后的爱情、家庭恩怨,"Scarlett and Harrison had a four-year contract secret marriage. When Harrison’s first love came back, Scarlett filed for divorce, found she was pregnant, and Harrison realized he truly loved her instead of just being possessive.",,否 / No,,https://www.tiktok.com/@shortdramatime
shortdramatime,ShortDramaTime,ShortDramaTime,101,ID 7644524716799054849,The Bodyguard Deal,保镖交易,2026-05-31 08:30:00,77,21468693,7541,125.7,是 / Yes,Family Disputes、Family Feud、Contract Lovers,家庭纠纷、家庭恩怨、合约爱好者,"Forced into a debt marriage, a girl is saved by a powerful man. They part over misunderstandings, yet years later she finds her masked husband is none other than him. After uncovering family conspiracies, the two reunite for good.",,否 / No,,https://www.tiktok.com/@shortdramatime
shortdramatime,ShortDramaTime,ShortDramaTime,102,ID 7638913386650113041,My Billionaire Farm Cowboy,我的亿万富翁农场牛仔,2026-05-12 17:43:14,19,5121770,1543,25.7,是 / Yes,Romantic Complications、Family Feud、Love After Marriage,浪漫并发症、家庭恩怨、婚后的爱情,"Ivy, a Texas farm girl, accidentally causes the amnesiac tycoon Colton to lose his memory while trying to stop his conglomerate from seizing her family farm, so she lies that he is her devoted cowboy boyfriend. To her surprise, the once cold-hearted CEO becomes a sexy, tough protector of the farm. As their fake relationship gradually turns real, they ultimately save both love and the homestead.",,否 / No,,https://www.tiktok.com/@shortdramatime
shortdramatime,ShortDramaTime,ShortDramaTime,103,ID 7655317531280167954,The Caged Bird Strikes,笼中鸟来袭,2026-06-26 08:00:00,42,1365250,3350,55.8,是 / Yes,Family Disputes、City、Mistaken Identities,家庭纠纷、城市、错误的身份,"After spending five years in prison for protecting her in-laws from an armed attack on her wedding night, Victoria Sterling returns to the Hawthorne empire — only to find a scheming woman has taken her place. With razor-sharp wit and ice-cold patience, she dismantles every trap set against her, exposing the parasite within and reclaiming her throne as the true queen of the Hawthorne dynasty.",,否 / No,,https://www.tiktok.com/@shortdramatime
shortdramatime,ShortDramaTime,ShortDramaTime,104,ID 7655327475043570706,The heart he left behind,他留下的心,2026-06-26 08:00:00,80,5637137,5599,93.3,是 / Yes,Betrayal、Family Feud、Love After Marriage,背叛、家庭恩怨、婚后的爱情,"After discovering that Adrian Goldwell seduced her only to avenge his scheming stepsister Vivienne Sterling, a heartbroken Evelyn Linton accepts an arranged marriage to Sebastian Forrester. But her comatose groom has a secret of his own — and his love for her has been anything but fake.",,否 / No,,https://www.tiktok.com/@shortdramatime
shortdramatime,ShortDramaTime,ShortDramaTime,105,ID 7645197315439186965,Mr.Hargrove's Hidden Marriage,哈格罗夫先生的隐秘婚姻,2026-06-11 08:30:01,76,71692021,6507,108.5,是 / Yes,Family Feud、Contract Lovers、Romantic Complications,家庭恩怨、合约爱好者、浪漫并发症,"A woman takes a part-time job to save her orphanage and accidentally spends one night with a billionaire CEO. When she joins his company, she is shocked to discover he is her new boss—and she is pregnant. He secretly protects her, rewriting her proposals and carrying her to bed when she falls asleep, teaching her by day and loving her by night.",,否 / No,,https://www.tiktok.com/@shortdramatime
shortdramatime,ShortDramaTime,ShortDramaTime,106,ID 7648452035930641426,"Back from the Dead, The Heiress Slays",死而复生，女继承人杀人,2026-06-07 09:01:24,52,8981635,4589,76.5,是 / Yes,Revenge、City、Love Triangle,复仇、城市、三角恋,"The heroine was betrayed by her husband and best friend. They drugged her and left her in a dangerous area, where she barely escaped being buried by mudslides. The pair plotted to seize her business and harm her family. Just as their scheme was about to succeed, she made a powerful comeback, exposing their conspiracy and bringing them to justice.",,否 / No,,https://www.tiktok.com/@shortdramatime
shortdramatime,ShortDramaTime,ShortDramaTime,107,ID 7655317454323700754,Miss Sophia's Radiant Life After Divorce,索菲亚小姐离婚后的辉煌生活,2026-06-26 08:00:00,74,2707448,9238,154.0,是 / Yes,Married Life、Reconciliation、Family Feud,婚姻生活、和解、家庭恩怨,"After divorcing her unfaithful husband who took her devotion for granted, once-doted wife Sophia rebuilds her life into a famous, wealthy influencer. Her ex regrets deeply, while a top tycoon spoils her relentlessly.",,否 / No,,https://www.tiktok.com/@shortdramatime
shortdramatime,ShortDramaTime,ShortDramaTime,108,ID 7647758736953775124,"18 Months to Live, 18 Dunks to Go",只剩下 18 个月的生命，还有 18 次扣篮,2026-06-25 08:30:00,31,770820,2361,39.4,是 / Yes,City、Revenge,城市、复仇,"For decades belittled and exploited by her family, a hidden Shaolin kung fu housewife goes viral, exposes their cruel betrayal amid a false cancer diagnosis, cuts toxic ties, rebuilds her life, finds true love, and empowers oppressed women.",,否 / No,,https://www.tiktok.com/@shortdramatime
shortdramatime,ShortDramaTime,ShortDramaTime,109,ID 7648825138318070804,Umbilical Gambit,脐带策略,2026-06-08 09:09:19,76,129200161,7405,123.4,是 / Yes,Family Feud、Family & Ethics,家庭恩怨、家庭与道德,"As a placeholder wife pregnant with the billionaire family's golden heiress, my husband's toxic ex tried to murder my unborn baby to steal my throne. Little did she know, my 7-month-old fetus can communicate with me telepathically, and together, we are destroying the mistress from inside the womb.",,否 / No,,https://www.tiktok.com/@shortdramatime
shortdramatime,ShortDramaTime,ShortDramaTime,110,ID 7647714309090956309,Now I'm Dating His Brother,现在我正在和他的兄弟约会,2026-06-05 09:18:50,68,5468613,7912,131.9,是 / Yes,Reconciliation、Romantic Complications、Family Feud,和解、浪漫并发症、家庭恩怨,"Sophia was abducted by a mysterious figure in a car accident right before her wedding with Charles three years ago. She returns years later posing as his sibling, encountering the obsessive Charles who has clung to her memorial tablet. A turbulent noble romance unfolds amid male rivalry, power struggles and schemes, as the buried truth slowly comes to light.",,否 / No,,https://www.tiktok.com/@shortdramatime
shortdramatime,ShortDramaTime,ShortDramaTime,111,ID 7650776474974426128,"Mr. Julian, That Drunken Rioter Is Your Wife",朱利安先生，那个醉酒暴徒是你的妻子,2026-06-25 16:30:01,64,10039737,6689,111.5,是 / Yes,Romantic Complications、Reconciliation、Family Feud,浪漫并发症、和解、家庭恩怨,"To save her mother, a young woman enters a one-year contract marriage with a stranger, only for the two to unknowingly fall in love when fate brings them back together—without realizing they are already husband and wife.",,否 / No,,https://www.tiktok.com/@shortdramatime
shortdramatime,ShortDramaTime,ShortDramaTime,112,ID 7649289553932637205,My Dear Family,我亲爱的家人,2026-06-20 08:30:02,67,53809356,6901,115.0,是 / Yes,City、Lost Child、Family & Ethics,城市、丢失的孩子、家庭与道德,"A widowed mom raised two sons alone, losing the elder to a childhood drowning. Years later, her younger son kicked her out for his snobbish wife. Destitute, she dated a rich elderly man introduced by a little child.",,否 / No,,https://www.tiktok.com/@shortdramatime
shortdramatime,ShortDramaTime,ShortDramaTime,113,ID 7646296628026201108,One Night With the Alpha,与阿尔法共度一晚,2026-06-01 13:38:11,73,22010900,9391,156.5,是 / Yes,Family Disputes、Reconciliation、Family Feud,家庭纠纷、和解、家庭恩怨,"While striving to regain what belongs to her, a young woman meets a formidable man and later has two special children. Years on, they reunite. He dotes on her and the kids, and they face plots and bias side by side in a heartwarming yet exciting journey.",,否 / No,,https://www.tiktok.com/@shortdramatime
shortdramatime,ShortDramaTime,ShortDramaTime,114,ID 7650786799569671189,Flash Romance,闪光浪漫,2026-06-25 12:30:01,60,5047475,6840,114.0,是 / Yes,Married Life、Family Feud、Love After Marriage,婚姻生活、家庭恩怨、婚后的爱情,"Forced to become a substitute bride for a comatose billionaire, ordinary girl is shocked to discover her ""vegetative"" husband is secretly awake! As they team up to crush her toxic family, their awkward cohabitation turns into an unstoppable, sizzling romance.",,否 / No,,https://www.tiktok.com/@shortdramatime
shortdramatime,ShortDramaTime,ShortDramaTime,115,ID 7632163083276014609,Taming My Primal Protector,驯服我的原始保护者,2026-04-27 14:06:52,47,22223906,3363,56.0,是 / Yes,Romantic Complications、Survival,浪漫并发症、生存,"Ye Qingxin, a botanist, travels back to the ancient times. She narrowly escapes being eaten by a wild beast right after her arrival, but is luckily rescued by Qi, a strong and handsome savage chief. Qi takes her back to his home and insists that she become his woman. Ye Qingxin expects the savage tribe to lack food and clothing, yet her domineering and wild husband, besides hunting wild beasts, dotes on her endlessly. Under the protection of her savage husband, Ye Qingxin builds a powerful tribe",,否 / No,,https://www.tiktok.com/@shortdramatime
shortdramatime,ShortDramaTime,ShortDramaTime,116,ID 7655317399390032914,Three Years After the Breakup,分手三年后,2026-06-26 08:00:00,43,807121,4328,72.1,是 / Yes,Revenge、Family Feud、Reconciliation,复仇、家庭恩怨、和解,"To save his girlfriend’s bankrupt family, he sacrificed his empire and hid his terminal illness, breaking her heart to spare her the pain. Three years later, she ruthlessly torments her ""heartless"" ex out of spite, only to face devastating regret when his ultimate sacrifice is finally exposed.",,否 / No,,https://www.tiktok.com/@shortdramatime
shortdramatime,ShortDramaTime,ShortDramaTime,117,ID 7618880209336636432,Notes of a 7-Day Hunt,7天狩猎笔记,2026-03-24 12:30:28,56,122963398,5205,86.8,是 / Yes,Revenge、Family Feud,复仇、家庭恩怨,"Using an alias, Mia infiltrates the Julian's family to take revenge on Victoria, the enemy responsible for her parents' death. She exploits Julian's resentment towards Victoria, sowing discord between them and exposing Victoria's crimes, such as infidelity and the murder of Julian's father. Through her masterful schemes, Mia isolates Victoria, leaving her abandoned by all. In the end, a desperate Victoria falls from a building, is left paralyzed.",,否 / No,,https://www.tiktok.com/@shortdramatime
shortdramatime,ShortDramaTime,ShortDramaTime,118,ID 7649702524693566485,New man New life,新人新生活,2026-06-10 17:54:10,80,127456224,6463,107.7,是 / Yes,Family Feud、Love Triangle、Married Life,家庭恩怨、三角恋、婚姻生活,"When my son wished for a ""new mom"" on his birthday, I granted it by divorcing my husband of seven years and walking away with my daughter to build my own empire. Now, my ex and son are kneeling outside begging for mercy, while my new billionaire lover pins me against the door inside, demanding I finally make him official.",,否 / No,,https://www.tiktok.com/@shortdramatime
shortdramatime,ShortDramaTime,ShortDramaTime,119,ID 7647480410208769044,Rebirth of the Fierce Wife with Special Abilities,重生之特异能悍妻,2026-06-14 08:30:01,70,16822379,9376,156.3,是 / Yes,Family Feud、Family Disputes、Love Triangle,家庭恩怨、家庭纠纷、三角恋,"Reborn from a badass apocalypse commander into a ""useless"" heiress, she shocks high society by saving a ruthless billionaire and effortlessly crushing her enemies. He thinks he can tame her, but she’s the one making the rules now.",,否 / No,,https://www.tiktok.com/@shortdramatime
shortdramatime,ShortDramaTime,ShortDramaTime,120,ID 7647421244060931080,"I Got Married, and My Sister Too?",我结婚了，我妹妹也结婚了？,2026-06-12 13:01:04,67,26869970,6500,108.3,是 / Yes,Love Triangle、Married Life、Family Feud,三角恋、婚姻生活、家庭恩怨,"To win a massive cash reward, the Wilson sisters take on the role of “professional daughters-in-law” and marry into the wealthy Montgomery family.",,否 / No,,https://www.tiktok.com/@shortdramatime
shortdramatime,ShortDramaTime,ShortDramaTime,121,ID 7649784329782629392,My Lucky Mommy: Pampered by the CEO,我的幸运妈咪：被总裁宠着,2026-06-18 08:30:01,80,27300049,6613,110.2,是 / Yes,Family & Ethics、City、Reconciliation,家庭与道德、城市、和解,"After a one-night fling with a cold magnate, a woman disappeared and left their baby with him. Years later, the girl he hired for his son proved to be their daughter, parted long ago by her serious illness.",,否 / No,,https://www.tiktok.com/@shortdramatime
shortdramatime,ShortDramaTime,ShortDramaTime,122,ID 7655317611898655752,Birth Trap on the Plane,飞机上的诞生陷阱,2026-06-26 08:00:01,39,7833441,2404,40.1,是 / Yes,Family & Ethics、City,家庭与道德、城市,"Reborn heiress Iris uncovers her husband Lucas, mistress Scarlett, and Vivian's plot to kill her for insurance. On the plane, they stage tricks like fake labor and drugging, but she videos and, with Dr. Kane, proves their lies. Desperate Lucas turns violent, leading to their arrest, and Iris rises triumphant.",,否 / No,,https://www.tiktok.com/@shortdramatime
shortdramatime,ShortDramaTime,ShortDramaTime,123,ID 7654018313718354951,Love in the Ashes of Hate,爱在仇恨的灰烬中,2026-06-22 09:02:10,85,1773343,8394,139.9,是 / Yes,Enemies to Lovers、Romantic Complications、Family Feud,从敌人到恋人、浪漫并发症、家庭恩怨,"Shortly after returning home, the male lead crosses paths with his sworn enemy by chance. Though consumed by deep-seated hatred for one another, they secretly harbour a long-buried love.",,否 / No,,https://www.tiktok.com/@shortdramatime
shortdramatime,ShortDramaTime,ShortDramaTime,124,ID 7650750717816329233,Devoted to You,献身于你,2026-06-24 12:30:01,78,15996875,7390,123.2,是 / Yes,Reconciliation、Romantic Complications、Family Feud,和解、浪漫并发症、家庭恩怨,"Five years after a one-night encounter, a billionaire CEO unknowingly reunites with the woman he has been searching for when their long-lost twins bring them together, forcing them to uncover a web of lies, stolen identities, and family betrayal before they can finally become a family.",,否 / No,,https://www.tiktok.com/@shortdramatime
shortdramatime,ShortDramaTime,ShortDramaTime,125,ID 7652801954799997969,"Captain, They Beg Your Forgiveness",队长，他们请求你的原谅,2026-06-20 08:30:00,58,182176768,4294,71.6,是 / Yes,City、Mistaken Identities、Action,城市、错误的身份、行动,"Three years ago, a miracle born from a world-shocking air disaster turned Ethan Blake into a legend in a single stroke, making him the one and only god-tier captain in global aviation. And yet no one could have imagined that he would bury his overwhelming status and descend into a little airline, becoming a lowly trainee air traffic controller. On his very first day at work, he was publicly humiliated by the airline’s “star female captain”, Scarlet. Ethan didn’t even bother stooping to her level. Instead, he discovered a fatal fracture in the left wing of the aircraft she was about to fly and",,否 / No,,https://www.tiktok.com/@shortdramatime
shortdramatime,ShortDramaTime,ShortDramaTime,126,ID 7652904882000712705,Settling My Sister's Scor,解决我姐姐的冤屈,2026-06-19 09:01:36,80,10871696,6104,101.7,是 / Yes,Revenge、City、Lost Child,复仇、城市、丢失的孩子,"When a ruthless mafia boss discovers his twin sister has been brutally abused for eight years, he disguises himself as her to unleash absolute hell. This New Year’s Eve, her toxic husband is about to find out what real karma looks like.",,否 / No,,https://www.tiktok.com/@shortdramatime
shortdramatime,ShortDramaTime,ShortDramaTime,127,ID 7618843833321280533,Code Blue Romance,蓝色代码浪漫,2026-03-24 12:30:17,26,2141845,3326,55.4,是 / Yes,Love After Divorce、Family Feud、Contract Lovers,离婚后的爱情、家庭恩怨、合约爱好者,"Emily, a medical student in desperate need of funds for her grandmother's treatment, meets cardiac surgeon Dr. Carter, who relies on her presence to overcome his surgical anxieties. From a transactional start, their bond deepens amidst interference from exes and family tragedy. After weathering lies and separation, they ultimately reunite, choosing to face life's challenges together.",,否 / No,,https://www.tiktok.com/@shortdramatime
shortdramatime,ShortDramaTime,ShortDramaTime,128,ID 7654390343584142337,"Betrayed at Birth: Goodbye, Toxic Husband",出生时的背叛：再见，有毒的丈夫,2026-06-23 09:05:25,79,8323666,7068,117.8,是 / Yes,Family Feud、Lost Child、Real/Fake Heir/Heiress,家庭恩怨、丢失的孩子、真/假继承人/女继承人,"Raised by a scavenger, a woman endures betrayal and divorce before finally reuniting with her powerful birth family and transforming her fate. But just as she claims the life that was stolen from her, another woman emerges carrying the same ancestral jade heirloom, igniting a fierce battle over the family's true heiress.",,否 / No,,https://www.tiktok.com/@shortdramatime
shortdramatime,ShortDramaTime,ShortDramaTime,129,ID 7649758609471050768,Before We Knew.,在我们知道之前。,2026-06-16 08:30:00,74,202834583,6066,101.1,是 / Yes,Married Life、City、Love After Marriage,婚姻生活、城市、婚后的爱情,"Two years after a marriage of convenience, two strangers fall deeply in love at work, completely oblivious that they are actually husband and wife. Facing corporate rivals and family pressure, they must unravel the ultimate identity mix-up to turn their fake vows into real love.",,否 / No,,https://www.tiktok.com/@shortdramatime
shortdramatime,ShortDramaTime,ShortDramaTime,130,ID 7650781622303773717,"My ""Foolish"" Husband Is A Billionaire",我的“愚蠢”丈夫是亿万富翁,2026-06-24 08:30:00,80,3550062,6456,107.6,是 / Yes,Romantic Complications、Family Feud、Childhood Sweethearts,浪漫并发症、家庭恩怨、青梅竹马,"""After being separated from her childhood sweetheart for twenty years, a woman who secretly holds the identity of the richest heiress mistakenly pours her love and resources into the wrong man, only to be betrayed on their wedding day. Heartbroken, she impulsively marries a seemingly foolish stranger—only to discover that he is the childhood sweetheart she has been searching for all along.""",,否 / No,,https://www.tiktok.com/@shortdramatime
shortdramatime,ShortDramaTime,ShortDramaTime,131,ID 7648825629827732501,Reborn: My Best Friend Stole My Baby,重生：我最好的朋友偷走了我的孩子,2026-06-08 09:10:52,40,5794696,2246,37.4,是 / Yes,Revenge、Fantasy、Lost Child,复仇、奇幻、丢失的孩子,"Reborn on the day of genetic selection, Seraphina lets her backstabbing best friend take the elite genes that lead to a deadly experiment plan, while she picks genes from a mixed-race model. She finally destroys her enemy’s eternal life scheme and breaks the cruel fate forever.",,否 / No,,https://www.tiktok.com/@shortdramatime
shortdramatime,ShortDramaTime,ShortDramaTime,132,ID 7649369452001252372,Mutual Trust in Love,爱情中的相互信任,2026-06-21 08:30:00,35,8180773,2290,38.2,是 / Yes,Family & Ethics、Family Feud,家庭与道德、家庭恩怨,"After ten years of marriage, pregnant Luna was beaten to miscarry in a live stream by Vale’s delusional first love who thought she was a mistress.",,否 / No,,https://www.tiktok.com/@shortdramatime
shortdramatime,ShortDramaTime,ShortDramaTime,133,ID 7650766174237676565,He's Having Morning Sickness,他有孕吐症状,2026-06-24 16:30:00,79,1511213,7870,131.2,是 / Yes,City、Reconciliation、Family & Ethics,城市、和解、家庭与道德,"""After a fateful night leaves her pregnant with triplets, an adopted heiress struggling against her circumstances becomes bound by destiny to the enigmatic king of a powerful family, whose ancient blood oath leads him to protect, cherish, and ultimately help her blossom into the woman she was meant to be.""",,否 / No,,https://www.tiktok.com/@shortdramatime
shortdramatime,ShortDramaTime,ShortDramaTime,134,ID 7647332598553580565,He Goes Overboard,他太过分了,2026-06-04 08:37:12,72,10151866,7171,119.5,是 / Yes,City、Revealed Crush、Romantic Complications,城市、揭露暗恋、浪漫并发症,"They had a fleeting encounter three years ago and meet again later. The male lead pursues her secretly while hiding his true identity, faithfully protecting the fallen noble lady. Determined to reclaim her family property and get revenge, the female lead gradually uncovers past affection and youthful bonds. The two heal each other, strive side by side and embrace a happy ending.",,否 / No,,https://www.tiktok.com/@shortdramatime
shortdramatime,ShortDramaTime,ShortDramaTime,135,ID 7645190494275769352,Stealing Kisses From the Moon,偷走月亮的吻,2026-05-29 14:05:08,73,4131603,6449,107.5,是 / Yes,Family Feud、Age Gap/Older Boyfriend、Romantic Complications,家庭恩怨、年龄差距/年长的男朋友、浪漫并发症,"Orphaned at an early age, the female lead was taken in by a business tycoon. Affection gradually grows between them over years of companionship. An unexpected incident pushes their relationship to a new level. She falls victim to repeated schemes and plots. Past events bring misunderstandings and estrangement. After going through hardships and uncovering the truth, they confirm their true feelings, fight conspiracies side by side and gain a warm and happy love.",,否 / No,,https://www.tiktok.com/@shortdramatime
shortdramatime,ShortDramaTime,ShortDramaTime,136,ID 7647472783563346965,Perfect Timing of His Love,他的爱的完美时机,2026-06-13 08:30:01,77,166311226,6256,104.3,是 / Yes,City、Romantic Complications、Reconciliation,城市、浪漫并发症、和解,"Six years ago, a young woman shared one passionate night with a powerful billionaire. Fearing he would see her as a gold-digger, she fled—unaware she carried his child.",,否 / No,,https://www.tiktok.com/@shortdramatime
shortdramatime,ShortDramaTime,ShortDramaTime,137,ID 7644112231864734727,My Boss Turned Into a Frenchie,我的老板变成了法国人,2026-05-27 08:30:01,30,843837,2802,46.7,是 / Yes,Fantasy、Romantic Complications、Superior and Inferior,奇幻、浪漫并发症、强弱逆袭,"A hopeless office worker stuck on the career fringe accidentally turns their cold, sharp-tongued CEO boss into a squat, short-legged French bulldog that only huffs and puffs and can barely run by day. As the boss reverts back to human form every night, they embark on a secret cohabitation. What follows is a dramatic journey of career comeback and sweet, playful ""pet training"" romance.",,否 / No,,https://www.tiktok.com/@shortdramatime
shortdramatime,ShortDramaTime,ShortDramaTime,138,ID 7643797822810412053,Reborn Heiress: Revenge Against My Fake Family,重生女继承人：向假家族复仇,2026-05-26 17:30:00,40,3206287,2803,46.7,是 / Yes,Family Feud、Revenge,家庭恩怨、复仇,"The wronged genuine daughter is reborn after a tragic death. Her inner thoughts can be heard by her family. She teams up with her mother to punish villains, expose family scandals and take back her life. Those hidden voices embody her deep affection for her family.",,否 / No,,https://www.tiktok.com/@shortdramatime
fz8fjg1,The Long Silence_Trending_B,The Long Silence_Trending_B,1,ID 7661844426720891921,A vingança do abismo,,2026-07-13 11:10:37,31,3710,2177,36.3,是 / Yes,,,Um mergulhador cria um vínculo com um polvo mutante para destruir o império de laboratórios maligno de seu primo.,,否 / No,,https://www.tiktok.com/@fz8fjg1
fz8fjg1,The Long Silence_Trending_B,The Long Silence_Trending_B,2,ID 7656909795962016776,Hack My Heart: The Anonymous Wife,破解我的心：无名妻子,2026-06-30 04:01:27,32,193683,2622,43.7,是 / Yes,Reconciliation、Crime、City,和解、犯罪、城市,Hack My Heart: The Anonymous Wife,,否 / No,,https://www.tiktok.com/@fz8fjg1
fz8fjg1,The Long Silence_Trending_B,The Long Silence_Trending_B,3,ID 7630187732521915408,The Karma Countdown,业力倒计时,2026-04-25 16:17:41,21,338100,1428,23.8,是 / Yes,Fantasy、Revenge、Ensemble Cast,奇幻、复仇、群像,The Karma Countdown,,否 / No,,https://www.tiktok.com/@fz8fjg1
fz8fjg1,The Long Silence_Trending_B,The Long Silence_Trending_B,4,ID 7630168365843371028,Gorgon Blood: A Small Town Apocalypse,戈尔贡之血：小镇启示录,2026-04-25 16:15:43,24,784985,1953,32.5,是 / Yes,Revenge、End-of-the-World、Reconciliation,复仇、世界末日、和解,Gorgon Blood: A Small Town Apocalypse,,否 / No,,https://www.tiktok.com/@fz8fjg1
fz8fjg1,The Long Silence_Trending_B,The Long Silence_Trending_B,5,ID 7661766447961953300,God View,神观,2026-07-13 06:08:14,30,113835,1711,28.5,是 / Yes,Mystery、City,神秘、城市,God View,,否 / No,,https://www.tiktok.com/@fz8fjg1
fz8fjg1,The Long Silence_Trending_B,The Long Silence_Trending_B,6,ID 7656900506262066184,Ambrosia-Kingdom of Fruit Hearts,Ambrosia-果心王国,2026-06-30 03:25:26,30,193194,1672,27.9,是 / Yes,Royal Palace、Reconciliation、Romantic Complications,皇宫、和解、浪漫并发症,Ambrosia-Kingdom of Fruit Hearts,,否 / No,,https://www.tiktok.com/@fz8fjg1
fz8fjg1,The Long Silence_Trending_B,The Long Silence_Trending_B,7,ID 7650353939526734856,I Turned My Lover Into Stone,我把我的爱人变成了石头,2026-06-12 13:01:03,30,365288,2660,44.3,是 / Yes,dark romance、Romantic Complications、Fantasy,黑暗浪漫、浪漫并发症、奇幻,I Turned My Lover Into Stone,,否 / No,,https://www.tiktok.com/@fz8fjg1
fz8fjg1,The Long Silence_Trending_B,The Long Silence_Trending_B,8,ID 7630718306642613269,My Husband Came Back Wrong,我丈夫回来错了,2026-04-23 13:42:14,25,323811,1937,32.3,是 / Yes,Mystery、Redemption、Fantasy,神秘、赎回、奇幻,Would you hide your flesh-eating dead husband?,,否 / No,,https://www.tiktok.com/@fz8fjg1
fz8fjg1,The Long Silence_Trending_B,The Long Silence_Trending_B,9,ID 7652256089425236999,Trapped in Hell's Elevator,被困在地狱电梯里,2026-06-17 15:02:46,37,287294,2363,39.4,是 / Yes,Adventure、Fantasy、Ensemble Cast,冒险、奇幻、群像,Trapped in Hell's Elevator,,否 / No,,https://www.tiktok.com/@fz8fjg1
fz8fjg1,The Long Silence_Trending_B,The Long Silence_Trending_B,10,ID 7655255315310515207,The Werid Residence Journal,韦里德居住日记,2026-06-25 17:01:12,28,330468,3162,52.7,是 / Yes,Family Feud、Superior and Inferior、Mystery,家庭恩怨、强弱逆袭、神秘,The Werid Residence Journal,,否 / No,,https://www.tiktok.com/@fz8fjg1
fz8fjg1,The Long Silence_Trending_B,The Long Silence_Trending_B,11,ID 7651993209459053586,Primal Rising,原始崛起,2026-06-16 22:02:41,30,409616,2479,41.3,是 / Yes,Adventure、City,冒险、城市,Primal Rising,,否 / No,,https://www.tiktok.com/@fz8fjg1
fz8fjg1,The Long Silence_Trending_B,The Long Silence_Trending_B,12,ID 7652008491980510216,My Wife Is a Mafia Boss,我的妻子是黑手党老大,2026-06-16 23:01:57,30,278784,2345,39.1,是 / Yes,Action、City,行动、城市,My Wife Is a Mafia Boss,,否 / No,,https://www.tiktok.com/@fz8fjg1
fz8fjg1,The Long Silence_Trending_B,The Long Silence_Trending_B,13,ID 7651993010590454792,The Aurora Gaze,极光凝视,2026-06-16 22:01:58,28,173060,2004,33.4,是 / Yes,Political Intrigue、Mistaken Identities、Fantasy,政治阴谋、错误的身份、奇幻,The Aurora Gaze,,否 / No,,https://www.tiktok.com/@fz8fjg1
fz8fjg1,The Long Silence_Trending_B,The Long Silence_Trending_B,14,ID 7650348921918870536,Blood Reckoning: The Vampire's Revenge,血的清算：吸血鬼的复仇,2026-06-12 11:41:47,30,321542,2010,33.5,是 / Yes,Lost Child、Crime、Vampire,丢失的孩子、犯罪、吸血鬼,Blood Reckoning: The Vampire's Revenge,,否 / No,,https://www.tiktok.com/@fz8fjg1
fz8fjg1,The Long Silence_Trending_B,The Long Silence_Trending_B,15,ID 7650477614616007687,The Secret of the Perfect Father in Law,完美岳父的秘密,2026-06-12 20:01:17,34,273964,1740,29.0,是 / Yes,Revenge、Family Feud,复仇、家庭恩怨,The Secret of the Perfect Father in Law,,否 / No,,https://www.tiktok.com/@fz8fjg1
fz8fjg1,The Long Silence_Trending_B,The Long Silence_Trending_B,16,ID 7657891605281805320,Jamais Sua Escrava,贾迈斯·苏阿·埃斯克拉瓦,2026-07-03 14:34:15,50,171774,3616,60.3,是 / Yes,Superior and Inferior、Revenge、Celebrity,强弱逆袭、复仇、名人,Jamais Sua Escrava,,否 / No,,https://www.tiktok.com/@fz8fjg1
fz8fjg1,The Long Silence_Trending_B,The Long Silence_Trending_B,17,ID 7615962809926620167,Fuga da era zumbi,风雅时代尊比,2026-03-16 21:56:14,49,795496,3015,50.2,是 / Yes,Revenge、Redemption、End-of-the-World,复仇、赎回、世界末日,Escape from the Zombie Age,,否 / No,,https://www.tiktok.com/@fz8fjg1
fz8fjg1,The Long Silence_Trending_B,The Long Silence_Trending_B,18,ID 7650347722901378055,Chained by the Gods：The Pharaoh and the Beast,众神锁链：法老与野兽,2026-06-12 11:37:14,29,258093,3064,51.1,是 / Yes,Fantasy、Reconciliation、Romantic Complications,奇幻、和解、浪漫并发症,Chained by the Gods：The Pharaoh and the Beast,,否 / No,,https://www.tiktok.com/@fz8fjg1
fz8fjg1,The Long Silence_Trending_B,The Long Silence_Trending_B,19,ID 7615963903448880135,The Half Zombie Girl,半僵尸少女,2026-03-15 11:45:12,59,4621593,3380,56.3,是 / Yes,Ensemble Cast、Adventure、End-of-the-World,群像、冒险、世界末日,The Half Zombie Girl,,否 / No,,https://www.tiktok.com/@fz8fjg1
fz8fjg1,The Long Silence_Trending_B,The Long Silence_Trending_B,20,ID 7661844447575266321,A vingança do abismo,,2026-07-13 11:10:41,31,7688,2177,36.3,是 / Yes,,,Um mergulhador cria um vínculo com um polvo mutante para destruir o império de laboratórios maligno de seu primo.,,否 / No,,https://www.tiktok.com/@fz8fjg1
fz8fjg1,The Long Silence_Trending_B,The Long Silence_Trending_B,21,ID 7651853753175299079,Can a mortal win the bone queen,凡人能赢得白骨女王吗,2026-06-16 13:01:19,31,226287,3109,51.8,是 / Yes,dark romance、Romantic Complications、Fantasy,黑暗浪漫、浪漫并发症、奇幻,Can a mortal win the bone queen,,否 / No,,https://www.tiktok.com/@fz8fjg1
fz8fjg1,The Long Silence_Trending_B,The Long Silence_Trending_B,22,ID 7650349569125176328,Streets of Blood_ The King's Retribution,血腥街道_王者的报应,2026-06-12 11:44:23,29,824034,1861,31.0,是 / Yes,Lost Child、Revenge、City,丢失的孩子、复仇、城市,Streets of Blood_ The King's Retribution,,否 / No,,https://www.tiktok.com/@fz8fjg1
fz8fjg1,The Long Silence_Trending_B,The Long Silence_Trending_B,23,ID 7640587614608708615,Reduced to Prey: The Mad Hunters' Doomsday Obsession,沦为猎物：疯狂猎人对末日的痴迷,2026-06-29 23:42:19,30,199140,1674,27.9,是 / Yes,Action、Challenge/Quests in Game,行动、游戏中的挑战/任务,Reduced to Prey: The Mad Hunters' Doomsday Obsession,,否 / No,,https://www.tiktok.com/@fz8fjg1
fz8fjg1,The Long Silence_Trending_B,The Long Silence_Trending_B,24,ID 7630174172383106065,Seven Days in Black Stone,黑石七日,2026-04-25 16:16:22,25,1269029,1653,27.6,是 / Yes,Lost Child、Revenge、Survival,丢失的孩子、复仇、生存,Seven Days in Black Stone,,否 / No,,https://www.tiktok.com/@fz8fjg1
fz8fjg1,The Long Silence_Trending_B,The Long Silence_Trending_B,25,ID 7661766416634270740,God View,神观,2026-07-13 06:08:13,30,108360,1711,28.5,是 / Yes,Crime、City,犯罪、城市,God View,,否 / No,,https://www.tiktok.com/@fz8fjg1
fz8fjg1,The Long Silence_Trending_B,The Long Silence_Trending_B,26,ID 7616237016661120007,The Half Zombie Girl,半僵尸少女,2026-03-15 11:54:11,59,2120883,3380,56.3,是 / Yes,End-of-the-World、Ensemble Cast、Adventure,世界末日、群像、冒险,The Half Zombie Girl,,否 / No,,https://www.tiktok.com/@fz8fjg1
fz8fjg1,The Long Silence_Trending_B,The Long Silence_Trending_B,27,ID 7651993113203954696,The Janitor Was a Legendary Surgeon,看门人是一位传奇外科医生,2026-06-16 22:02:21,30,191070,2385,39.8,是 / Yes,Mistaken Identities、Medical Drama、City,错误的身份、医疗剧、城市,The Janitor Was a Legendary Surgeon,,否 / No,,https://www.tiktok.com/@fz8fjg1
fz8fjg1,The Long Silence_Trending_B,The Long Silence_Trending_B,28,ID 7652240597319209992,BLOODBALLOT,血球,2026-06-17 14:02:31,32,153937,3610,60.2,是 / Yes,Political Intrigue、Survival、Ensemble Cast,政治阴谋、生存、群像,BLOODBALLOT,,否 / No,,https://www.tiktok.com/@fz8fjg1
fz8fjg1,The Long Silence_Trending_B,The Long Silence_Trending_B,29,ID 7659894893808145416,Porcelain Doll,瓷娃娃,2026-07-08 05:05:23,30,199134,1618,27.0,是 / Yes,City、Lost Child、Mystery,城市、丢失的孩子、神秘,Porcelain Doll,,否 / No,,https://www.tiktok.com/@fz8fjg1
fz8fjg1,The Long Silence_Trending_B,The Long Silence_Trending_B,30,ID 7650678731707044871,Awakened: The Vampire Queen's Revenge,觉醒：吸血鬼女王的复仇,2026-06-13 09:01:35,30,176595,1639,27.3,是 / Yes,Mistaken Identities、Romantic Complications、Fantasy,错误的身份、浪漫并发症、奇幻,Awakened: The Vampire Queen's Revenge,,否 / No,,https://www.tiktok.com/@fz8fjg1
fz8fjg1,The Long Silence_Trending_B,The Long Silence_Trending_B,31,ID 7629758973369898005,Patient Zero,零号病人,2026-04-25 16:14:57,36,582693,2182,36.4,是 / Yes,Revenge、End-of-the-World、Love Triangle,复仇、世界末日、三角恋,Patient Zero,,否 / No,,https://www.tiktok.com/@fz8fjg1
fz8fjg1,The Long Silence_Trending_B,The Long Silence_Trending_B,32,ID 7651992963530363922,Reborn to Steal the Apocalypse King,重生偷天启王,2026-06-16 22:01:47,40,185749,2504,41.7,是 / Yes,Romantic Complications、End-of-the-World、Reconciliation,浪漫并发症、世界末日、和解,Reborn to Steal the Apocalypse King,,否 / No,,https://www.tiktok.com/@fz8fjg1
fz8fjg1,The Long Silence_Trending_B,The Long Silence_Trending_B,33,ID 7651436276029592584,Tearing the Veil_ The Billionaire's Hidden Bride,揭开面纱_亿万富翁的隐藏新娘,2026-06-15 10:01:19,30,433041,1643,27.4,是 / Yes,Married Life、Contract Lovers、Family Feud,婚姻生活、合约爱好者、家庭恩怨,Tearing the Veil_ The Billionaire's Hidden Bride,,否 / No,,https://www.tiktok.com/@fz8fjg1
sangaaxdiln,Premium Episode.Drama.J,Premium Episode.Drama.J,1,,The Asphalt Queen’s Double Life,沥青女王的双重生活,2026-07-12 22:01:53,20,7764,0,0,,,,,,,https://v45.tiktokcdn-eu.com/14519c344f87bd8dd5de0f13ad92631f/6a55b1e3/video/tos/alisg/tos-alisg-ve-37c799-sg/ocfgRUvSPBDF1geIQEKZxEAwXELgsqGhDCV9E8/?a=1233&bti=PDQ1NWYwLTE6&&bt=520&ft=td_Ls8s6oA-O12Nvlf~ZzIxRvex0~3_45SY&mime_type=video_mp4&rc=Njg8MzM7OTg4OmYzZWg3NkBpM2VkN3I5cnVuOzMzZzgzNEBjNC5gLmI1X14xYzVfNjNeYSNzXjRlMmRzMnJhLS1kLy9zcw%3D%3D&vvpl=1&l=20260713034846B2E1AA9EEF72D67814F2&btag=e00095000&shp=d05b14bd&shcp=-,https://www.tiktok.com/@sangaaxdiln
sangaaxdiln,Premium Episode.Drama.J,Premium Episode.Drama.J,2,,The Silent Heir,沉默的继承人,2026-07-08 10:02:27,20,8592,0,0,,,,,,,https://v45.tiktokcdn-eu.com/050930adfae08ca29ad4140a86126b7a/6a55b1e9/video/tos/alisg/tos-alisg-ve-37c799-sg/owaFAUu0IigGUtE8Tlni3AoElQav4l1Bv7Xky/?a=1233&bti=PDQ1NWYwLTE6&&bt=652&ft=XsFbYqgwmILPD126x.qI3wUlI~pcMeF~O5&mime_type=video_mp4&rc=ODNoNjtoNTQ2PDo2Ojs5ZEBpM29na2w5cjtkPDMzZzgzNEBfMi4wLjEuNl8xLmFjYWA1YSNyNjRfMmRrYzBhLS1kLy9zcw%3D%3D&vvpl=1&l=202607130348519161CA3E000A337AFEFD&btag=e00095000&shp=d05b14bd&shcp=-,https://www.tiktok.com/@sangaaxdiln
sangaaxdiln,Premium Episode.Drama.J,Premium Episode.Drama.J,3,,The Undercover Godfather,卧底教父,2026-07-08 06:02:39,20,6862,0,0,,,,,,,https://v45.tiktokcdn-eu.com/01fb004037e00c1173dd77325e3cc1e0/6a55b1db/video/tos/useast5/tos-useast5-pve-0068-tx/o4PdoQSBqBvxaQniiDKqAAIhCDEGfRBgUVEdNe/?a=1233&bti=PDQ1NWYwLTE6&&bt=498&ft=FczkaNdkVcy5Uxl7KStG-XD5S1GEf1PXtCN8OfcyqF_4&mime_type=video_mp4&rc=aTZoMzs5NWhkZjk8Zzg8OEBpanRsb2s5cnlkPDMzZzgzNEBjNjRiMGJfNi4xYzQwMjMtYSM0Yi1kMmRjYjBhLS1kLy9zcw%3D%3D&vvpl=1&l=20260713034856299EB38ABA23C48E2D8A&btag=e0008d000&shp=d05b14bd&shcp=-,https://www.tiktok.com/@sangaaxdiln
sangaaxdiln,Premium Episode.Drama.J,Premium Episode.Drama.J,4,,Dragon’s Secret Vow,龙之秘誓,2026-07-08 06:01:24,20,6053,0,0,,,,,,,https://v45.tiktokcdn-eu.com/9e2fda66a47a7f68032e5b81aa81d653/6a55b23a/video/tos/alisg/tos-alisg-ve-37c799-sg/o8KAQiB6Q0ZfJ2IGN1MDAGpGSpIBELR3B1yriw/?a=1233&bti=PDQ1NWYwLTE6&&bt=674&ft=XsFb8q4fmbdPD12ux.qI3wU1SMtwMeF~O5&mime_type=video_mp4&rc=aDU8aWdmZTk3NTQ0ODw6OUBpM2V3Z3A5cmZkPDMzZzgzNEAwMGJgLTJfNWIxXjIwMC5jYSMwMDMwMmRzZDBhLS1kLy9zcw%3D%3D&vvpl=1&l=20260713034901897DAFF516BB1480DB71&btag=e00095000&shp=d05b14bd&shcp=-,https://www.tiktok.com/@sangaaxdiln
sangaaxdiln,Premium Episode.Drama.J,Premium Episode.Drama.J,5,,ollywood's Most Wanted Pup,好莱坞最受欢迎的小狗,2026-07-08 05:08:36,20,7889,0,0,,,,,,,https://v45.tiktokcdn-eu.com/1f32f9f1e39fa51e9e441a21dd84a146/6a55b1ee/video/tos/alisg/tos-alisg-ve-37c799-sg/ocV8dQpB1Ac2lE5iiCn6PAIGBBDHfIGw0KEJBd/?a=1233&bti=PDQ1NWYwLTE6&&bt=352&ft=td_Lr8QLodzR12Nvgf~ZzIxRmiobiq_45SY&mime_type=video_mp4&rc=aDRoNTw6NTY3M2VkNGQ3NEBpajhpZ3A5cmhvPDMzZzgzNEBiYWJeXzFgXzAxLzAxNjAzYSNeZy0wMmRzcDBhLS1kLy9zcw%3D%3D&vvpl=1&l=20260713034906C895929BBCA600A3919A&btag=e00095000&shp=d05b14bd&shcp=-,https://www.tiktok.com/@sangaaxdiln
drama.pro28,The Lore Master,The Lore Master,1,ID 7655348411968967688,Nine Lives Nine Black Belts,九命九黑带,2026-06-25 23:05:56,20,785292,2085,34.8,是 / Yes,Fantasy、Action,奇幻、行动,"A stray orange cat swallows lightning-struck ramen broth and unlocks nine deadly kung fu styles — one per life — teaming up with a broke, hot-tempered ex-boxer to fist-fight their way through New York's nastiest debt collectors before all nine lives burn out.",,否 / No,,https://www.tiktok.com/@drama.pro28
drama.pro28,The Lore Master,The Lore Master,2,ID 7645777364060656660,Mythic Tamer: Rise of the Trash Summon,神话驯兽师：垃圾召唤的崛起,2026-05-31 13:04:08,25,467013,1870,31.2,是 / Yes,Challenge/Quests in Game、Love Triangle、Revenge,游戏中的挑战/任务、三角恋、复仇,Mythic Tamer: Rise of the Trash Summon,,否 / No,,https://www.tiktok.com/@drama.pro28
drama.pro28,The Lore Master,The Lore Master,3,ID 7655348689912960008,Styx Whiskers: Cats Who Sail the River of Souls,冥河须：航行灵魂之河的猫,2026-06-25 23:06:43,20,830360,2236,37.3,是 / Yes,Adventure、Fantasy、Ensemble Cast,冒险、奇幻、群像,"A one-eyed cat captain, a stray who can touch ghosts, and a fading white cat who sings the dead to sleep — sailing a river that connects every mythological underworld, fighting monsters made of dead cats coming back wrong, racing to stop whatever ancient horror reversed the flow of death itself.",,否 / No,,https://www.tiktok.com/@drama.pro28
drama.pro28,The Lore Master,The Lore Master,4,ID 7655348501660062727,The Zombie Queen Fell in Love With a Living Man,僵尸女王爱上了一个活人,2026-06-25 23:04:35,20,848898,2259,37.6,是 / Yes,End-of-the-World、Romantic Complications,世界末日、浪漫并发症,"She rules a million zombies with a single thought, but the one man she can't control is the one she's falling for — and both worlds want them dead for it.",,否 / No,,https://www.tiktok.com/@drama.pro28
drama.pro28,The Lore Master,The Lore Master,5,ID 7653786497623200786,Prometheus The Fire Thief in Silicon Valley,硅谷的火盗普罗米修斯,2026-06-21 18:02:41,31,766860,2073,34.5,是 / Yes,Action、City,行动、城市,Leon creates free AI and fights reincarnated gods with policewoman Ava.,,否 / No,,https://www.tiktok.com/@drama.pro28
drama.pro28,The Lore Master,The Lore Master,6,ID 7650346950767760392,The Shadow Lord's Substitute Bride,暗影领主的替身新娘,2026-06-12 11:36:52,30,880207,1809,30.1,是 / Yes,Contract Lovers、Revenge、Fantasy,合约爱好者、复仇、奇幻,The Shadow Lord's Substitute Bride,,否 / No,,https://www.tiktok.com/@drama.pro28
drama.pro28,The Lore Master,The Lore Master,7,ID 7650346893511250951,Married to My Ex's Ruthless Uncle,嫁给了我前夫的无情叔叔,2026-06-12 11:34:41,30,359870,2070,34.5,是 / Yes,Love After Marriage、Family Feud、Married Life,婚后的爱情、家庭恩怨、婚姻生活,Married to My Ex's Ruthless Uncle,,否 / No,,https://www.tiktok.com/@drama.pro28
drama.pro28,The Lore Master,The Lore Master,8,ID 7656958479114392583,Midnight Anchor,午夜锚,2026-06-30 07:12:17,40,811438,2336,38.9,是 / Yes,Fantasy、Mystery、Redemption,奇幻、神秘、赎回,Midnight Anchor,,否 / No,,https://www.tiktok.com/@drama.pro28
drama.pro28,The Lore Master,The Lore Master,9,ID 7650348573195981831,The Exiles Covenant,流亡者盟约,2026-06-12 11:42:53,29,15196794,2229,37.1,是 / Yes,Adventure、Cultivation,冒险、栽培,The Exiles Covenant,,否 / No,,https://www.tiktok.com/@drama.pro28
drama.pro28,The Lore Master,The Lore Master,10,ID 7620813949222573087,She Rules the Ruins,她统治着废墟,2026-05-29 22:41:38,50,364938,3609,60.1,是 / Yes,Revenge、Family Feud、Lost Child,复仇、家庭恩怨、丢失的孩子,She Rules the Ruins. to revenge,,否 / No,,https://www.tiktok.com/@drama.pro28
drama.pro28,The Lore Master,The Lore Master,11,ID 7650349237095502855,"They Buried the Beast, But He Dug His Way Out",他们埋葬了野兽，但他却挖出了出路,2026-06-12 11:46:02,21,5720740,1936,32.3,是 / Yes,Revenge、Royal Palace、Friends to Lovers,复仇、皇宫、朋友到恋人,Beast digs his way out,,否 / No,,https://www.tiktok.com/@drama.pro28
drama.pro28,The Lore Master,The Lore Master,12,ID 7652952117820855314,The Princess’s Dog Is a Man!,公主的狗是个男人！,2026-06-19 12:04:30,30,789246,1595,26.6,是 / Yes,Romantic Complications、Royal Palace、Mistaken Identities,浪漫并发症、皇宫、错误的身份,The Princess’s Dog Is a Man!,,否 / No,,https://www.tiktok.com/@drama.pro28
drama.pro28,The Lore Master,The Lore Master,13,ID 7640369785984947208,The Prince Who Kisses Me Only at Midnight,只在午夜亲吻我的王子,2026-06-29 23:31:34,30,1024852,1636,27.3,是 / Yes,Romantic Complications、Fantasy、dark romance,浪漫并发症、奇幻、黑暗浪漫,"Every midnight, a Victorian prince walks out of her mirror to kiss her. Every kiss steals one year of her life and buys him one minute of freedom. She knows loving him will kill her. She sets the alarm anyway.",,否 / No,,https://www.tiktok.com/@drama.pro28
drama.pro28,The Lore Master,The Lore Master,14,ID 7645802916195963911,Valkyrie's Vengeance: Blood Moon Rising,瓦尔基里的复仇：血月升起,2026-05-31 18:58:15,30,85040842,1675,27.9,是 / Yes,Revenge、Love Triangle、Fantasy,复仇、三角恋、奇幻,Valkyrie's Vengeance: Blood Moon Rising,,否 / No,,https://www.tiktok.com/@drama.pro28
drama.pro28,The Lore Master,The Lore Master,15,ID 7647854078940845076,A Knight's Forbidden Heart,骑士禁忌之心,2026-06-07 17:03:12,30,789983,1631,27.2,是 / Yes,Romantic Complications、Werewolf、Enemies to Lovers,浪漫并发症、狼人、从敌人到恋人,"Alpha werewolf heiress Ella falls for Ruben, a mysterious knight who once robbed her. When Ruben’s secret identity as a forbidden vampire hybrid is exposed amid an enemy siege, they must navigate betrayal, hidden pasts, and intense romance to save their castle and prove that true love can conquer blood feuds.",,否 / No,,https://www.tiktok.com/@drama.pro28
drama.pro28,The Lore Master,The Lore Master,16,ID 7654251010734953490,The Wolf Throne,狼王座,2026-06-23 00:06:32,50,7447753,5314,88.6,是 / Yes,Royal Palace、Mistaken Identities、Revenge,皇宫、错误的身份、复仇,The Wolf Throne,,否 / No,,https://www.tiktok.com/@drama.pro28
drama.pro28,The Lore Master,The Lore Master,17,ID 7655332874811790344,I Wake Up With a New Superpower Daily,我每天醒来都拥有新的超能力,2026-06-25 22:03:56,20,385527,2412,40.2,是 / Yes,Adventure、City,冒险、城市,"A broke delivery girl gets struck by purple lightning and wakes up every morning with a random superpower she can't control — today she's invisible, tomorrow she breathes fire, and a secret organization is hunting her down before she discovers what she really is.",,否 / No,,https://www.tiktok.com/@drama.pro28
drama.pro28,The Lore Master,The Lore Master,18,ID 7647882882341639186,The Falling Star's Ultimatum,流星的最后通牒,2026-06-07 20:06:34,30,4634164,1734,28.9,是 / Yes,Political Intrigue、Cultivation、Redemption,政治阴谋、栽培、赎回,The Falling Star's Ultimatum,,否 / No,,https://www.tiktok.com/@drama.pro28
drama.pro28,The Lore Master,The Lore Master,19,ID 7656958379994387463,Mind Over Heart,心胜于心,2026-06-30 07:11:47,31,4175574,2099,35.0,是 / Yes,Romantic Complications、Fantasy、Reconciliation,浪漫并发症、奇幻、和解,She regains memory and reunites with her destined lover finally.,,否 / No,,https://www.tiktok.com/@drama.pro28
drama.pro28,The Lore Master,The Lore Master,20,ID 7657992433405875218,The Human Husbandry Protocol: Taming My Tentacle Duke,人类畜牧协议：驯服我的触手公爵,2026-07-03 02:04:55,44,8365857,3424,57.1,是 / Yes,Superior and Inferior、Forced Love、Fantasy,强弱逆袭、强迫的爱、奇幻,The Human Husbandry Protocol: Taming My Tentacle Duke,,否 / No,,https://www.tiktok.com/@drama.pro28
drama.pro28,The Lore Master,The Lore Master,21,ID 7655348846830261266,Portal Hunter,传送门猎人,2026-06-25 23:07:49,60,811858,3861,64.3,是 / Yes,Action、Fantasy、Lost Child,行动、奇幻、丢失的孩子,Portal Hunter,,否 / No,,https://www.tiktok.com/@drama.pro28
drama.pro28,The Lore Master,The Lore Master,22,ID 7660501393689613330,Lucifer: The Morning Star Falls,路西法：晨星坠落,2026-07-09 20:23:44,30,772043,2462,41.0,是 / Yes,Betrayal、Emperor & Minister、Fantasy,背叛、皇帝与大臣、奇幻,Lucifer: The Morning Star Falls,,否 / No,,https://www.tiktok.com/@drama.pro28
drama.pro28,The Lore Master,The Lore Master,23,ID 7656901076352029703,Lord Sinclair: The Poor Driver's Secret,辛克莱勋爵：可怜司机的秘密,2026-06-30 03:29:34,53,660252,4512,75.2,是 / Yes,Cultivation、Redemption、Romantic Complications,栽培、赎回、浪漫并发症,Lord Sinclair: The Poor Driver's Secret,,否 / No,,https://www.tiktok.com/@drama.pro28
drama.pro28,The Lore Master,The Lore Master,24,ID 7647802750641656852,The Gilded Spire,镀金尖塔,2026-06-08 13:00:22,29,18125082,2117,35.3,是 / Yes,dark romance、Revenge、Fantasy,黑暗浪漫、复仇、奇幻,The Gilded Spire,,否 / No,,https://www.tiktok.com/@drama.pro28
drama.pro28,The Lore Master,The Lore Master,25,ID 7654251256902554642,Substitute Star,替补明星,2026-06-23 00:07:50,51,807823,3278,54.6,是 / Yes,Mistaken Identities、Celebrity、Revenge,错误的身份、名人、复仇,A double avenges being framed by swapping lives and exposing the star.,,否 / No,,https://www.tiktok.com/@drama.pro28
drama.pro28,The Lore Master,The Lore Master,26,ID 7652952464336966663,Kissed by Death,被死亡之吻,2026-06-19 12:06:16,31,779524,1792,29.9,是 / Yes,Romantic Complications、Reconciliation、Fantasy,浪漫并发症、和解、奇幻,Two fated souls defy fate and evil to rekindle entangled lives.,,否 / No,,https://www.tiktok.com/@drama.pro28
drama.pro28,The Lore Master,The Lore Master,27,ID 7624726251588244481,Reborn from the Ashes,从灰烬中重生,2026-05-31 11:51:50,30,332875,1852,30.9,是 / Yes,Revenge、Fantasy、Love Triangle,复仇、奇幻、三角恋,"Reborn from the Ashes, to revenge",,否 / No,,https://www.tiktok.com/@drama.pro28
drama.pro28,The Lore Master,The Lore Master,28,ID 7643081881415848976,Breath of Ghost Orchid,鬼兰之息,2026-06-01 01:59:22,30,768110,2278,38.0,是 / Yes,Action、Fantasy、dark romance,行动、奇幻、黑暗浪漫,Breath of Ghost Orchid,,否 / No,,https://www.tiktok.com/@drama.pro28
drama.pro28,The Lore Master,The Lore Master,29,ID 7654251118251267079,My House is a Mimic,我的房子是一个模仿者,2026-06-23 00:05:51,31,372527,1584,26.4,是 / Yes,Mystery、Fantasy,神秘、奇幻,"A man finds his house is sentient, defends it from demolition, shelters other magical buildings.",,否 / No,,https://www.tiktok.com/@drama.pro28
drama.pro28,The Lore Master,The Lore Master,30,ID 7645880449717310472,The Vine Mother,葡萄树妈妈,2026-06-01 01:59:22,31,10019390,1669,27.8,是 / Yes,Revenge、End-of-the-World、Lost Child,复仇、世界末日、丢失的孩子,A mother fights her cruel captors to protect her plant-child in the apocalypse.,,否 / No,,https://www.tiktok.com/@drama.pro28
drama.pro28,The Lore Master,The Lore Master,31,ID 7643329262229099536,I Woke Up in the Wrong Mythology,我在错误的神话中醒来,2026-05-26 00:17:20,20,3213339,1984,33.1,是 / Yes,Adventure、Redemption、Multiverse,冒险、赎回、多重宇宙,"A chronically insomniac librarian falls asleep in a mythology section and wakes up INSIDE a different myth every single day—Vikings, Greek gods, Egyptian tombs—and must escape before sunset or be trapped in legend forever, while a mysterious blue-eyed stranger appears in every world wearing a different face.",,否 / No,,https://www.tiktok.com/@drama.pro28
drama.pro28,The Lore Master,The Lore Master,32,ID 7658626129842082834,Where the Moon Meets the Sea,月亮与大海相遇的地方,2026-07-04 19:03:53,64,5314842,5197,86.6,是 / Yes,Contract Lovers、Romantic Complications、Fantasy,合约爱好者、浪漫并发症、奇幻,Where the Moon Meets the Sea,,否 / No,,https://www.tiktok.com/@drama.pro28
drama.pro28,The Lore Master,The Lore Master,33,ID 7654265811636442130,Ghost Orchid: The Elf King's Obsession,幽灵兰：精灵王的痴迷,2026-06-23 01:03:23,51,827453,4415,73.6,是 / Yes,Cultivation、Contract Lovers、Married Life,栽培、合约爱好者、婚姻生活,Ghost Orchid: The Elf King's Obsession,,否 / No,,https://www.tiktok.com/@drama.pro28
drama.pro28,The Lore Master,The Lore Master,34,ID 7656912062085698567,The Abyssal Duke’s Pearl Queen,深渊公爵的珍珠女王,2026-06-30 04:13:50,40,879788,3705,61.8,是 / Yes,Royal Palace、Redemption、Family Disputes,皇宫、赎回、家庭纠纷,The Abyssal Duke’s Pearl Queen,,否 / No,,https://www.tiktok.com/@drama.pro28
drama.pro28,The Lore Master,The Lore Master,35,ID 7657992798872228872,My Alien CEO: Stealing My Life,我的外星人首席执行官：偷走我的生活,2026-07-03 02:06:19,50,806003,3925,65.4,是 / Yes,Revenge、Family Feud,复仇、家庭恩怨,My Alien CEO: Stealing My Life,,否 / No,,https://www.tiktok.com/@drama.pro28
drama.pro28,The Lore Master,The Lore Master,36,ID 7655332933607363591,OLYMPUS ZERO: The Gods Are Already Dead,奥林匹斯零：众神已死,2026-06-25 22:06:22,20,4780285,2224,37.1,是 / Yes,Cultivation、Adventure,栽培、冒险,"A college girl gets sucked into Mount Olympus — but every god is now a zombie that still has their powers, and she's the only human alive in a heaven that's rotting from the inside out.",,否 / No,,https://www.tiktok.com/@drama.pro28
drama.pro28,The Lore Master,The Lore Master,37,ID 7650349085320598535,Elemental Infinite Reaping,元素无限收割,2026-06-12 11:50:22,25,8638258,1551,25.9,是 / Yes,Lost Child、Fantasy、Skill/Talent Competition,丢失的孩子、奇幻、技能/才艺竞赛,Elemental Infinite Reaping,,否 / No,,https://www.tiktok.com/@drama.pro28
drama.pro28,The Lore Master,The Lore Master,38,ID 7650346917481993234,Bound by the Scar,被伤疤所束缚,2026-06-12 11:36:54,40,2821443,2264,37.7,是 / Yes,Adventure、Werewolf,冒险、狼人,Bound by the Scar,,否 / No,,https://www.tiktok.com/@drama.pro28
drama.pro28,The Lore Master,The Lore Master,39,ID 7644164396910138388,Kiss.exe Has Been Activated!,Kiss.exe已激活！,2026-05-31 10:38:09,20,580842,1574,26.2,是 / Yes,Fantasy、Love Triangle、Revenge,奇幻、三角恋、复仇,"A kiss-triggered program awakens and turns romance into a glitchy battle between love, control, and chaos.",,否 / No,,https://www.tiktok.com/@drama.pro28
drama.pro28,The Lore Master,The Lore Master,40,ID 7657976746188248071,Beast: His Dark Sea Bride,野兽：他的暗海新娘,2026-07-03 01:04:01,62,1994487,5450,90.8,是 / Yes,Fantasy、Forced Love、dark romance,奇幻、强迫的爱、黑暗浪漫,Beast: His Dark Sea Bride,,否 / No,,https://www.tiktok.com/@drama.pro28
drama.pro28,The Lore Master,The Lore Master,41,ID 7653493052673692679,"Hobo Swallows Iron, NYC Kneels",流浪汉吞下铁，纽约下跪,2026-06-20 23:06:09,24,830306,1704,28.4,是 / Yes,Action、City,行动、城市,"Hobo Swallows Iron, NYC Kneels",,否 / No,,https://www.tiktok.com/@drama.pro28
drama.pro28,The Lore Master,The Lore Master,42,ID 7643272758042809345,The Botanist Who Seduced The Plant King,引诱植物王的植物学家,2026-05-25 21:35:25,20,6012172,1707,28.4,是 / Yes,dark romance、Romantic Complications、Fantasy,黑暗浪漫、浪漫并发症、奇幻,"Every plant on Earth woke up hungry, angry, and ready to kill — skyscrapers strangled by vines, sunflowers firing explosive seeds like cannons — and the only woman who can hear them speak just discovered the Plant King doesn't want peace, he wants her heart, literally and figuratively.",,否 / No,,https://www.tiktok.com/@drama.pro28
drama.pro28,The Lore Master,The Lore Master,43,ID 7644411193586750485,Thorns Under the Moon,月下荆棘,2026-05-27 23:30:41,31,795812,1817,30.3,是 / Yes,Revenge、Mistaken Identities、Royal Palace,复仇、错误的身份、皇宫,"Once an innocent moon witch, Ivy concealed her identity and fell in love with Crown Prince Liam. Yet on the night of the royal massacre, she was shot off a cliff by Liam himself. Three years later, she returns to the palace as a cold, sharp black lotus under the fake identity of a mysterious noble lady from another kingdom. Her goal is clear: to make the traitorous Liam and the entire imperial city pay dearly with blood.",,否 / No,,https://www.tiktok.com/@drama.pro28
drama.pro28,The Lore Master,The Lore Master,44,ID 7653013751855682578,God Mode Striker,神模式前锋,2026-06-19 16:06:25,50,818259,4796,79.9,是 / Yes,Sports、Fantasy、Mistaken Identities,运动的、奇幻、错误的身份,God Mode Striker,,否 / No,,https://www.tiktok.com/@drama.pro28
drama.pro28,The Lore Master,The Lore Master,45,ID 7650346861983257608,Midnight Anchor,午夜锚,2026-06-12 11:36:37,40,324010,2336,38.9,是 / Yes,Mystery、Fantasy,神秘、奇幻,Midnight Anchor,,否 / No,,https://www.tiktok.com/@drama.pro28
drama.pro28,The Lore Master,The Lore Master,46,ID 7647854070455260180,Against the Tide,逆潮流而动,2026-06-07 16:54:04,30,517860,1635,27.2,是 / Yes,Family Feud、Adventure、Superior and Inferior,家庭恩怨、冒险、强弱逆袭,"In 1839 steampunk London, Lilyan disguises herself as a man to vote, only to be arrested. Hired by mysterious tycoon Ambrose, she becomes his secretary and uncovers his secret plan: using an ancient steam core to free enslaved spirits and women. When her sister—a hidden spirit—is targeted for sacrifice, Lilyan joins the “Fog Liberation Alliance.” Storming the Elder fortress, she shatters the enslaving rune machine. Finally, without disguise, she declares voting rights, work equality, and freedom from blood-based chains. A new dawn breaks over the Thames.",,否 / No,,https://www.tiktok.com/@drama.pro28
drama.pro28,The Lore Master,The Lore Master,47,ID 7645808130961544209,Cupid’s Broken Arrow,丘比特的断箭,2026-05-31 20:44:11,31,540801,1666,27.8,是 / Yes,Fantasy、Love Triangle、Romantic Complications,奇幻、三角恋、浪漫并发症,God descends to mortal world and falls into irreversible true love,,否 / No,,https://www.tiktok.com/@drama.pro28
drama.pro28,The Lore Master,The Lore Master,48,ID 7640529526480753684,Executions of the Lone Overlord,处决孤独霸主,2026-05-18 06:32:37,10,1727000,608,10.1,是 / Yes,Revenge、Challenge/Quests in Game、Love Triangle,复仇、游戏中的挑战/任务、三角恋,Executions of the Lone Overlord,,否 / No,,https://www.tiktok.com/@drama.pro28
drama.pro28,The Lore Master,The Lore Master,49,ID 7650101583333970952,My Farm Grows Mutant Dragons,我的农场里养着变异龙,2026-06-12 09:14:16,30,782775,1716,28.6,是 / Yes,Family & Ethics、Rural Area,家庭与道德、乡村,My Farm Grows Mutant Dragons,,否 / No,,https://www.tiktok.com/@drama.pro28
drama.pro28,The Lore Master,The Lore Master,50,ID 7645849485742314512,Betrayed by the Stars,被星星背叛,2026-06-01 00:08:13,30,544785,1757,29.3,是 / Yes,Revenge、Fantasy、Love Triangle,复仇、奇幻、三角恋,Betrayed by the Stars,,否 / No,,https://www.tiktok.com/@drama.pro28
drama.pro28,The Lore Master,The Lore Master,51,ID 7639314184873972737,The Archmage's Rebirth,大法师的重生,2026-05-14 09:37:16,10,490748,880,14.7,是 / Yes,Revenge、Challenge/Quests in Game,复仇、游戏中的挑战/任务,The Archmage's Rebirth,,否 / No,,https://www.tiktok.com/@drama.pro28
drama.pro28,The Lore Master,The Lore Master,52,ID 7569901831745279007,The Prince's Serpent Bride,王子的蛇新娘,2025-11-07 22:58:20,26,43542530,2068,34.5,是 / Yes,Revenge、Fantasy,复仇、奇幻,He's an elf prince CEO. She's his pregnant Medusa maid. Questions?,,否 / No,,https://www.tiktok.com/@drama.pro28
drama.pro28,The Lore Master,The Lore Master,53,ID 7638350660186051605,DoomsdayMy InfiniteLuxuryBunker,世界末日我的无限豪华地堡,2026-05-11 05:20:06,30,4522742,1766,29.4,是 / Yes,Challenge/Quests in Game、Love Triangle、Revenge,游戏中的挑战/任务、三角恋、复仇,DoomsdayMy InfiniteLuxuryBunker,,否 / No,,https://www.tiktok.com/@drama.pro28
drama.pro28,The Lore Master,The Lore Master,54,ID 7598091798258455583,The Dragon Slayer Abandoned magic,屠龙者被遗弃的魔法,2026-01-23 19:09:49,6,14213617,417,7.0,是 / Yes,Revenge、Lost Child、Cultivation,复仇、丢失的孩子、栽培,God becomes a servant to save his daughter.,,否 / No,,https://www.tiktok.com/@drama.pro28
drama.pro28,The Lore Master,The Lore Master,55,ID 7592472287400547359,Waking up in 3000 A.D.,在公元 3000 年醒来,2026-01-07 20:34:11,5,3123819,321,5.3,是 / Yes,Ensemble Cast、Fantasy、Adventure,群像、奇幻、冒险,Waking up in 3000 A.D. in the future,,否 / No,,https://www.tiktok.com/@drama.pro28
drama.pro28,The Lore Master,The Lore Master,56,ID 7581432846615680031,Mermaid In A Manhole,沙井里的美人鱼,2025-12-09 19:17:19,5,117313796,338,5.6,是 / Yes,Fantasy、Forced Love、dark romance,奇幻、强迫的爱、黑暗浪漫,Mermaid In A Manhole,,否 / No,,https://www.tiktok.com/@drama.pro28
drama.pro28,The Lore Master,The Lore Master,57,ID 7639357284103132180,She Burns Brighter Than Dragonfire,她燃烧得比龙火更明亮,2026-05-14 20:41:05,19,45606802,1330,22.2,是 / Yes,Revenge、Cultivation、Redemption,复仇、栽培、赎回,"In a world ruled by dragons, the only girl born without scales is branded a curse — until the ancient Dragon King awakens for her blood, and every dragon who ever burned her discovers she carries the one power that can make gods kneel.",,否 / No,,https://www.tiktok.com/@drama.pro28
drama.pro28,The Lore Master,The Lore Master,58,ID 7599961574648058911,Dark Edge,黑暗边缘,2026-01-30 09:42:33,5,922540,372,6.2,是 / Yes,Adventure、Lost Child、Challenge/Quests in Game,冒险、丢失的孩子、游戏中的挑战/任务,Dark Edge,,否 / No,,https://www.tiktok.com/@drama.pro28
drama.pro28,The Lore Master,The Lore Master,59,ID 7624933861180527633,Healer of the Devil,恶魔的治愈者,2026-04-14 09:36:42,28,4109874,1741,29.0,是 / Yes,Family & Ethics、Royal Palace、Redemption,家庭与道德、皇宫、赎回,"Healer of the Devil, Fantasy",,否 / No,,https://www.tiktok.com/@drama.pro28
drama.pro28,The Lore Master,The Lore Master,60,ID 7639357288775685141,Unchained Tides: The Siren They Couldn't Break,不受束缚的潮汐：他们无法打破的海妖,2026-05-14 21:23:44,26,23687789,1993,33.2,是 / Yes,Mistaken Identities、Adventure、Fantasy,错误的身份、冒险、奇幻,"A marine biologist infiltrates a brutal underground aquarium and discovers its star captive isn't a genetic hoax — she's the last living mermaid, her blood holds the secret to immortality, and falling for her could drown them both.",,否 / No,,https://www.tiktok.com/@drama.pro28
drama.pro28,The Lore Master,The Lore Master,61,ID 7620785021619688478,The Cinder Throne,余烬王座,2026-04-01 11:27:14,44,12873975,2859,47.6,是 / Yes,Fantasy、Redemption、Revenge,奇幻、赎回、复仇,"The Cinder Throne, dragon Heir",,否 / No,,https://www.tiktok.com/@drama.pro28
drama.pro28,The Lore Master,The Lore Master,62,ID 7611519412713264158,"Dated by the Knight, Hunted by the Gods",被骑士约会，被众神追捕,2026-03-01 09:44:43,29,11322553,2000,33.3,是 / Yes,Cultivation、Love Triangle、Adventure,栽培、三角恋、冒险,My Blood Awakened the Abyss Lord,,否 / No,,https://www.tiktok.com/@drama.pro28
drama.pro28,The Lore Master,The Lore Master,63,ID 7638365976530293781,Trapping the Sin-Maid,诱捕罪女,2026-05-11 11:03:47,29,8361136,1656,27.6,是 / Yes,Revenge、Vampire,复仇、吸血鬼,Trapping the Sin-Maid,,否 / No,,https://www.tiktok.com/@drama.pro28
drama.pro28,The Lore Master,The Lore Master,64,ID 7564730715745768478,The Holy War,圣战,2025-10-24 23:42:41,10,112096985,651,10.8,是 / Yes,Cultivation、Revenge、Bromance,栽培、复仇、兄弟情谊,"the Archangel Michael must confront his brother Lucifer, whose pride ignites a rebellion that threatens the fate of both Heaven and Humanity",,否 / No,,https://www.tiktok.com/@drama.pro28
drama.pro28,The Lore Master,The Lore Master,65,ID 7598574865456878623,Medusa’s Mission,美杜莎的使命,2026-01-24 09:58:31,5,5371602,278,4.6,是 / Yes,Spy Drama、Contract Lovers、Fantasy,谍战剧、合约爱好者、奇幻,"Weird New Mission, and The Rebirth of Medusa",,否 / No,,https://www.tiktok.com/@drama.pro28
drama.pro28,The Lore Master,The Lore Master,66,ID 7585162895588119583,The Mind Reading Knight,读心骑士,2025-12-19 21:40:39,5,1660543,289,4.8,是 / Yes,Betrayal、Fantasy、Enemies to Lovers,背叛、奇幻、从敌人到恋人,Reading mind in ANY time.,,否 / No,,https://www.tiktok.com/@drama.pro28
drama.pro28,The Lore Master,The Lore Master,67,ID 7582587162332533790,The Medusa Writer's Revenge,美杜莎作家的复仇,2025-12-12 19:57:27,10,5256696,800,13.3,是 / Yes,Fantasy、Revenge,奇幻、复仇,"Don't mess up with Hollywood's ghostwriter, especially when she is Medusa.",,否 / No,,https://www.tiktok.com/@drama.pro28
drama.pro28,The Lore Master,The Lore Master,68,ID 7593603926201603103,Bound to The Forbidden,绑定到禁忌,2026-01-13 20:43:48,5,860270,414,6.9,是 / Yes,Cultivation、Love After Marriage、Betrayal,栽培、婚后的爱情、背叛,Mind reader falling in love in mile high.,,否 / No,,https://www.tiktok.com/@drama.pro28
drama.pro28,The Lore Master,The Lore Master,69,ID 7568457063823840286,Blood and Crown,血与王冠,2025-11-03 23:18:29,5,9961660,413,6.9,是 / Yes,Cultivation、Redemption、Adventure,栽培、赎回、冒险,Human greed stirs blood and chaos,,否 / No,,https://www.tiktok.com/@drama.pro28
drama.pro28,The Lore Master,The Lore Master,70,ID 7614532575561913374,My World Betrays Me,我的世界背叛了我,2026-03-11 09:54:19,49,4866257,3439,57.3,是 / Yes,Revenge、Cultivation、Ensemble Cast,复仇、栽培、群像,"My World Betrays Me, But I learn to fight",,否 / No,,https://www.tiktok.com/@drama.pro28
drama.pro28,The Lore Master,The Lore Master,71,ID 7638350759637193748,"Reborn in Wonderland, I Woke Up With Powers",重生在仙境，醒来时拥有力量,2026-05-11 06:10:50,30,3710103,1678,28.0,是 / Yes,Fantasy、Revenge、Redemption,奇幻、复仇、赎回,"Reborn in Wonderland, I Woke Up With Powers",,否 / No,,https://www.tiktok.com/@drama.pro28
drama.pro28,The Lore Master,The Lore Master,72,ID 7606384062311486494,Beast King's Forbidden Love,兽王的禁忌之爱,2026-02-15 10:22:17,21,54642511,1361,22.7,是 / Yes,Fantasy、Revenge,奇幻、复仇,Served to the Beast and loved,,否 / No,,https://www.tiktok.com/@drama.pro28
drama.pro28,The Lore Master,The Lore Master,73,ID 7594424241987261470,My boyfriend is a fish,我的男朋友是一条鱼,2026-01-14 16:04:23,4,61464799,343,5.7,是 / Yes,Fantasy、Love Triangle、Betrayal,奇幻、三角恋、背叛,She drowned human. She woke up princess.,,否 / No,,https://www.tiktok.com/@drama.pro28
drama.pro28,The Lore Master,The Lore Master,74,ID 7572184257880232991,Snail Girl,蜗牛女孩,2025-11-14 20:58:42,5,38454109,315,5.2,是 / Yes,Fantasy、Revenge、Redemption,奇幻、复仇、赎回,A magical snail girl enslaved by a greedy man returns with her tribe to burn his town and unleash an army of flesh-eating snails in this dark fantasy revenge tale 🐚🔥,,否 / No,,https://www.tiktok.com/@drama.pro28
drama.pro28,The Lore Master,The Lore Master,75,ID 7606734132869338143,The Princess’ Secret Guard,公主的秘密卫士,2026-02-19 09:57:42,18,289586662,1561,26.0,是 / Yes,Fantasy、Betrayal、Sismance,奇幻、背叛、西斯芒斯,"The Princess’ Secret Guard, The Girl Who Fought Like a Man",,否 / No,,https://www.tiktok.com/@drama.pro28
drama.pro28,The Lore Master,The Lore Master,76,ID 7604498059464266783,QUEEN MEDUSA,美杜莎女王,2026-02-12 20:03:30,20,61517005,1510,25.2,是 / Yes,Ensemble Cast、Fantasy、Revenge,群像、奇幻、复仇,Monster babies. A toxic ex. A war of the gods. Who rules the seas?,,否 / No,,https://www.tiktok.com/@drama.pro28
duniadrama43,DuniaDrama,DuniaDrama,1,,Reclaim My Life(More in Drama⬇️),夺回我的生活（更多剧情⬇️）,2026-07-11 07:21:45,32,14653,0,0,,,,,,,https://v77.tiktokcdn-eu.com/6551d45aef3a82c0f7de05d0931fa2c3/6a55b1f2/video/tos/alisg/tos-alisg-pve-0037/osfVQCONwqDCJGGWdvB3IxpxggFfBqA2K0DcVE/?a=1233&bti=PDQ1NWYwLTE6&&bt=498&ft=td_Ls8s6oA-O12Nvbf~ZzIxRBMDJb3_45SY&mime_type=video_mp4&rc=Zjk0O2c0PDs4PGVoOTQ7NkBpM2htO285cjNwOzMzODgzNEAxYjIzMGIuX2IxMmFeMWNeYSNwaG4wMmRzNGlhLS1kL2Bzcw%3D%3D&vvpl=1&l=202607130349185490C929F2C12379D10D&btag=e00088000&shp=d05b14bd&shcp=-,https://www.tiktok.com/@duniadrama43
duniadrama43,DuniaDrama,DuniaDrama,2,,Kissed You at the End of the Night(More in Drama⬇️),在深夜吻了你（更多剧情⬇️）,2026-07-11 05:34:19,2,656,0,0,,,,,,,https://v45.tiktokcdn-eu.com/8b189619ca32ca9eaedeef38dbe16a9c/6a55b201/video/tos/alisg/tos-alisg-ve-37c799-sg/owFJrL4eUgkaEWHesCZWJTJQR9MAOJAOHA8ePL/?a=1233&bti=PDQ1NWYwLTE6&&bt=833&ft=FczkaNdkVcy5Uxl7KStG-XD5S8ZEf1PXtQyOakcyqF_4&mime_type=video_mp4&rc=ZDw3NmU8NTQ2aThmZjs2aEBpMzR3cnE5cjs4OzMzZzgzNEBhMC02NmNgXy8xXi0zLTIwYSNjNGtlMmRzZm1hLS1kLy9zcw%3D%3D&vvpl=1&l=20260713034920C2833D86248D7A7FD676&btag=e00095000&shp=d05b14bd&shcp=-,https://www.tiktok.com/@duniadrama43
duniadrama43,DuniaDrama,DuniaDrama,3,,Kontrak Dibatalkan oleh Ciuman,丘曼控制中心,2026-07-06 13:03:53,1,940,0,0,,,,,,,https://v45.tiktokcdn-eu.com/13f5d303cace033338213dca5d6e67be/6a55b1f6/video/tos/alisg/tos-alisg-pve-0037/o44fI3FjqopK0OOLBQDAEcSiVMqgNBJCEzEkfi/?a=1233&bti=M0BzMzU8OGYpNzo5Zi5wIzEuLjpkNDQwOg%3D%3D&&bt=719&ft=FczkaNdkVcy5Uxl7KStG-XD5S8ZEf1PXtQyOakcyqF_4&mime_type=video_mp4&rc=N2lnZjhmaDhlOTdnNmdpZkBpamg8OGs5cjVtPDMzODgzNUBiLi5eMTJgNl8xLjIzLy9eYSNvci8wMmRrYjJhLS1kLzZzcw%3D%3D&vvpl=1&l=20260713034920C2833D86248D7A7FD676&btag=e0008d000,https://www.tiktok.com/@duniadrama43
duniadrama43,DuniaDrama,DuniaDrama,4,,Rose Manor: Hidden Legacy(More in Drama⬇️),玫瑰庄园：隐藏的遗产（更多剧情⬇️）,2026-07-04 09:29:19,39,14472,0,0,,,,,,,https://v45.tiktokcdn-eu.com/1fcf4bd32339f277e514f33e8c3da612/6a55b20b/video/tos/alisg/tos-alisg-ve-37c799-sg/osCiAUE1wsAHrN4gQIjLU4s4PSrsogkBc6ali/?a=1233&bti=PDQ1NWYwLTE6&&bt=345&ft=FczkaNdkVcy5Uxl7KStG-XD5SZZEf1PXt~Z7qToyqF_4&mime_type=video_mp4&rc=ZDM2Nzw1NzdnM2hnO2loNEBpM287aGo5cm41OzMzZzgzNEAwNmIxLV8uXzAxNmBeX2FfYSNiYy9mMmQ0anFhLS1kLy9zcw%3D%3D&vvpl=1&l=20260713034932363D98C68273A47C3BA7&btag=e00095000&shp=d05b14bd&shcp=-,https://www.tiktok.com/@duniadrama43
duniadrama43,DuniaDrama,DuniaDrama,5,,High Domain’s Fall(More in Drama⬇️),高领域的陷落（更多剧情⬇️）,2026-07-01 10:54:57,26,4560,0,0,,,,,,,https://v45.tiktokcdn-eu.com/48372baf53d24ccf3d55a5b1353dc016/6a55b206/video/tos/useast5/tos-useast5-ve-0068c003-tx/oMQGWJQJIQ1gIsLAQCVAc9eeeuZtKxSffQc4ra/?a=1233&bti=PDQ1NWYwLTE6&&bt=680&ft=XsFb8q4fmbdPD12z4.qI3wUTtEoWEeF~O5&mime_type=video_mp4&rc=OWU6Z2Y1ZWVoaWlpOGY1PEBpamRyb3A5cnB5OzMzZzgzNEAuNjMwXjMwXy8xYS9gLy9iYSNpbmFjMmQ0X2NhLS1kLy9zcw%3D%3D&vvpl=1&l=20260713034934DC239427C5F6CC8278FB&btag=e0008d000&shp=d05b14bd&shcp=-,https://www.tiktok.com/@duniadrama43
lovebiteshorts,LoveBite Shorts,LoveBite Shorts,1,ID 7654853749977928721,Urban Passion: Pure Love,都市激情：纯爱,2026-06-24 15:05:04,40,107157,2463,41.0,是 / Yes,City、Flipped、Love Life of Ordinary People,城市、翻转、普通人的爱情生活,"Independent café owner Emma meets talented ad creative director Lucas. From first spark to smooth teamwork, they share sweet moments, resolve misunderstandings and small conflicts. In a light urban comedy vibe, they fall in love, telling a warm sweet love story",,否 / No,,https://www.tiktok.com/@lovebiteshorts
lovebiteshorts,LoveBite Shorts,LoveBite Shorts,2,ID 7655181300995265556,Hidden Bodyguard Royal Gambit,隐藏保镖皇家策略,2026-06-25 12:14:56,40,75816,2372,39.5,是 / Yes,Contract Lovers、Family Feud、Business Competition,合约爱好者、家庭恩怨、商业竞赛,"Reclusive power leader Leon returns to the city and meets independent heiress Ella. They make a deal: Leon protects Ella as a bodyguard. Together they fight a greedy uncle, jealous rival and dark forces. Through business wars, plots and dangers, they fall in love, reveal their power, defeat enemies and embrace each other.",,否 / No,,https://www.tiktok.com/@lovebiteshorts
lovebiteshorts,LoveBite Shorts,LoveBite Shorts,3,ID 7655250959504839700,Noble Fall Forbidden Warmth,高贵的秋天 禁忌的温暖,2026-06-25 16:48:07,60,103950,3508,58.5,是 / Yes,Family Disputes、Contract Lovers、Family Feud,家庭纠纷、合约爱好者、家庭恩怨,"Sevillana, a wealthy lady, suffers unfair treatment from her selfish family. Her elder sister is ruined by a political marriage, which makes her distrust love deeply. After being betrayed by her boyfriend, she meets the seemingly poor Ash on a rainy night and signs a companionship contract with him. As they stay together, true love grows between them. Meanwhile, she fights against her greedy relatives who attempt to seize power. In fact, Ash is the heir of a top noble family. They overcome all difficulties and prejudices, and finally stay together happily.",,否 / No,,https://www.tiktok.com/@lovebiteshorts
lovebiteshorts,LoveBite Shorts,LoveBite Shorts,4,ID 7654921214071133205,Hidden Wolf Heiress’s Edge,隐狼女继承人的边缘,2026-06-24 19:26:46,40,326858,2390,39.8,是 / Yes,Contract Lovers、Adventure、Werewolf,合约爱好者、冒险、狼人,"Wealthy heiress Elena gets caught in an arms plot and meets hidden wolf prince Kane. Fleeing danger and faking marriage, they team up against villains, expose wolf gene experiments, survive betrayals and blood moon awakenings. Finally, they defeat foes, claim the throne and wed under the dark moon, guarding peace between humans and wolves.",,否 / No,,https://www.tiktok.com/@lovebiteshorts
lovebiteshorts,LoveBite Shorts,LoveBite Shorts,5,ID 7652714170932188161,Shadow Heiress: Hidden Truth,影子女继承人：隐藏的真相,2026-06-26 19:53:06,40,116543,2364,39.4,是 / Yes,Family Feud、Mistaken Identities、Revenge,家庭恩怨、错误的身份、复仇,"Orphan Selene is taken to a manor by ambitious heir Damian, forced to impersonate missing heiress Eve due to their identical looks. With psychologist Noah’s secret help, she exposes plots of drugging, surveillance and identity forgery, fights back, regains her true identity and redeems herself.",,否 / No,,https://www.tiktok.com/@lovebiteshorts
lovebiteshorts,LoveBite Shorts,LoveBite Shorts,6,ID 7655169257475281940,Moonlit Wolf’s Fated Love,月夜狼的命中注定的爱情,2026-06-25 11:28:36,40,169230,2443,40.7,是 / Yes,Werewolf、Romantic Complications、Mistaken Identities,狼人、浪漫并发症、错误的身份,"Healing girl Layla meets purebred wolf heir Kalen in forbidden forest. Fated love blooms across races. They fight wolf clan conflicts and villain plots. From distrust to devotion, they overcome barriers, save each other, and live a destined love.",,否 / No,,https://www.tiktok.com/@lovebiteshorts
lovebiteshorts,LoveBite Shorts,LoveBite Shorts,7,ID 7654478043783762962,Black Gold Rose: The Heir’s Forbidden Song,黑金玫瑰：继承者的禁歌,2026-06-23 14:45:58,40,360274,2383,39.7,是 / Yes,Reconciliation、Business Competition、Family Feud,和解、商业竞赛、家庭恩怨,"Black heiress Alison was framed and exiled three years ago. Now she returns strongly, teams up with rival capital hunter Kyle, exposes her stepmother's conspiracy with external consortiums, seizes core port assets, settles old family scores. They guard family glory side by side amid love and hate, completing a dark gold counterattack.",,否 / No,,https://www.tiktok.com/@lovebiteshorts
lovebiteshorts,LoveBite Shorts,LoveBite Shorts,8,ID 7650343567600473109,My 27-Year-old chaste CEO,我的27岁贞洁总裁,2026-06-12 11:24:36,29,351628,2011,33.5,是 / Yes,Contract Lovers、Family & Ethics、Family Feud,合约爱好者、家庭与道德、家庭恩怨,"A penniless nursing student spent an unforgettable night with a reserved billionaire in a desperate bid to save her dying younger sister. She later became his maid, only to find that he would melt his icy heart and claim her for his own forever.",,否 / No,,https://www.tiktok.com/@lovebiteshorts
lovebiteshorts,LoveBite Shorts,LoveBite Shorts,9,ID 7655251024138998805,Rose Reborn Golden Vengeance,玫瑰重生黄金复仇,2026-06-25 16:46:24,40,82216,2321,38.7,是 / Yes,City、Mistaken Identities、Romantic Complications,城市、错误的身份、浪漫并发症,"Eileen, the sole heir of a wealthy aristocratic family, gave up her huge fortune to marry Bryan, an ordinary entrepreneur. She devoted all her savings and connections to help him build his business. However, Bryan betrayed her, colluding with Lena, the financial director, to embezzle assets and frame Eileen, forcing her to leave with nothing. After five years of hard training abroad, Eileen returned as a top business operator. She launched a comprehensive commercial counterattack, breaking down Bryan's business empire step by step. In the end, the two villains got their due punishment. Eileen",,否 / No,,https://www.tiktok.com/@lovebiteshorts
lovebiteshorts,LoveBite Shorts,LoveBite Shorts,10,ID 7648116405712557077,Kissed You at the End of the Night,在深夜吻了你,2026-06-06 11:20:57,60,828690,3885,64.8,是 / Yes,Contract Lovers、Married Life、Family Feud,合约爱好者、婚姻生活、家庭恩怨,"Willow, a poor and resilient girl struggling with heavy debts, has a fateful encounter with Damian, a ruthless, powerful tycoon. A transactional marriage binds them together. Amid misunderstandings, fierce family conflicts, and hidden secrets, they gradually fall for each other. Willow discovers she’s the long-lost heir of a wealthy clan. What’s more, the mysterious Lily Damian has searched for for years turns out to be Willow herself. Their love finally triumphs over all hardships.",,否 / No,,https://www.tiktok.com/@lovebiteshorts
lovebiteshorts,LoveBite Shorts,LoveBite Shorts,11,ID 7659326897775612929,Edge Of Love And Ambition,爱与野心的边缘,2026-07-06 16:22:21,62,108352,3829,63.8,是 / Yes,Workplace、Business Competition、Superior and Inferior,职场、商业竞赛、强弱逆袭,"Isabella Hale, the ruthless and sharp decision-maker at a corporate giant, takes on Ethan Carter, a new assistant transferred from headquarters. Calm and unassuming, Ethan hides a secret mission to get close to her. What begins as tense professional testing quickly turns into high-stakes corporate battles and dangerous attraction. As they outmaneuver rivals and uncover internal conspiracies, their superior-subordinate boundary collapses. Caught between duty and genuine feeling, they spiral into an uncontrollable, risky relationship where trust and betrayal walk a thin line.",,否 / No,,https://www.tiktok.com/@lovebiteshorts
lovebiteshorts,LoveBite Shorts,LoveBite Shorts,12,ID 7654415732939314183,Soft Cage: She Closed the Door,软笼：她关上了门,2026-06-23 10:45:16,40,132063,2452,40.9,是 / Yes,Family Feud、Reconciliation、Married Life,家庭恩怨、和解、婚姻生活,"Evel Ashford, a wealthy heiress, marries Adrian, an ambitious commoner. He poisons her, controls her mind, and seizes her fortune. Pretending insane, Evel teams up with old love Simon to gather evidence. She exposes Adrian and his mistress Leah, tears off the fake marriage, regains everything, and takes charge of her life.",,否 / No,,https://www.tiktok.com/@lovebiteshorts
lovebiteshorts,LoveBite Shorts,LoveBite Shorts,13,ID 7655181304463741973,Gilded Gambit House of Plots,镀金棋局情节之屋,2026-06-25 12:15:53,40,110336,2365,39.4,是 / Yes,Business Competition、Family Feud、Ensemble Cast,商业竞赛、家庭恩怨、群像,"After the Kane patriarch falls into a coma without a will, a power struggle erupts. Second son Elias and youngest daughter Sophia unite against their ambitious elder brother, a Wall Street tycoon, and a family rival. They root out traitors, fend off capital attacks, settle feuds, and save the century-old empire.",,否 / No,,https://www.tiktok.com/@lovebiteshorts
lovebiteshorts,LoveBite Shorts,LoveBite Shorts,14,ID 7654410246172988424,"Harbour Secrets, Crown Cracks",港口秘密，皇冠裂缝,2026-06-23 10:24:00,40,140020,2421,40.4,是 / Yes,Family Feud、Redemption、Family Disputes,家庭恩怨、赎回、家庭纠纷,"Fallen PR expert Ivy gets entangled in Klein Shipping’s inheritance storm while probing her mother’s disappearance. Heir Lucas is trapped in scandals. Teaming up, they fight his scheming cousin, crooked lawyer and fake engagement plot. Uncovering decade-old forged trusts and dock bombing secrets, they tear open the cracks in the capital crown.",,否 / No,,https://www.tiktok.com/@lovebiteshorts
lovebiteshorts,LoveBite Shorts,LoveBite Shorts,15,ID 7647480284648117256,Hidden Heiress & Secret Vow,隐藏的女继承人和秘密誓言,2026-06-04 18:11:34,60,374643,3696,61.6,是 / Yes,Family Disputes、Family Feud、Contract Lovers,家庭纠纷、家庭恩怨、合约爱好者,"Anna, a struggling lawyer, signs a hidden marriage contract with cold-hearted tycoon heir Lucas to save her seriously ill mother. Caught in a brutal family power struggle, she faces plots from the stepmother, ex-fiancée and hidden schemers. From tentative suspicion and fierce rivalry, they join forces to expose dark family secrets. Breaking all shackles, they finally choose to walk side by side with independence.",,否 / No,,https://www.tiktok.com/@lovebiteshorts
lovebiteshorts,LoveBite Shorts,LoveBite Shorts,16,ID 7655181290114929685,Cold Legacy Deadly Pact,冰冷遗产致命契约,2026-06-25 12:14:59,40,59600,2277,38.0,是 / Yes,Family Feud、Revenge,家庭恩怨、复仇,"Poor heir Sevien's family is ruined by old tycoon West. Biding his time, he teams up with independent queen Ella and luxury tycoon, exposes offshore crimes, takes revenge, breaks monopoly, rebuilds order and rises from poverty.",,否 / No,,https://www.tiktok.com/@lovebiteshorts
lovebiteshorts,LoveBite Shorts,LoveBite Shorts,17,ID 7654853752003859457,Betrayed Heiress: Dark Revenge,被背叛的女继承人：黑暗复仇,2026-06-24 15:04:08,40,117126,2432,40.5,是 / Yes,Family Feud、Family Disputes,家庭恩怨、家庭纠纷,"Amnesiac heiress Celeste was framed by her cousin and fiancé, stripped of inheritance and disgraced. Three years later, she returns as a mysterious capital consultant, teams up with cold capital hunter Alexander, exposes family money laundering, avenges betrayers, regains everything and completes dark revenge amid love and hate.",,否 / No,,https://www.tiktok.com/@lovebiteshorts
lovebiteshorts,LoveBite Shorts,LoveBite Shorts,18,ID 7659301069029315592,Lord of Ashes: The New York Vendetta,灰烬之王：纽约仇杀,2026-07-06 14:42:24,62,110655,4113,68.5,是 / Yes,Family Disputes、City,家庭纠纷、城市,"Betrayed by her father, stepmother, and brother, Elaine Stewart, the rightful heir of the Stewart family, dies cruelly in a psychiatric hospital. Reborn with memories of her past life, she returns to take revenge. She allies with Silas Carroll, a ruthless tycoon on Wall Street, using financial warfare and sharp wits to destroy her enemies one by one. Amid high-stakes power struggles in New York’s elite circle, she rises from the ashes, claims her throne, and rewrites her fate.",,否 / No,,https://www.tiktok.com/@lovebiteshorts
lovebiteshorts,LoveBite Shorts,LoveBite Shorts,19,ID 7654183866877924372,Midnight Elopement Ex Begs Return,午夜私奔前男友乞求归来,2026-06-22 19:44:27,40,205126,2537,42.3,是 / Yes,Revenge、Childhood Sweethearts、Family Feud,复仇、青梅竹马、家庭恩怨,"Waitress Evelyn is betrayed and humiliated by her fiancé Caleb, abandoned in the rain. Desperate, she reunites with childhood friend Dante, a mafia leader. Evelyn awakens to fight back, exposes the scumbag ex, joins Dante to defeat family plots and business traps. From a discarded nobody to a powerful winner, she gains true love and dignity.",,否 / No,,https://www.tiktok.com/@lovebiteshorts
lovebiteshorts,LoveBite Shorts,LoveBite Shorts,20,ID 7654410248601654279,Cold CEO: Sweet Fake Love,冷总裁：甜蜜的假爱,2026-06-23 10:23:59,40,142528,2359,39.3,是 / Yes,Contract Lovers、Family Feud、Married Life,合约爱好者、家庭恩怨、婚姻生活,"Mia, a humble waitress, signs a one-year fake marriage with cold tycoon Logan to redeem her late grandma’s pub. Facing rival’s schemes and family intrigues, she fights back bravely, rises from a contract wife to true love, breaks biases and wins her life.",,否 / No,,https://www.tiktok.com/@lovebiteshorts
lovebiteshorts,LoveBite Shorts,LoveBite Shorts,21,ID 7657482306508067856,Noble Blood Fated Bond,高贵的血缘纽带,2026-07-01 17:04:58,40,115454,2375,39.6,是 / Yes,Family & Ethics、Mistaken Identities、Family Feud,家庭与道德、错误的身份、家庭恩怨,"After sleeping for a thousand years, Isolde, a medieval British noble lord, wakes up and takes over the body of the real daughter of the wealthy Sawyer family, who was exiled to the countryside for eighteen years. Back home, she breaks prejudice, rectifies household affairs and exposes the hypocrisy of the fake daughter Evelyn. With profound knowledge and extraordinary bearing, she gains a firm foothold in the upper class. She meets Samuel, the powerful leader of Hart Group. The two fall in love and fight side by side. They defeat hostile capital, eliminate internal traitors, and uncover the e",,是 / Yes,,https://www.tiktok.com/@lovebiteshorts
lovebiteshorts,LoveBite Shorts,LoveBite Shorts,22,ID 7654921192478725141,Throne of Wolves: Fate Binds,狼王座：命运结合,2026-06-24 19:26:44,40,192495,2282,38.0,是 / Yes,Vampire、Romantic Complications、Superior and Inferior,吸血鬼、浪漫并发症、强弱逆袭,"Orphan Liana, a hidden werewolf descendant, endures abuse as vampire heir Carrion’s maid. Abandoned, she awakens her wolf blood, joins werewolf leader Raven, and seeks revenge. She infiltrates vampire castles, uncovers plots, fights foes, navigates love-hate struggles, finally claims the wolf throne and builds a new order.",,否 / No,,https://www.tiktok.com/@lovebiteshorts
lovebiteshorts,LoveBite Shorts,LoveBite Shorts,23,ID 7650072957359952904,Forced Wed to a Wealthy Magnate,被迫嫁给一个富有的大亨,2026-06-17 23:53:28,62,357534,3947,65.8,是 / Yes,Family Feud、Political Intrigue、Love After Marriage,家庭恩怨、政治阴谋、婚后的爱情,"Rumors spread that Elena was forced by her family to marry Adrian, a down-and-out heir, in her sister's place, while her sister took her seemingly wealthy fiancé for herself. After the marriage, she accidentally discovered that her husband was actually the ruler of a top-tier conglomerate. With her outstanding business talent, she helped him solidify his power and stage a remarkable comeback.",,否 / No,,https://www.tiktok.com/@lovebiteshorts
lovebiteshorts,LoveBite Shorts,LoveBite Shorts,24,ID 7654853746421290000,Midnight Bond of Two Hearts,午夜两心的羁绊,2026-06-24 15:05:09,62,129102,4084,68.1,是 / Yes,Family Feud、Contract Lovers、Romantic Complications,家庭恩怨、合约爱好者、浪漫并发症,"Poor girl Sophie starts a dangerous contract with cold tycoon Leon. He dominates possessively while she teases back, drawing each other in. As his white light returns and dark plots unfold, they break free from control and temptation, falling from deal to true love in intense sweet tension.",,否 / No,,https://www.tiktok.com/@lovebiteshorts
lovebiteshorts,LoveBite Shorts,LoveBite Shorts,25,ID 7661845561091413009,Imperial Throne: Wolf Pact,帝国王座：狼之契约,2026-07-13 11:20:28,40,23836,2605,43.4,是 / Yes,,,"Isola, a hidden wolf princess abandoned in the human world since infancy, falls for King Samuel at first sight and builds his empire with her battles. Betrayed by his ambition and his marriage to another, she flees to the wolf kingdom, reclaims her royal heritage, and leads her people to defeat the human invasion. Rising from a forsaken girl to the supreme ruler, she ends centuries of war and unites the land.",,否 / No,,https://www.tiktok.com/@lovebiteshorts
lovebiteshorts,LoveBite Shorts,LoveBite Shorts,26,ID 7654916065725682689,CEO’s Hidden Fate,CEO隐藏的命运,2026-06-24 19:06:44,62,195776,4098,68.3,是 / Yes,City、Reconciliation、Romantic Complications,城市、和解、浪漫并发症,"Sober planner Sophie has a one-night flit with tycoon Ryan after a drunken night. She flees the next day, only to join his firm years later. A fake imposter takes her place. Calm and resilient, she exposes lies, wins his true love, and rewrites their fate.",,否 / No,,https://www.tiktok.com/@lovebiteshorts
lovebiteshorts,LoveBite Shorts,LoveBite Shorts,27,ID 7658491960818422805,Atlantis Love Song of the Sea,亚特兰蒂斯海洋情歌,2026-07-04 10:23:38,117,273920,7822,130.4,是 / Yes,Action、City、Redemption,行动、城市、赎回,"Ten thousand years ago, Atlantis fell. The sea god's son, Saen, was sealed away. When the seal breaks, he falls into modern Los Angeles. Musician Orfina saves him and awakens as the other half of his lost divinity. Together, they fight the agency MED and the ancient Deep Sea Shadow. They recover the golden halberd, fuse their twin powers, and end ten thousand years of darkness. The old law separating gods and humans is abolished. Peace returns to the world.",,否 / No,,https://www.tiktok.com/@lovebiteshorts
lovebiteshorts,LoveBite Shorts,LoveBite Shorts,28,ID 7657755473404154900,Silent Vengeance Of A Lady,一位女士的无声复仇,2026-07-02 10:45:15,59,114402,3460,57.7,是 / Yes,Family Feud、Love Triangle、Married Life,家庭恩怨、三角恋、婚姻生活,"Vivian, a talented Wall Street trader, gave up her career to help her husband Braden build a business empire. However, Braden betrayed her with his COO Chloe and tried to seize all their assets. Heartbroken but calm, Vivian collected evidence secretly and planned her revenge step by step. With the help of Theodore, who had loved and guarded her for years, she defeated all villains, took back her business and revitalized the group. Finally, she stood at the peak of her career and embraced true love.",,否 / No,,https://www.tiktok.com/@lovebiteshorts
lovebiteshorts,LoveBite Shorts,LoveBite Shorts,29,ID 7650072939324380168,My Contracted Billionaire,我的契约亿万富翁,2026-06-18 11:22:59,62,335460,3950,65.8,是 / Yes,Family & Ethics、Contract Lovers、Family Feud,家庭与道德、合约爱好者、家庭恩怨,"A fake marriage romance about proud designer Lina Carter and controlling tycoon Ethan Blake, who enter a one year contract for money and status. What begins as a cold transaction turns into intense attraction, hidden obsession, and true love—until the controlling man falls hard for the woman he tried to own.",,否 / No,,https://www.tiktok.com/@lovebiteshorts
lovebiteshorts,LoveBite Shorts,LoveBite Shorts,30,ID 7659229316429091848,Truth Beyond Capital’s Reign,超越资本统治的真相,2026-07-06 10:04:44,60,196395,3499,58.3,是 / Yes,Business Competition、City,商业竞赛、城市,"Sharon, a talented PR expert, was suppressed and slandered viciously by Leah for refusing to cover up corporate scandals. Trapped in a desperate situation, she never gave up. She teamed up with Evan, the media heir, and Noah, an experienced investigator. They united numerous victimized small and medium enterprises, dug out evidence of online rumors and illegal capital deals. After a series of tough struggles, they completely destroyed the illegal industrial chain, ended capital hegemony, and finally built a fair and transparent new order for the whole industry.",,否 / No,,https://www.tiktok.com/@lovebiteshorts
lovebiteshorts,LoveBite Shorts,LoveBite Shorts,31,ID 7655251013976757269,Glass Estate Palpitation of Love,玻璃庄园爱情的心悸,2026-06-25 16:46:28,60,168380,3703,61.7,是 / Yes,Contract Lovers、Family Feud、Romantic Complications,合约爱好者、家庭恩怨、浪漫并发症,"Elena, an ordinary florist, meets Alexander, the heir of a wealthy family at a banquet. They start as fake lovers and gradually fall for each other. Faced with huge status gaps, strong family opposition and troubles from Alexander's ex-fiancée, the two experience many misunderstandings and hardships. Yet they stick to their love bravely. Eventually, they break through all obstacles, walk hand in hand into marriage, and live a sweet life in the glass estate.",,否 / No,,https://www.tiktok.com/@lovebiteshorts
lovebiteshorts,LoveBite Shorts,LoveBite Shorts,32,ID 7655181271949120532,Pretended Frailty: Whole Heart,假装脆弱：全心全意,2026-06-25 12:14:55,40,91360,2391,39.9,是 / Yes,Family Feud、Redemption、Romantic Complications,家庭恩怨、赎回、浪漫并发症,"Cold tycoon Kai pretends to be weak to avoid disputes. He meets healing illustrator Evelyn, who takes care of him. They fall in love amid warm companionship. Facing rival troubles and family plots, Kai secretly protects her. Finally, he reveals his identity, loves her openly, and they heal each other for a lifetime.",,否 / No,,https://www.tiktok.com/@lovebiteshorts
lovebiteshorts,LoveBite Shorts,LoveBite Shorts,33,ID 7655181230707053588,Starlight to Old Years,星光岁月,2026-06-25 12:15:49,40,112880,2347,39.1,是 / Yes,City、Reconciliation、Romantic Complications,城市、和解、浪漫并发症,"Cold singer Lucas has a crush on classmate Layla for ten years. Reunited, he dotes and protects her silently. They go through misunderstandings, rival schemes and class gaps, resolve ten-year knots, cross barriers, and finally stay together.",,否 / No,,https://www.tiktok.com/@lovebiteshorts
lovebiteshorts,LoveBite Shorts,LoveBite Shorts,34,ID 7654921181643953173,Throne of Nobles: The Prodigal’s Power,贵族王座：浪子的力量,2026-06-24 19:26:45,40,321529,2401,40.0,是 / Yes,Mistaken Identities、Political Intrigue、Family Feud,错误的身份、政治阴谋、家庭恩怨,"Playboy heir Ethan hides shrewdness behind a reckless facade. Scheming step by step, he teams with rivals, exposes family crimes, overthrows hidden masterminds, dismantles the old order, seizes the throne, and stages a disguised comeback in wealthy power struggles.",,否 / No,,https://www.tiktok.com/@lovebiteshorts
lovebiteshorts,LoveBite Shorts,LoveBite Shorts,35,ID 7650067812282799122,MEMORY ANTIBODY,记忆抗体,2026-06-12 09:11:13,40,110130,2557,42.6,是 / Yes,Fantasy、Redemption、Mystery,奇幻、赎回、神秘,"As an elite hunter, K-7 gets trapped in a baffling conspiracy when ordered to capture fugitive Spirit Butterfly and extract her memories. Set in near-future Neo Kowloon where memories are traded and modified freely, both are disposable pawns of Project E-7, an initiative creating human-weapon specimens. K-7 turns out to be the biological son of L-0, the project’s core designer, while Spirit Butterfly bears all of L-0’s wiped memories as the vital key. Caught between hunt and escape, they unearth the memory scheme, the hidden mother-son secret and their destined bond step by step. In the finale",,是 / Yes,,https://www.tiktok.com/@lovebiteshorts
lovebiteshorts,LoveBite Shorts,LoveBite Shorts,36,ID 7655181308771210261,Billionaire’s Pretense: Real Love,亿万富翁的伪装：真爱,2026-06-25 12:16:01,40,181952,2420,40.3,是 / Yes,Love After Marriage、Romantic Complications、Family Feud,婚后的爱情、浪漫并发症、家庭恩怨,"Poor painter Winnie is actually a hidden art top star. She marries into a wealthy family for debt, becoming a laughingstock. Cold tycoon Samuel pretends to love another, but secretly loves Winnie. They fake identities, clear enemies, and turn a contract into true love.",,否 / No,,https://www.tiktok.com/@lovebiteshorts
lovebiteshorts,LoveBite Shorts,LoveBite Shorts,37,ID 7654921224564560916,Gilded Bond: True Love,镀金债券：真爱,2026-06-24 19:26:42,40,446958,2490,41.5,是 / Yes,Romantic Complications、Contract Lovers、Family Feud,浪漫并发症、合约爱好者、家庭恩怨,"Tough jewelry designer Elena agrees to fake dating cold tycoon Lucas to pay her father’s debt. They grow from a contract to true love, facing rivals, family power struggles and business plots. Saving each other, they break wealthy chains and become each other’s only true love.",,否 / No,,https://www.tiktok.com/@lovebiteshorts
lovebiteshorts,LoveBite Shorts,LoveBite Shorts,38,ID 7655181300047156245,Capital Empire True Rivals,首都帝国真正的对手,2026-06-25 12:15:32,40,277803,2346,39.1,是 / Yes,Family Feud、Business Competition、Enemies to Lovers,家庭恩怨、商业竞赛、从敌人到恋人,"Top heir Leon and rival Eve are tied by fate since youth. They compete fiercely in capital games while secretly protecting each other. Uncovering plots and family schemes, they turn rivals into lovers and build a new empire together.",,否 / No,,https://www.tiktok.com/@lovebiteshorts
lovebiteshorts,LoveBite Shorts,LoveBite Shorts,39,ID 7654916078950388752,Black Crown: Heir’s Deception,黑王冠：继承人的欺骗,2026-06-24 19:06:38,40,114282,2361,39.4,是 / Yes,Family Feud、Business Competition、Lost Child,家庭恩怨、商业竞赛、丢失的孩子,"Disgraced heiress Isabella teams up with ruthless tycoon Damian in a twisted inheritance battle. They fight a scheming brother, hypocritical father and hidden mastermind, exposing money laundering and identity fraud. She tears down the dark empire and rebuilds a new order.",,否 / No,,https://www.tiktok.com/@lovebiteshorts
lovebiteshorts,LoveBite Shorts,LoveBite Shorts,40,ID 7654183897706009620,Silent Stake: Hidden Truth,沉默的赌注：隐藏的真相,2026-06-22 19:45:26,40,142096,2404,40.1,是 / Yes,Enemies to Lovers、Family Feud、Business Competition,从敌人到恋人、家庭恩怨、商业竞赛,"Clair Winston, a fallen socialite, returns with a secret equity stake, disrupting a century-old merger between two powerful clans. Cold heir Adrian Blackwood initially sees her as a threat, yet they team up amid suspicion and tension. Together, they uncover truths behind a decade-old yacht blast, family bankruptcy, and hidden dark money. Amid fierce power struggles, identity twists and intense chemistry, they fight the mysterious Silent Stakeholder pulling all strings.",,否 / No,,https://www.tiktok.com/@lovebiteshorts
lovebiteshorts,LoveBite Shorts,LoveBite Shorts,41,ID 7654478082883146760,Rose Manor: Hidden Legacy,玫瑰庄园：隐藏的遗产,2026-06-23 14:45:58,40,93124,2407,40.1,是 / Yes,Mistaken Identities、Mystery、Family Feud,错误的身份、神秘、家庭恩怨,"Fallen heiress Evelyn returns to the wealthy circle as an art restorer, sneaking into the mysterious Rose Manor to investigate her father’s death. She teams up with cold heir Arthur, uncovering schemes, exposing the ""White Rose"" syndicate, and navigating revenge and love to find the truth.",,否 / No,,https://www.tiktok.com/@lovebiteshorts
lovebiteshorts,LoveBite Shorts,LoveBite Shorts,42,ID 7655251013976691733,Silent Turmoil Eternal Bond,无声的骚动 永恒的羁绊,2026-06-25 16:48:12,60,109120,3603,60.0,是 / Yes,Enemies to Lovers、Crime、Family Feud,从敌人到恋人、犯罪、家庭恩怨,"Two major underworld forces confront each other in West City. Quinn, the young leader of the Old Domain, suffers betrayal from his trusted follower, leaving his power on the verge of collapse. Mia, daughter of the rival gang's leader, detests her family's cruel deeds and always upholds kindness. The two start as enemies and gradually become allies. They expose plots, punish traitors and fight against brutal tyranny. After countless battles, trials of power and struggles of human nature, they break the doomed fate, end years of chaos and finally bring peace back to the whole city.",,否 / No,,https://www.tiktok.com/@lovebiteshorts
lovebiteshorts,LoveBite Shorts,LoveBite Shorts,43,ID 7658250287890748432,The Thorn Crown: Elena's Game,荆棘王冠：埃琳娜的游戏,2026-07-03 18:44:39,60,171192,3731,62.2,是 / Yes,Family Feud、Contract Lovers、Revenge,家庭恩怨、合约爱好者、复仇,"Elena, a noble lady, was used as a marriage tool by her family. After marriage, her husband Karen betrayed her and brought his mistress and illegitimate child home. She also suffered unfair treatment from her in-laws and selfish relatives. Having fallen into despair, she decided to fight back. With outstanding business talent, she seized power step by step. She teamed up with Oliver, the richest tycoon, to defeat all enemies. In the end, she took control of business groups and became a powerful, independent female leader.",,否 / No,,https://www.tiktok.com/@lovebiteshorts
lovebiteshorts,LoveBite Shorts,LoveBite Shorts,44,ID 7659301078873560071,My Nanny Is a Top Celebrity,我的保姆是顶级名人,2026-07-06 14:43:07,40,129672,2104,35.1,是 / Yes,Fantasy、Mistaken Identities、Romantic Complications,奇幻、错误的身份、浪漫并发症,"Global Hollywood superstar Luna is an alien stranded on Earth. She disguises herself as a plain maid and works for wealthy tycoon Eli to earn funds for interstellar return. Eli hires her as a fake partner to avoid forced family marriage, falling for the modest girl gradually amid daily bickering and warm interactions. After her dual identity and alien origin are uncovered, Eli chases her across desert against cosmic recall force. True love reshapes Luna’s star core, and they tie the knot for eternal happiness.",,否 / No,,https://www.tiktok.com/@lovebiteshorts
lovebiteshorts,LoveBite Shorts,LoveBite Shorts,45,ID 7654478037631177746,Throne Beneath Power and Lies,权力与谎言之下的王座,2026-06-23 14:46:52,40,96120,2303,38.4,是 / Yes,Family Feud、Redemption、Family Disputes,家庭恩怨、赎回、家庭纠纷,"Bankrupt heiress Evelyn, as an M&A consultant, signs a contract marriage with cold tycoon Alexander to uncover her family’s collapse plot. They test each other, seize power together, expose wealthy capital secrets and family traitors. From mutual use to side-by-side, they finally win back everything and gain true love.",,否 / No,,https://www.tiktok.com/@lovebiteshorts
lovebiteshorts,LoveBite Shorts,LoveBite Shorts,46,ID 7658708874106852373,Stand-In Bride Spoiled Crazy by Underworld Tycoon,替身新娘被黑道大亨宠疯了,2026-07-05 00:24:44,40,344477,2230,37.2,是 / Yes,Married Life、Family Feud、Contract Lovers,婚姻生活、家庭恩怨、合约爱好者,"A poor girl, Lynn, becomes a stand‑in bride for Ethan, a ruthless underworld tycoon. He pays for her mother’s surgery—no feelings allowed. But when the real “fiancée” returns, Lynn leaves heartbroken. Ethan hunts her down, saves her from a fire, and reveals the truth: there was no other woman. Claire was a fake. Lynn was his one true love all along. She forgives him, and the substitute becomes his queen.",,否 / No,,https://www.tiktok.com/@lovebiteshorts
lovebiteshorts,LoveBite Shorts,LoveBite Shorts,47,ID 7654853676909253649,The Night I Bought Him,我买下他的那个晚上,2026-06-24 15:05:07,40,105585,2674,44.6,是 / Yes,Revenge、Contract Lovers、Family Feud,复仇、合约爱好者、家庭恩怨,"Amnesiac heiress Celeste buys rival tyco Adrian to uncover her parents' death. They pretend to be lovers, spy on each other, and team up against her scheming brother. Unraveling dark secrets and old conspiracies, they find truth and true love amid revenge and tension.",,否 / No,,https://www.tiktok.com/@lovebiteshorts
lovebiteshorts,LoveBite Shorts,LoveBite Shorts,48,ID 7654916098466386960,Wealth Cage: Fatal Lie,财富笼：致命谎言,2026-06-24 19:06:40,40,204996,2403,40.0,是 / Yes,Family Disputes、Family Feud,家庭纠纷、家庭恩怨,"Financial investigator Elena probes a frozen billion-dollar trust, trapped in a fake heir scam. Teaming with rebellious heir Theo, she exposes identity fraud, uncovers money laundering plots, tears down the capital cage and ends the scheme.",,否 / No,,https://www.tiktok.com/@lovebiteshorts
lovebiteshorts,LoveBite Shorts,LoveBite Shorts,49,ID 7646820426089337872,Love Beyond Deal,爱超越交易,2026-06-05 13:13:39,60,800894,3932,65.5,是 / Yes,Family Feud、Love After Marriage、Married Life,家庭恩怨、婚后的爱情、婚姻生活,"Elena, a former brilliant ballerina reduced to a hotel pianist, signs a 6-month contract marriage with Sebastian, a cold and domineering tycoon, to cover her mother’s medical bills. Living together, they go from cautious testing to deep affection, facing family opposition, capital conspiracies and past traumas hand in hand. They save each other, grow together, and finally turn a fake marriage into a lifelong love.",,否 / No,,https://www.tiktok.com/@lovebiteshorts
lovebiteshorts,LoveBite Shorts,LoveBite Shorts,50,ID 7646782155787342855,Stars Secret Keeper,明星秘密守护者,2026-06-05 13:13:39,62,315805,3870,64.5,是 / Yes,Superior and Inferior、Romantic Complications、Celebrity,强弱逆袭、浪漫并发症、名人,"Julian Thorne, a top Hollywood actor and wealthy heir, is cold and lonely, trapped by his controlling family. Aria Miller, a gifted photography student, becomes his assistant to save her family. She sees his true self through her lens; he secretly protects her from danger. As they fight his mother’s schemes and class barriers, they heal each other, break free from their chains, and find love in the light.",,否 / No,,https://www.tiktok.com/@lovebiteshorts
lovebiteshorts,LoveBite Shorts,LoveBite Shorts,51,ID 7629243058986832914,The Elite Marriage,精英婚姻,2026-04-16 20:17:56,35,2914870,2129,35.5,是 / Yes,Family Feud、Contract Lovers、Revenge,家庭恩怨、合约爱好者、复仇,The Elite Marriage,,否 / No,,https://www.tiktok.com/@lovebiteshorts
lovebiteshorts,LoveBite Shorts,LoveBite Shorts,52,ID 7628064997817521159,Awakening the Day of Reckoning,觉醒清算之日,2026-04-13 14:31:06,35,335198,2168,36.1,是 / Yes,Fantasy、Revenge,奇幻、复仇,Awakening the Day of Reckoning,,否 / No,,https://www.tiktok.com/@lovebiteshorts
lovebiteshorts,LoveBite Shorts,LoveBite Shorts,53,ID 7626661261165646866,The Substitute Bride,替身新娘,2026-04-10 15:39:01,20,1430015,962,16.0,是 / Yes,Love After Marriage、Family Feud、Revenge,婚后的爱情、家庭恩怨、复仇,The Substitute Bride,,否 / No,,https://www.tiktok.com/@lovebiteshorts
lovebiteshorts,LoveBite Shorts,LoveBite Shorts,54,ID 7647398478791939080,Thorned Kiss Idols Revenge Darling,荆棘之吻偶像复仇亲爱的,2026-06-04 12:55:06,60,200208,3775,62.9,是 / Yes,Celebrity、Contract Lovers、Revenge,名人、合约爱好者、复仇,"Sienna, a top anti-fan, publicly denounces superstar Julian, triggering a huge online storm. Forced by public pressure, she signs a fake couple contract with him and moves into his mansion. Living together, they test each other but gradually fall for each other, accidentally getting involved in a dark capital conspiracy. After betrayals, breakups and life-and-death trials, they join hands to expose the plot, clearing all grievances. Finally, the former enemies become true lovers.",,否 / No,,https://www.tiktok.com/@lovebiteshorts
lovebiteshorts,LoveBite Shorts,LoveBite Shorts,55,ID 7647100679261180945,High Domain’s Fall,高域的陨落,2026-06-03 17:39:17,60,241250,3771,62.9,是 / Yes,Family Disputes、Family Feud、Lost Child,家庭纠纷、家庭恩怨、丢失的孩子,"When the head of a top tycoon suffers a sudden stroke, a power vacuum sparks fierce family infighting. Rebellious second son Leo, ruthless eldest daughter Catherine and weak youngest son Toby compete fiercely. Scheming C Monica seeks revenge in secret, while Wall Street vulture Simon eyes the empire. A deadly game of greed, betrayal and power unfolds, who will claim the ultimate domain in the end?",,否 / No,,https://www.tiktok.com/@lovebiteshorts
lovebiteshorts,LoveBite Shorts,LoveBite Shorts,56,ID 7642589654734312455,kiss or kill,亲吻或杀死,2026-05-24 07:16:53,39,784577,2526,42.1,是 / Yes,Contract Lovers、Family Feud、Romantic Complications,合约爱好者、家庭恩怨、浪漫并发症,"A hitwoman is forced by a system to make her mafia target fall in love with her—only to discover he knew her true identity all along, and would rather tear the system apart than let her go.",,否 / No,,https://www.tiktok.com/@lovebiteshorts
lovebiteshorts,LoveBite Shorts,LoveBite Shorts,57,ID 7631493210996560914,Experiment Brother,实验兄弟,2026-04-22 17:11:44,25,815986,1499,25.0,是 / Yes,Redemption、Fantasy、Adventure,赎回、奇幻、冒险,"Zane, a mutant with a living mark, is rescued by his adoptive sister Lila. Her touch is the antidote to his poison and the key to his powers. Hunted by a mad scientist, they escape a collapsing alien lab. Lila’s blood awakens his space‑ripping and mind‑control abilities. They destroy the monster doctor, flee the self‑destructing base, and crash back to Earth—free at last, not as siblings, but as soulmates.",,否 / No,,https://www.tiktok.com/@lovebiteshorts
lovebiteshorts,LoveBite Shorts,LoveBite Shorts,58,ID 7631152610900333586,Duke's Captive,公爵的俘虏,2026-04-22 16:07:56,23,1126780,1300,21.7,是 / Yes,Vampire、Revenge,吸血鬼、复仇,"Betrayed and killed by the woman he loved in their past life, a vampire duke locks her in a cage of obsessive possession after they both wake up reborn—only to find that this time, she’s not his enemy, but his most dangerous weapon of revenge.",,否 / No,,https://www.tiktok.com/@lovebiteshorts
dramavault40,物語の空,物語の空,1,ID 7654317352489620488,The Heiress Behind His Empire,帝国背后的女继承人,2026-06-23 04:21:42,40,278727,2555,42.6,是 / Yes,Mistaken Identities、Family & Ethics、Family Feud,错误的身份、家庭与道德、家庭恩怨,"Avery Kingsley, a hidden wealthy heiress, abandons her noble identity to accompany her husband Julian to start a business and secretly pave the way for his career. Right before his company goes public, Julian looks down on Avery and files for a divorce. Heartbroken, Avery returns to take charge of the powerful Kingsley Group. Julian later realizes his so-called business empire is entirely built by Avery. Amid fierce business struggles and family intrigues, Avery breaks free from the past and becomes a strong independent leader.",,否 / No,,https://www.tiktok.com/@dramavault40
dramavault40,物語の空,物語の空,2,ID 7653379467045262352,My Contracted Billionaire,我的契约亿万富翁,2026-06-20 15:42:11,62,337294,3950,65.8,是 / Yes,Contract Lovers、Married Life、Family Feud,合约爱好者、婚姻生活、家庭恩怨,"A fake marriage romance about proud designer Lina Carter and controlling tycoon Ethan Blake, who enter a one year contract for money and status. What begins as a cold transaction turns into intense attraction, hidden obsession, and true love—until the controlling man falls hard for the woman he tried to own.",,否 / No,,https://www.tiktok.com/@dramavault40
dramavault40,物語の空,物語の空,3,ID 7654493853621523476,"Harbour Secrets, Crown Cracks",港口秘密，皇冠裂缝,2026-06-23 15:46:24,40,246180,2421,40.4,是 / Yes,Business Competition、Workplace、Contract Lovers,商业竞赛、职场、合约爱好者,"Fallen PR expert Ivy gets entangled in Klein Shipping’s inheritance storm while probing her mother’s disappearance. Heir Lucas is trapped in scandals. Teaming up, they fight his scheming cousin, crooked lawyer and fake engagement plot. Uncovering decade-old forged trusts and dock bombing secrets, they tear open the cracks in the capital crown.",,否 / No,,https://www.tiktok.com/@dramavault40
dramavault40,物語の空,物語の空,4,ID 7654581501226275860,Black Gold Rose: The Heir’s Forbidden Song,黑金玫瑰：继承者的禁歌,2026-06-23 21:26:42,40,320820,2384,39.7,是 / Yes,Reconciliation、Family Disputes、Family Feud,和解、家庭纠纷、家庭恩怨,"Black heiress Alison was framed and exiled three years ago. Now she returns strongly, teams up with rival capital hunter Kyle, exposes her stepmother's conspiracy with external consortiums, seizes core port assets, settles old family scores. They guard family glory side by side amid love and hate, completing a dark gold counterattack.",,否 / No,,https://www.tiktok.com/@dramavault40
dramavault40,物語の空,物語の空,5,ID 7644461304883237909,Duke's Captive,公爵的俘虏,2026-05-27 16:12:15,23,325024,1308,21.8,是 / Yes,Vampire、Reconciliation、Revenge,吸血鬼、和解、复仇,"Betrayed and killed by the woman he loved in their past life, a vampire duke locks her in a cage of obsessive possession after they both wake up reborn—only to find that this time, she’s not his enemy, but his most dangerous weapon of revenge.",,否 / No,,https://www.tiktok.com/@dramavault40
dramavault40,物語の空,物語の空,6,ID 7653271102747284500,Forced Wed to a Wealthy Magnate,被迫嫁给一个富有的大亨,2026-06-20 08:41:36,62,332997,3947,65.8,是 / Yes,Family Feud、Redemption、Married Life,家庭恩怨、赎回、婚姻生活,"Rumors spread that Elena was forced by her family to marry Adrian, a down-and-out heir, in her sister's place, while her sister took her seemingly wealthy fiancé for herself. After the marriage, she accidentally discovered that her husband was actually the ruler of a top-tier conglomerate. With her outstanding business talent, she helped him solidify his power and stage a remarkable comeback.",,否 / No,,https://www.tiktok.com/@dramavault40
dramavault40,物語の空,物語の空,7,ID 7644468037164291073,Experiment Brother,实验兄弟,2026-06-06 16:35:08,25,329601,1449,24.1,是 / Yes,Adventure、Mistaken Identities、Fantasy,冒险、错误的身份、奇幻,"Zane, a mutant with a living mark, is rescued by his adoptive sister Lila. Her touch is the antidote to his poison and the key to his powers. Hunted by a mad scientist, they escape a collapsing alien lab. Lila’s blood awakens his space‑ripping and mind‑control abilities. They destroy the monster doctor, flee the self‑destructing base, and crash back to Earth—free at last, not as siblings, but as soulmates.",,否 / No,,https://www.tiktok.com/@dramavault40
dramavault40,物語の空,物語の空,8,ID 7648488750682723329,Kissed You at the End of the Night,在深夜吻了你,2026-06-07 11:23:53,60,421624,3885,64.8,是 / Yes,Love After Marriage、Married Life、Family Feud,婚后的爱情、婚姻生活、家庭恩怨,"Willow, a poor and resilient girl struggling with heavy debts, has a fateful encounter with Damian, a ruthless, powerful tycoon. A transactional marriage binds them together. Amid misunderstandings, fierce family conflicts, and hidden secrets, they gradually fall for each other. Willow discovers she’s the long-lost heir of a wealthy clan. What’s more, the mysterious Lily Damian has searched for for years turns out to be Willow herself. Their love finally triumphs over all hardships.",,否 / No,,https://www.tiktok.com/@dramavault40
dramavault40,物語の空,物語の空,9,ID 7654323016620463122,Silent Stake: Hidden Truth,沉默的赌注：隐藏的真相,2026-06-23 04:43:22,40,321396,2404,40.1,是 / Yes,Contract Lovers、Revenge、Family Feud,合约爱好者、复仇、家庭恩怨,"Clair Winston, a fallen socialite, returns with a secret equity stake, disrupting a century-old merger between two powerful clans. Cold heir Adrian Blackwood initially sees her as a threat, yet they team up amid suspicion and tension. Together, they uncover truths behind a decade-old yacht blast, family bankruptcy, and hidden dark money. Amid fierce power struggles, identity twists and intense chemistry, they fight the mysterious Silent Stakeholder pulling all strings.",,否 / No,,https://www.tiktok.com/@dramavault40
dramavault40,物語の空,物語の空,10,ID 7651054795905799186,My 27-Year-old chaste CEO,我的27岁贞洁总裁,2026-06-14 09:20:57,28,837599,1946,32.4,是 / Yes,Family Feud、Romantic Complications、Contract Lovers,家庭恩怨、浪漫并发症、合约爱好者,"A penniless nursing student spent an unforgettable night with a reserved billionaire in a desperate bid to save her dying younger sister. She later became his maid, only to find that he would melt his icy heart and claim her for his own forever.",,否 / No,,https://www.tiktok.com/@dramavault40
dramavault40,物語の空,物語の空,11,ID 7650220487615927317,Love Beyond Deal,爱超越交易,2026-06-12 03:24:30,60,421548,3932,65.5,是 / Yes,Love After Marriage、City、Married Life,婚后的爱情、城市、婚姻生活,"Elena, a former brilliant ballerina reduced to a hotel pianist, signs a 6-month contract marriage with Sebastian, a cold and domineering tycoon, to cover her mother’s medical bills. Living together, they go from cautious testing to deep affection, facing family opposition, capital conspiracies and past traumas hand in hand. They save each other, grow together, and finally turn a fake marriage into a lifelong love.",,否 / No,,https://www.tiktok.com/@dramavault40
dramavault40,物語の空,物語の空,12,ID 7642238186110391303,Ten Wrong Heir,十个错误的继承人,2026-05-21 15:16:05,25,342561,1361,22.7,是 / Yes,Revenge、Family Feud、Lost Child,复仇、家庭恩怨、丢失的孩子,"It tells the story of Anna Hart, the female protagonist, who was raised as an outsider by the Miller family for twenty years. When George fell critically ill, she was ruthlessly cast out by the family. Later, she unexpectedly learns that she is the true heir to the family. She then uncovers the truth behind her mother’s murder two decades ago, ultimately exacting revenge and vindicating her identity.",,否 / No,,https://www.tiktok.com/@dramavault40
dramavault40,物語の空,物語の空,13,ID 7648495016918389776,Love Bites,爱咬,2026-06-07 11:48:09,60,808026,3704,61.7,是 / Yes,Married Life、Fantasy、Enemies to Lovers,婚姻生活、奇幻、从敌人到恋人,"In a world where fruits live as people, a fable on a plate foretells all: Steak weds Egg; jealous Tomato is eaten. Kind Cherry, bullied by Durian and Pineapple, finds hope in Square Watermelon. She later marries the changed Durian, sparking Pineapple's fury. As Cherry's love redeems a family, a wedding knife is blocked by Durian. Three stories, one truth—sacrifice defines worth.",,否 / No,,https://www.tiktok.com/@dramavault40
dramavault40,物語の空,物語の空,14,ID 7650369311202120725,Magic Supreme,魔法至尊,2026-06-12 13:00:59,39,321531,2603,43.4,是 / Yes,Cultivation、Adventure,栽培、冒险,"When an ancient-goddess-reincarnated girl and her ""Beauty and the Beast Corps"" thwart a revenge-driven elven reincarnation plot, they discover the true enemy is a demon of words from the abyss—and this victory is merely the prelude to a greater game between divine realms and imperial ambitions.",,否 / No,,https://www.tiktok.com/@dramavault40
dramavault40,物語の空,物語の空,15,ID 7654493836945527828,Cold CEO: Sweet Fake Love,冷总裁：甜蜜的假爱,2026-06-23 15:46:20,40,319338,2359,39.3,是 / Yes,Love After Marriage、Family Feud、Married Life,婚后的爱情、家庭恩怨、婚姻生活,"Mia, a humble waitress, signs a one-year fake marriage with cold tycoon Logan to redeem her late grandma’s pub. Facing rival’s schemes and family intrigues, she fights back bravely, rises from a contract wife to true love, breaks biases and wins her life.",,否 / No,,https://www.tiktok.com/@dramavault40
dramavault40,物語の空,物語の空,16,ID 7651539261216363538,MEMORY ANTIBODY,记忆抗体,2026-06-15 16:40:59,40,316800,2557,42.6,是 / Yes,Redemption、Mystery、Fantasy,赎回、神秘、奇幻,"As an elite hunter, K-7 gets trapped in a baffling conspiracy when ordered to capture fugitive Spirit Butterfly and extract her memories. Set in near-future Neo Kowloon where memories are traded and modified freely, both are disposable pawns of Project E-7, an initiative creating human-weapon specimens. K-7 turns out to be the biological son of L-0, the project’s core designer, while Spirit Butterfly bears all of L-0’s wiped memories as the vital key. Caught between hunt and escape, they unearth the memory scheme, the hidden mother-son secret and their destined bond step by step. In the finale",,是 / Yes,,https://www.tiktok.com/@dramavault40
dramavault40,物語の空,物語の空,17,ID 7649895448806691860,Hidden Heiress & Secret Vow,隐藏的女继承人和秘密誓言,2026-06-11 06:22:38,60,348174,3696,61.6,是 / Yes,Contract Lovers、Married Life、Family Feud,合约爱好者、婚姻生活、家庭恩怨,"Anna, a struggling lawyer, signs a hidden marriage contract with cold-hearted tycoon heir Lucas to save her seriously ill mother. Caught in a brutal family power struggle, she faces plots from the stepmother, ex-fiancée and hidden schemers. From tentative suspicion and fierce rivalry, they join forces to expose dark family secrets. Breaking all shackles, they finally choose to walk side by side with independence.",,否 / No,,https://www.tiktok.com/@dramavault40
dramavault40,物語の空,物語の空,18,ID 7642244977254470664,The Elite Marriage,精英婚姻,2026-05-22 17:08:56,35,245547,2129,35.5,是 / Yes,Family Feud、Married Life、Contract Lovers,家庭恩怨、婚姻生活、合约爱好者,The Elite Marriage,,否 / No,,https://www.tiktok.com/@dramavault40
dramavault40,物語の空,物語の空,19,ID 7654136982838694928,Campus Magic,校园魔法,2026-06-22 16:41:28,40,329195,2089,34.8,是 / Yes,Revenge、Cultivation、Superior and Inferior,复仇、栽培、强弱逆袭,"In the magic-ruled Elder Continent, bloodline supremacy dominates the sacred Saint Glory Royal Magic Academy. Ryder Gray, a powerless orphan labeled a worthless curse-bearer, endures endless bullying from arrogant noble students and is reduced to a menial servant. He accidentally awakens the forbidden Void Pupil, a lost magic that can analyze, absorb and crack all spells. Hiding his power, he grows stronger in secret and forms a loyal alliance with Erin, a talented fallen noble girl. Step by step, they uncover the academy’s dark truth—senior officials steal ordinary students’ magic essence to",,否 / No,,https://www.tiktok.com/@dramavault40
dramavault40,物語の空,物語の空,20,ID 7649864472215180306,Thorned Kiss Idols Revenge Darling,荆棘之吻偶像复仇亲爱的,2026-06-11 04:22:03,60,356742,3775,62.9,是 / Yes,Enemies to Lovers、Romantic Complications、Celebrity,从敌人到恋人、浪漫并发症、名人,"Sienna, a top anti-fan, publicly denounces superstar Julian, triggering a huge online storm. Forced by public pressure, she signs a fake couple contract with him and moves into his mansion. Living together, they test each other but gradually fall for each other, accidentally getting involved in a dark capital conspiracy. After betrayals, breakups and life-and-death trials, they join hands to expose the plot, clearing all grievances. Finally, the former enemies become true lovers.",,否 / No,,https://www.tiktok.com/@dramavault40
dramavault40,物語の空,物語の空,21,ID 7654322995447501831,Midnight Elopement Ex Begs Return,午夜私奔前男友乞求归来,2026-06-23 04:43:20,40,321840,2537,42.3,是 / Yes,Family Feud、Childhood Sweethearts、Revenge,家庭恩怨、青梅竹马、复仇,"Waitress Evelyn is betrayed and humiliated by her fiancé Caleb, abandoned in the rain. Desperate, she reunites with childhood friend Dante, a mafia leader. Evelyn awakens to fight back, exposes the scumbag ex, joins Dante to defeat family plots and business traps. From a discarded nobody to a powerful winner, she gains true love and dignity.",,否 / No,,https://www.tiktok.com/@dramavault40
dramavault40,物語の空,物語の空,22,ID 7654307642994676752,My Grandpa's girlfriend Is a Dinosaur,我爷爷的女朋友是恐龙,2026-06-23 03:43:50,40,371764,2324,38.7,是 / Yes,Family & Ethics、Age Gap/Older Boyfriend、City,家庭与道德、年龄差距/年长的男朋友、城市,"78-year-old veteran Max falls for Luna, a half-human-high alien T-rex in his nursing home. Family resists, but her kindness wins them over. When criminals kidnap his grandson, the family rescues her. After awakening her powers, Luna is recalled to her home planet, and Max chooses to go with her.",,否 / No,,https://www.tiktok.com/@dramavault40
dramavault40,物語の空,物語の空,23,ID 7654632657821864981,Throne Beneath Power and Lies,权力与谎言之下的王座,2026-06-24 00:45:16,40,334132,2302,38.4,是 / Yes,Revenge、Contract Lovers、Workplace,复仇、合约爱好者、职场,"Bankrupt heiress Evelyn, as an M&A consultant, signs a contract marriage with cold tycoon Alexander to uncover her family’s collapse plot. They test each other, seize power together, expose wealthy capital secrets and family traitors. From mutual use to side-by-side, they finally win back everything and gain true love.",,否 / No,,https://www.tiktok.com/@dramavault40
dramavault40,物語の空,物語の空,24,ID 7648824980595233812,Unsilenced：Soul Slaughters,不沉默：灵魂屠杀,2026-06-08 09:08:39,39,381664,2585,43.1,是 / Yes,Revenge、City,复仇、城市,"Six-year-old genius Ella survives a brutal assault by a serial killer. Twenty years later, as a top prosecutor, she recognizes his signature in a new string of murders. Haunted but unbroken, Ella hunts the demon who destroyed her childhood. After a dangerous game of cat and mouse, she brings him to justice. Her ultimate triumph is not just personal vengeance; she spearheads a landmark legal reform, ensuring such predators can no longer escape the ultimate punishment. The victim becomes the architect of justice.",,否 / No,,https://www.tiktok.com/@dramavault40
dramavault40,物語の空,物語の空,25,ID 7657360138654897173,High Domain’s Fall,高域的陨落,2026-07-01 09:09:19,60,330876,3771,62.9,是 / Yes,Ensemble Cast、Family Disputes、Family Feud,群像、家庭纠纷、家庭恩怨,"When the head of a top tycoon suffers a sudden stroke, a power vacuum sparks fierce family infighting. Rebellious second son Leo, ruthless eldest daughter Catherine and weak youngest son Toby compete fiercely. Scheming C Monica seeks revenge in secret, while Wall Street vulture Simon eyes the empire. A deadly game of greed, betrayal and power unfolds, who will claim the ultimate domain in the end?",,否 / No,,https://www.tiktok.com/@dramavault40
dramavault40,物語の空,物語の空,26,ID 7654323030608335890,Zombie Siege: The Last Immune,僵尸围攻：最后的免疫,2026-06-23 04:43:29,45,319885,3049,50.8,是 / Yes,End-of-the-World、Childhood Sweethearts、Betrayal,世界末日、青梅竹马、背叛,"Three years after the Pale Dawn virus, lower-zone survivor Ava is betrayed and thrown onto a bait truck. When her blood reveals a rare stabilizing code, she joins Kane, an old classmate turned zombie king, to expose Ark City’s sacrifice system and Eden Core’s experiments. Together, they fight to build Dawn City, where no one’s life is decided by status.",,否 / No,,https://www.tiktok.com/@dramavault40
dramavault40,物語の空,物語の空,27,ID 7654503712534172692,Soft Cage: She Closed the Door,软笼：她关上了门,2026-06-23 16:24:49,40,319467,2452,40.9,是 / Yes,Contract Lovers、Revenge、Family Feud,合约爱好者、复仇、家庭恩怨,"Evel Ashford, a wealthy heiress, marries Adrian, an ambitious commoner. He poisons her, controls her mind, and seizes her fortune. Pretending insane, Evel teams up with old love Simon to gather evidence. She exposes Adrian and his mistress Leah, tears off the fake marriage, regains everything, and takes charge of her life.",,否 / No,,https://www.tiktok.com/@dramavault40
dramavault40,物語の空,物語の空,28,ID 7654131733314884625,Era Reset: Olympus Rises,时代重置：奥林巴斯崛起,2026-06-22 16:21:15,40,330570,2041,34.0,是 / Yes,Action、Fantasy,行动、奇幻,"Millennia ago, Olympian gods and Titans vanished into mortal lives after their great war. Now, Earth's dimensional imbalance triggers a 72-hour cosmic reset. Zeus and Athena lead the Order faction to protect humanity, while Cronus' Chaos Legion seeks to erase civilization and restore divine tyranny. The trickster Loki and his serpent Jörmungandr hold the fate of both worlds in this neon-lit urban apocalypse.",,否 / No,,https://www.tiktok.com/@dramavault40
dramavault40,物語の空,物語の空,29,ID 7649869640155304980,Stars Secret Keeper,明星秘密守护者,2026-06-11 04:42:35,62,374298,3870,64.5,是 / Yes,Celebrity、Romantic Complications、Superior and Inferior,名人、浪漫并发症、强弱逆袭,"Julian Thorne, a top Hollywood actor and wealthy heir, is cold and lonely, trapped by his controlling family. Aria Miller, a gifted photography student, becomes his assistant to save her family. She sees his true self through her lens; he secretly protects her from danger. As they fight his mother’s schemes and class barriers, they heal each other, break free from their chains, and find love in the light.",,否 / No,,https://www.tiktok.com/@dramavault40
dramavault40,物語の空,物語の空,30,ID 7658478496578147344,Rose Manor: Hidden Legacy,玫瑰庄园：隐藏的遗产,2026-07-04 09:29:20,40,269550,2407,40.1,是 / Yes,Revenge、Family Feud、Mistaken Identities,复仇、家庭恩怨、错误的身份,"Fallen heiress Evelyn returns to the wealthy circle as an art restorer, sneaking into the mysterious Rose Manor to investigate her father’s death. She teams up with cold heir Arthur, uncovering schemes, exposing the ""White Rose"" syndicate, and navigating revenge and love to find the truth.",,否 / No,,https://www.tiktok.com/@dramavault40
dramavault40,物語の空,物語の空,31,ID 7642247870371877906,Awakening the Day of Reckoning,觉醒清算之日,2026-05-21 16:20:08,35,830311,2169,36.1,是 / Yes,Fantasy、Superior and Inferior、Action,奇幻、强弱逆袭、行动,Awakening the Day of Reckoning,,否 / No,,https://www.tiktok.com/@dramavault40
dramavault40,物語の空,物語の空,32,ID 7653466812377748481,Shadow Heiress: Hidden Truth,影子女继承人：隐藏的真相,2026-06-20 21:20:57,40,321866,2364,39.4,是 / Yes,Family Feud、Mistaken Identities、Revenge,家庭恩怨、错误的身份、复仇,"Orphan Selene is taken to a manor by ambitious heir Damian, forced to impersonate missing heiress Eve due to their identical looks. With psychologist Noah’s secret help, she exposes plots of drugging, surveillance and identity forgery, fights back, regains her true identity and redeems herself.",,否 / No,,https://www.tiktok.com/@dramavault40
dramavault40,物語の空,物語の空,33,ID 7652405264649491474,Reclaim My Life,夺回我的生活,2026-06-18 00:41:35,33,4391182,2053,34.2,是 / Yes,Friends to Lovers、Revenge、Fantasy,朋友到恋人、复仇、奇幻,"Blueberry, force-fed and abused by Pineapple, teams up with her banana trainer for revenge. She then reincarnates as Grape Sister, fighting her sister in a wealthy family. Later she transmigrates into Peach Girl, gives birth to a durian baby with Lemon Man, and is accused of infidelity. Whose child is the durian baby? How will she rise to this challenge?",,否 / No,,https://www.tiktok.com/@dramavault40
dramavault40,物語の空,物語の空,34,ID 7652482742894285825,The Pretense Game,假装游戏,2026-06-18 05:42:19,48,410966,3404,56.7,是 / Yes,Family & Ethics、Family Feud、Mistaken Identities,家庭与道德、家庭恩怨、错误的身份,"To save her mother, who is dying from late-stage stomach cancer, impoverished student Ella is forced to pose as a wealthy heiress and enter the brutal “Pretense Game.” Teaming up with Leo, another impostor, she fights back against the identity tests and humiliation of an elite campus, uncovers the foundation’s money-laundering scheme hidden behind its scholarship program, and finds true love between lies and truth.",,否 / No,,https://www.tiktok.com/@dramavault40
moboreels_one,MoboReels one,MoboReels one,1,,How to enjoy your favorite drama on Tiktok? One minute！Teach,如何在抖音上欣赏自己喜欢的电视剧？一分钟！教学,2024-12-14 10:55:23,1,1366703,0,0,,,,,,,https://v45.tiktokcdn-eu.com/ddf1e4c7f8692619e30efd78c46e65af/6a55b227/video/tos/maliva/tos-maliva-ve-0068c799-us/oIKDfInqQ8VkEtdCFPAFKIEDcg8SXPPBTZfN7t/?a=1233&bti=M0BzMzU8OGYpNzo5Zi5wIzEuLjpkNDQwOg%3D%3D&&bt=1173&ft=FczkaNdkVcy5Uxl7KStG-XD5SnZEf1PXtFrlfScyqF_4&mime_type=video_mp4&rc=NDk4PGRmNWdpM2U4Zzk3ZUBpajd2Z3A5cmVpdzMzZzgzNEBeMzZfYTUtXzQxNjIzMjE0YSM2c19rMmRjMWJgLS1kLy9zcw%3D%3D&vvpl=1&l=20260713034951EE31AAEAD15750A0D027&btag=e00095000,https://www.tiktok.com/@moboreels_one
moboreels_one,MoboReels one,MoboReels one,2,,01,,2024-10-12 09:16:17,1,5802928,0,0,,,,,,,https://v45.tiktokcdn-eu.com/5be0e26faf5209d10d6f6d54aed421e6/6a55b27d/video/tos/maliva/tos-maliva-ve-0068c799-us/osOOuWg3uEQphlonAkgeI0QJfhC4WBDSkDyVBF/?a=1233&bti=M0BzMzU8OGYpNzo5Zi5wIzEuLjpkNDQwOg%3D%3D&&bt=966&ft=FczkaNdkVcy5Uxl7KStG-XD5SnZEf1PXtFrlfScyqF_4&mime_type=video_mp4&rc=PGY5NDpkNWdkZ2Y7NTc1Z0BpM2x2Z3M5cm1odjMzZzgzNEAtYDIuMzQzXjExLy4zMjMxYSM2ai81MmRrZC9gLS1kLy9zcw%3D%3D&vvpl=1&l=20260713034951EE31AAEAD15750A0D027&btag=e00095000,https://www.tiktok.com/@moboreels_one
moboreels_one,MoboReels one,MoboReels one,3,,One scarred face. One masked stranger. One contract marriage,一张伤痕累累的脸。一名蒙面陌生人。一份契约婚姻,2026-07-12 14:39:35,1,7145,0,0,,,,,,,https://v45.tiktokcdn-eu.com/f89da5a08590fbdd6e30cd4ae8328724/6a55b3c6/video/tos/alisg/tos-alisg-ve-37c799-sg/oAVmrtREgCRghIZQ7BFqAaiDgESn3DaffzUEgl/?a=1233&bti=M0BzMzU8OGYpNzo5Zi5wIzEuLjpkNDQwOg%3D%3D&&bt=1005&ft=FczkaNdkVcy5Uxl7KStG-XD5SnZEf1PXtFrlfScyqF_4&mime_type=video_mp4&rc=NWhoZmU5ZjkzZGc6OTZoZEBpM2Q0O2w5cnRtPDMzZzczNEAyMjUuX2AxXmAxNTQzMzBjYSNlLV5vMmRzNTZhLS1kMS9zcw%3D%3D&vvpl=1&l=20260713034951EE31AAEAD15750A0D027&btag=e00095000,https://www.tiktok.com/@moboreels_one
moboreels_one,MoboReels one,MoboReels one,4,,Husband calls her scarred and worthless? She has a wild nigh,丈夫说她伤痕累累、毫无价值？她有一个狂野的夜晚,2026-07-12 14:20:47,1,2491,0,0,,,,,,,https://v45.tiktokcdn-eu.com/8a6c386c961c85038c629e7fff3dcda2/6a55b376/video/tos/alisg/tos-alisg-ve-37c799-sg/oQTEE4BlElVgbu7iWMpacUAkQJOxBMi6PzILU/?a=1233&bti=M0BzMzU8OGYpNzo5Zi5wIzEuLjpkNDQwOg%3D%3D&&bt=1039&ft=FczkaNdkVcy5Uxl7KStG-XD5SnZEf1PXtFrlfScyqF_4&mime_type=video_mp4&rc=ZzZkNDU7O2RmZzxoZzdlZEBpM3Vwb3Q5cjdsPDMzZzczNEBfYjZiMjU1Ni8xLWM1XzVjYSNiZ2ZhMmQ0cDZhLS1kMS9zcw%3D%3D&vvpl=1&l=20260713034951EE31AAEAD15750A0D027&btag=e00095000,https://www.tiktok.com/@moboreels_one
moboreels_one,MoboReels one,MoboReels one,5,,"Scarred and rejected by her husband, she spends one wild nig",伤痕累累并被丈夫拒绝，她度过了一个狂野的黑夜,2026-07-12 14:04:52,1,3966,0,0,,,,,,,https://v45.tiktokcdn-eu.com/de5832bf238a6327aeab3eb4ef078788/6a55b36c/video/tos/alisg/tos-alisg-ve-37c799-sg/oMfID7fDSQ8xRAqExXuYCUgymBAANEwcFhokIg/?a=1233&bti=M0BzMzU8OGYpNzo5Zi5wIzEuLjpkNDQwOg%3D%3D&&bt=1078&ft=FczkaNdkVcy5Uxl7KStG-XD5SnZEf1PXtFrlfScyqF_4&mime_type=video_mp4&rc=N2VoPDk8aTlpOmdoOTc5NkBpM2pwPHg5cjxsPDMzZzczNEAvMDReNDIwNmExY2IvNTMtYSMzLTBgMmQ0bDZhLS1kMS9zcw%3D%3D&vvpl=1&l=20260713034951EE31AAEAD15750A0D027&btag=e00095000,https://www.tiktok.com/@moboreels_one
moboreels_one,MoboReels one,MoboReels one,6,,Emeriel: disguises as a male slave Beast-king: falls for her,埃梅里尔：伪装成男奴隶兽王：爱上她,2026-07-11 15:05:12,1,28423,0,0,,,,,,,https://v45.tiktokcdn-eu.com/963ffe56b905e6274eccdcd20932ad1b/6a55b4a7/video/tos/alisg/tos-alisg-ve-37c799-sg/owgiUnAFGABIlBx1iR5lFaRtZiE4jKEPuAHwA/?a=1233&bti=M0BzMzU8OGYpNzo5Zi5wIzEuLjpkNDQwOg%3D%3D&&bt=1267&ft=FczkaNdkVcy5Uxl7KStG-XD5SnZEf1PXtFrlfScyqF_4&mime_type=video_mp4&rc=ZDtpM2hkOGc2aDZnNWY4NUBpMzhmams5cjh4PDMzZzczNEA2NDZjNDY2XjYxYGEuLWAtYSMtLTFuMmQ0MTVhLS1kMS9zcw%3D%3D&vvpl=1&l=20260713034951EE31AAEAD15750A0D027&btag=e00095000,https://www.tiktok.com/@moboreels_one
moboreels_one,MoboReels one,MoboReels one,7,,She came as a slave. She hid as a boy. But the beast-king di,她是作为奴隶而来的。她小时候就躲起来了。但兽王迪,2026-07-11 14:53:55,1,67402,0,0,,,,,,,https://v45.tiktokcdn-eu.com/569d62bf3bb4dfde7ed62c66b7da2374/6a55b4a7/video/tos/alisg/tos-alisg-ve-37c799-sg/o4YLIpUwPBAC6uswdPi4BI1RFCgw4A4KEJfWRi/?a=1233&bti=M0BzMzU8OGYpNzo5Zi5wIzEuLjpkNDQwOg%3D%3D&&bt=1248&ft=FczkaNdkVcy5Uxl7KStG-XD5SnZEf1PXtFrlfScyqF_4&mime_type=video_mp4&rc=NjhlZDs3ZTtkZGRmaGg6PEBpM3I5ZXI5cjp4PDMzZzczNEBeNS9fMF5eNS4xNDNfMGA0YSNeLmVsMmRzXzVhLS1kMS9zcw%3D%3D&vvpl=1&l=20260713034951EE31AAEAD15750A0D027&btag=e00095000,https://www.tiktok.com/@moboreels_one
moboreels_one,MoboReels one,MoboReels one,8,,"Disguised as a male slave to protect her sister, Emeriel hid",为了保护妹妹，埃梅里尔伪装成男奴躲了起来,2026-07-11 14:21:58,1,8639,0,0,,,,,,,https://v45.tiktokcdn-eu.com/dd19ef2e885926c582583b91304c0d70/6a55b277/video/tos/useast5/tos-useast5-pve-0068-tx/o4QkjqmETBdwrgRj2NIAqFED9wDlYUgeDf41CS/?a=1233&bti=M0BzMzU8OGYpNzo5Zi5wIzEuLjpkNDQwOg%3D%3D&&bt=1313&ft=FczkaNdkVcy5Uxl7KStG-XD5SnZEf1PXtFrlfScyqF_4&mime_type=video_mp4&rc=ZDg2ODMzOzllaDo1OjU0ZUBpM2Z1dnU5cnd3PDMzZzczNEAxY182YTZgXl8xXi5iMWMuYSNiM2AtMmRjcjVhLS1kMS9zcw%3D%3D&vvpl=1&l=20260713034951EE31AAEAD15750A0D027&btag=e00095000,https://www.tiktok.com/@moboreels_one
moboreels_one,MoboReels one,MoboReels one,9,,"Husband: cheats Kayla: sleeps with his uncle Jeremy, gets pr",丈夫：欺骗凯拉：和他叔叔杰里米睡觉，得到公关,2026-07-10 17:50:51,1,66767,0,0,,,,,,,https://v45.tiktokcdn-eu.com/fb7e962adee1960dded52bf3b766e6c1/6a55b3cd/video/tos/alisg/tos-alisg-ve-37c799-sg/oQkqVeoA8Ai8hRv9gQFQUdSDtfLnW7LEDEBKhI/?a=1233&bti=M0BzMzU8OGYpNzo5Zi5wIzEuLjpkNDQwOg%3D%3D&&bt=1033&ft=FczkaNdkVcy5Uxl7KStG-XD5SnZEf1PXtFrlfScyqF_4&mime_type=video_mp4&rc=NGhnNGk6aGZoODY3ZGhpOkBpM20zNHg5cmVlPDMzZzczNEBhLi9jNmJiXzYxYC0xXl8yYSNoamA2MmRjaDVhLS1kMS9zcw%3D%3D&vvpl=1&l=20260713034951EE31AAEAD15750A0D027&btag=e00095000,https://www.tiktok.com/@moboreels_one
moboreels_one,MoboReels one,MoboReels one,10,,"Husband cheats. She drinks, stumbles into the wrong room — a",老公出轨。她喝了酒，跌跌撞撞地走进了错误的房间——,2026-07-10 17:43:05,1,20692,0,0,,,,,,,https://v45.tiktokcdn-eu.com/52d18cb344ee1e526c5a7f6c3e6c42e4/6a55b305/video/tos/alisg/tos-alisg-ve-37c799-sg/oQkMTQdEWeIFolSUA6QEjtfFpfRMJFIkHDnCAD/?a=1233&bti=M0BzMzU8OGYpNzo5Zi5wIzEuLjpkNDQwOg%3D%3D&&bt=1040&ft=FczkaNdkVcy5Uxl7KStG-XD5SnZEf1PXtFrlfScyqF_4&mime_type=video_mp4&rc=NjloNGQ8NGVnZjRlMzxmOEBpajhqcWw5cmllPDMzZzczNEAyYDEzLzRgXjExNjRjX18vYSNnM21iMmRrNDVhLS1kMS9zcw%3D%3D&vvpl=1&l=20260713034951EE31AAEAD15750A0D027&btag=e00095000,https://www.tiktok.com/@moboreels_one
moboreels_one,MoboReels one,MoboReels one,11,,She walked into the wrong room. Woke up with the wrong man.,她走错房间了。一觉醒来，发现自己找错了人。,2026-07-10 17:42:20,1,25017,0,0,,,,,,,https://v45.tiktokcdn-eu.com/5e4e67089ac69644dbc2c750d1f4dde5/6a55b3d8/video/tos/alisg/tos-alisg-ve-37c799-sg/oEgUMjCUeoCeXLBtJE1GVADIkXHeAx14xR98IX/?a=1233&bti=M0BzMzU8OGYpNzo5Zi5wIzEuLjpkNDQwOg%3D%3D&&bt=1034&ft=JS-FtDTdNvjB5Xdlc_Y8sdA6GQZqYl~zEh4ThWLrK&mime_type=video_mp4&rc=NmloNjw2PDNoaGVlMzU7ZEBpam9rcWw5cnhlPDMzZzczNEAtMjFiNTQvXjQxYjIuL14uYSNsLW1iMmQ0aTVhLS1kMS9zcw%3D%3D&vvpl=1&l=20260713034954B5B136581047457C29E7&btag=e000a5000,https://www.tiktok.com/@moboreels_one
moboreels_one,MoboReels one,MoboReels one,12,,"She drank to numb the betrayal, woke up in the wrong room wi",她喝酒来麻痹背叛，醒来时发现自己在错误的房间里,2026-07-10 17:34:59,1,31602,0,0,,,,,,,https://v45.tiktokcdn-eu.com/daa1f83ea5057c6f54746ea78c9f9ec5/6a55b3c1/video/tos/alisg/tos-alisg-ve-37c799-sg/oIhXExeERIDAYSZf2CQhioDqhqGFEDILBgaldU/?a=1233&bti=M0BzMzU8OGYpNzo5Zi5wIzEuLjpkNDQwOg%3D%3D&&bt=969&ft=JS-FtDTdNvjB5Xdlc_Y8sdA6GQZqYl~zEh4ThWLrK&mime_type=video_mp4&rc=ZzRpZzg8M2g2Ozo2Mzw0N0BpajVqdnU5cmxlPDMzZzczNEAzNS8vL14vXjQxYmJhYjUxYSMua14tMmQ0ZjVhLS1kMS9zcw%3D%3D&vvpl=1&l=20260713034954B5B136581047457C29E7&btag=e000a5000,https://www.tiktok.com/@moboreels_one
moboreels_one,MoboReels one,MoboReels one,13,,"Your husband cheats, you accidentally sleep with his UNCLE —",你老公出轨，你不小心和他叔叔睡了——,2026-07-10 17:27:44,1,13230,0,0,,,,,,,https://v45.tiktokcdn-eu.com/35c2cca43ca1da5171c2e6276bbd1286/6a55b334/video/tos/alisg/tos-alisg-ve-37c799-sg/ocBQe7gEEwDAUS1FLvBphqudsssDREQEItSRfi/?a=1233&bti=M0BzMzU8OGYpNzo5Zi5wIzEuLjpkNDQwOg%3D%3D&&bt=1066&ft=JS-FtDTdNvjB5Xdlc_Y8sdA6GQZqYl~zEh4ThWLrK&mime_type=video_mp4&rc=aWdpOjQ0aDUzaDZpZGgzZUBpMztxOHA5cnZlPDMzZzczNEBfL2NiLS1hX2IxM2JiMTEuYSNzLzRfMmQ0YjVhLS1kMS9zcw%3D%3D&vvpl=1&l=20260713034954B5B136581047457C29E7&btag=e000a5000,https://www.tiktok.com/@moboreels_one
moboreels_one,MoboReels one,MoboReels one,14,,She proposed to a powerful stranger to escape her adoptive f,她向一位有权有势的陌生人求婚，以逃离她的养父,2026-07-09 10:18:10,1,10598,0,0,,,,,,,https://v45.tiktokcdn-eu.com/a29cacdab0efda66182131d1478e607a/6a55b3b4/video/tos/alisg/tos-alisg-ve-37c799-sg/os62kvCuo6AAiPxy7IRQaBLEVslEA4OBiBXX8/?a=1233&bti=M0BzMzU8OGYpNzo5Zi5wIzEuLjpkNDQwOg%3D%3D&&bt=888&ft=JS-FtDTdNvjB5Xdlc_Y8sdA6GQZqYl~zEh4ThWLrK&mime_type=video_mp4&rc=ZmY0NzdkOzk8Z2ZpOTZoaEBpM3FpZXQ5cnJqPDMzaTczNEAtLl8vYzMuNTMxNWNgNjBfYSNoYDQtMmRrMjRhLS1kMTJzcw%3D%3D&vvpl=1&l=20260713034954B5B136581047457C29E7&btag=e000a5000,https://www.tiktok.com/@moboreels_one
moboreels_one,MoboReels one,MoboReels one,15,,Adoptive brother: humiliates her at engagement party Her: as,养兄：在订婚派对上羞辱她 她：作为,2026-07-09 10:14:39,1,7723,0,0,,,,,,,https://v45.tiktokcdn-eu.com/8559627dad5fc8fcdbf30b8e3213b3d4/6a55b362/video/tos/alisg/tos-alisg-ve-37c799-sg/oM1EG3BGin4fTAPjzR1SABcEg2lIEVQfAqwCci/?a=1233&bti=M0BzMzU8OGYpNzo5Zi5wIzEuLjpkNDQwOg%3D%3D&&bt=848&ft=JS-FtDTdNvjB5Xdlc_Y8sdA6GQZqYl~zEh4ThWLrK&mime_type=video_mp4&rc=NmY3NWhoOGVlOjVnZDc4aUBpM3JvM3A5cmlqPDMzaTczNEBfX19fLV4uXjExNjNfYmFhYSM2bWhkMmRzMDRhLS1kMTJzcw%3D%3D&vvpl=1&l=20260713034954B5B136581047457C29E7&btag=e000a5000,https://www.tiktok.com/@moboreels_one
moboreels_one,MoboReels one,MoboReels one,16,,"She lost her parents, lived under control, and had no one to",她失去了父母，生活受到控制，没有人可以照顾她。,2026-07-08 18:10:30,1,19266,0,0,,,,,,,https://v45.tiktokcdn-eu.com/e9436e9fe3b36bb0f88d2f31601ab529/6a55b347/video/tos/alisg/tos-alisg-ve-37c799-sg/o8CgjWGInhEeEqM7OUyakwZIQeFLIIUfHEAAcz/?a=1233&bti=MzU8OGYpNHYpNzo5ZjEuLjpkLTptNDQwOg%3D%3D&&bt=971&ft=JS-FtDTdNvjB5Xdlc_Y8sdA6GQZqYl~zEh4ThWLrK&mime_type=video_mp4&rc=OzZmaTpoNjw4PGQ5NDVnOUBpM3N1a2s5cjY1PDMzZzczNEAxLzQyMzU0XzUxXl81X2IuYSNzc2leMmQ0LjRhLS1kMS9zcw%3D%3D&vvpl=1&l=20260713034954B5B136581047457C29E7&btag=e000a5000,https://www.tiktok.com/@moboreels_one
moboreels_one,MoboReels one,MoboReels one,17,,"Besties, her adoptive brother humiliated her, so she asked h",闺蜜，养哥羞辱她，她才问,2026-07-08 17:58:21,1,13266,0,0,,,,,,,https://v45.tiktokcdn-eu.com/03c713e3a50f0e24cbdd904a35446d11/6a55b315/video/tos/alisg/tos-alisg-ve-37c799-sg/ocSODanEP4SkiAHi8BB9dg4G7QUgONHdESULI/?a=1233&bti=M0BzMzU8OGYpNzo5Zi5wIzEuLjpkNDQwOg%3D%3D&&bt=861&ft=JS-FtDTdNvjB5Xdlc_Y8sdA6GQZqYl~zEh4ThWLrK&mime_type=video_mp4&rc=Nzw8ZmdpO2dnaWY2OTg8NkBpM2U7aHc5cjk0PDMzZzczNEAwMC4vXjVeNWMxY2FgX18uYSM2M240MmQ0bjRhLS1kMS9zcw%3D%3D&vvpl=1&l=20260713034954B5B136581047457C29E7&btag=e000a5000,https://www.tiktok.com/@moboreels_one
moboreels_one,MoboReels one,MoboReels one,18,,Family trust locked. Adoptive heir humiliates her. She impul,家庭信托被锁定。养子继承人羞辱她。她一时冲动,2026-07-08 17:23:52,1,17153,0,0,,,,,,,https://v45.tiktokcdn-eu.com/0b3817c7c7f4ee8cd0d6665aba5b0db2/6a55b2bf/video/tos/alisg/tos-alisg-ve-37c799-sg/o0NEhBFTgID4cfQAU6hgfDEEqOEVRF0DSaohFB/?a=1233&bti=M0BzMzU8OGYpNzo5Zi5wIzEuLjpkNDQwOg%3D%3D&&bt=979&ft=JS-FtDTdNvjB5Xdlc_Y8sdA6GQZqYl~zEh4ThWLrK&mime_type=video_mp4&rc=ODRlZGdoOmU6ZjVkMzVlZUBpMzNsM3k5cjo0PDMzZzczNEBhMC1hNl9eXjExNDUwYzIyYSNxMHIvMmQ0XjRhLS1kMS9zcw%3D%3D&vvpl=1&l=20260713034954B5B136581047457C29E7&btag=e000a5000,https://www.tiktok.com/@moboreels_one
moboreels_one,MoboReels one,MoboReels one,19,,The Prince Is A Girl: The Beast King's Captive Mate,王子是个女孩：兽王的俘虏伴侣,2026-07-07 17:50:34,27,759199,0,0,,,,,,,https://v45.tiktokcdn-eu.com/423cfa534f5a0d83c9fcf43075f8fcf9/6a55b23a/video/tos/alisg/tos-alisg-ve-37c799-sg/oEbJHb64CHgEAiATkkg1lZviU1uJB3aQLBsIA/?a=1233&bti=MzU8OGYpNHYpNzo5ZjEuLjpkLTptNDQwOg%3D%3D&&bt=1088&ft=JS-FtDTdNvjB5Xdlc_Y8sdA6GQZqYl~zEh4ThWLrK&mime_type=video_mp4&rc=NmRmOmc2aWRoOGQ4N2llaEBpM3VxM3Q5cjN3PDMzZzgzNEA2LjNeMWA0XmIxMDY0X140YSNrYmotMmRrNC1hLS1kLy9zcw%3D%3D&vvpl=1&l=20260713034954B5B136581047457C29E7&btag=e00095000,https://www.tiktok.com/@moboreels_one
moboreels_one,MoboReels one,MoboReels one,20,,"Besties, her fiancé is GAY and her parents still push the we",闺蜜们，她的未婚夫是同性恋，她的父母仍然在推动我们,2026-07-07 12:38:48,1,143141,0,0,,,,,,,https://v45.tiktokcdn-eu.com/e96da017eb8a62b72b0a1de3defe220f/6a55b396/video/tos/alisg/tos-alisg-ve-37c799-sg/oUvUmDMogHCQQyIv8IAARQeXaNYRuwfs4fgjk3/?a=1233&bti=M0BzMzU8OGYpNzo5Zi5wIzEuLjpkNDQwOg%3D%3D&&bt=998&ft=td_Ls8s6oA-O12Nv3a~ZzIxRZYDJb3_45SY&mime_type=video_mp4&rc=Njo6NGg0aWZmNDs3M2g8NEBpMzpnNHM5cjU5PDMzZzczNEBfXjUyLjZiNi8xLzZhMjRfYSNyXmMvMmQ0bzNhLS1kMS9zcw%3D%3D&vvpl=1&l=2026071303500216D781D03F250C628D61&btag=e000a5000,https://www.tiktok.com/@moboreels_one
moboreels_one,MoboReels one,MoboReels one,21,,"Left at the altar, she turned to the one man more powerful t",离开祭坛后，她转向了比她更强大的男人。,2026-07-03 11:28:27,2,99670,0,0,,,,,,,https://v45.tiktokcdn-eu.com/7ceb151060d77a7affcf45ef1023c586/6a55b3f4/video/tos/alisg/tos-alisg-ve-37c799-sg/ok1SSITEDNmR2Ba2gEfGA9QWpFNU9qDEreUR9L/?a=1233&bti=M0BzMzU8OGYpNzo5Zi5wIzEuLjpkNDQwOg%3D%3D&&bt=961&ft=td_Ls8s6oA-O12Nv3a~ZzIxRZYDJb3_45SY&mime_type=video_mp4&rc=NzRmaTtoaGg5ODNlNmc6ZUBpM3Bwb3g5cm5wPDMzZzczNEBfMC1iYy1hXzUxLjIuLzExYSNeZy4zMmRzNTJhLS1kMS9zcw%3D%3D&vvpl=1&l=2026071303500216D781D03F250C628D61&btag=e000a5000,https://www.tiktok.com/@moboreels_one
moboreels_one,MoboReels one,MoboReels one,22,,lex: dumps her at the altar Isabella: marries his mafia boss,莱克斯：把她甩在祭坛上 伊莎贝拉：嫁给他的黑手党老大,2026-07-03 11:46:40,1,1023889,0,0,,,,,,,https://v45.tiktokcdn-eu.com/44dcc1facc184b3b568f342920bb6c8c/6a55b377/video/tos/alisg/tos-alisg-ve-37c799-sg/o8BkgMQtM3i4IBRucEIULOiME8HvkaNNA6B4s/?a=1233&bti=M0BzMzU8OGYpNzo5Zi5wIzEuLjpkNDQwOg%3D%3D&&bt=952&ft=td_Ls8s6oA-O12Nv3a~ZzIxRZYDJb3_45SY&mime_type=video_mp4&rc=ODc2ODtmPGhnNjQ5aDo8N0BpajR2dXY5cjdsPDMzZzczNEBgM2EyY2MwXzIxMi1gNV9jYSM1cGIyMmRrbTBhLS1kMS9zcw%3D%3D&vvpl=1&l=2026071303500216D781D03F250C628D61&btag=e000a5000,https://www.tiktok.com/@moboreels_one
moboreels_one,MoboReels one,MoboReels one,23,,Dumped at the altar? She marries his DAD — the most powerful,被扔在祭坛上？她嫁给了他的父亲——最有权势的人,2026-07-03 11:29:03,1,50505,0,0,,,,,,,https://v45.tiktokcdn-eu.com/3c86ce04c5aaf15c2ac9252c7de622c7/6a55b37a/video/tos/alisg/tos-alisg-ve-37c799-sg/og7UiKHVuA3NQj2cAILfjKkGVehdeylIHICdHE/?a=1233&bti=M0BzMzU8OGYpNzo5Zi5wIzEuLjpkNDQwOg%3D%3D&&bt=957&ft=td_Ls8s6oA-O12Nv3a~ZzIxRZYDJb3_45SY&mime_type=video_mp4&rc=PGg8aGdlN2k8aDk4OWhoOUBpamhvaG05cnRsPDMzZzczNEBhL181NmNeNS8xL14zMTFjYSNzci9jMmRrZTBhLS1kMS9zcw%3D%3D&vvpl=1&l=2026071303500216D781D03F250C628D61&btag=e000a5000,https://www.tiktok.com/@moboreels_one
moboreels_one,MoboReels one,MoboReels one,24,,Pampered By My True Family,受到我真正的家人的宠爱,2026-06-29 17:32:43,20,232792,0,0,,,,,,,https://v15m-perf.tiktokcdn-eu.com/3b1e42d6cef7df8e9dd45534a14e532d/6a55b226/video/tos/alisg/tos-alisg-ve-37c799-sg/oYAgBFLMUQuYD1nMVfIBd9CkgSEhDdfIYqECQm/?a=1233&bti=M0BzMzU8OGYpNzo5Zi5wIzEuLjpkNDQwOg%3D%3D&&bt=973&ft=e__XKamwKPCTuNvjVo35oTzfutUPrtZkaYlc&mime_type=video_mp4&rc=ZTwzODlmZmczZDw0ZDk2OEBpamY3a2w5cjZ3PDMzZzgzNEA2YC00MGMuNjMxLS5jMDY1YSM2Xy1fMmQ0Xi1hLS1kLy9zcw%3D%3D&vvpl=1&l=202607130350080C775CFB77BAB88FE19E&btag=e00088000,https://www.tiktok.com/@moboreels_one
moboreels_one,MoboReels one,MoboReels one,25,,"The Disguised Bride, Ugly But Stunning",乔装的新娘，丑陋但令人惊叹,2026-06-26 20:24:47,16,1681504,0,0,,,,,,,https://v45.tiktokcdn-eu.com/ca85e59016ce06532a12e0acd9abaf69/6a55b294/video/tos/maliva/tos-maliva-ve-0068c799-us/oMDyGSc5EBHMTIENvfVUC2fDAp69kgTqQEAWFq/?a=1233&bti=M0BzMzU8OGYpNzo5Zi5wIzEuLjpkNDQwOg%3D%3D&&bt=1137&ft=td_Ls8s6oA-O12NvWa~ZzIxRrLx0~3_45SY&mime_type=video_mp4&rc=MzM6N2Q7PDxpZGUzOjc1ZUBpam1mZHk5cng3OzMzZzgzNEAyYjQwM2I0NTQxMjFfNTM0YSNyYmYvMmRjaG1hLS1kLy9zcw%3D%3D&vvpl=1&l=202607130350124916BBD057757DA703B3&btag=e00095000,https://www.tiktok.com/@moboreels_one
moboreels_one,MoboReels one,MoboReels one,26,,15,,2026-06-26 20:25:01,1,60328,0,0,,,,,,,https://v45.tiktokcdn-eu.com/99e686cc83b35d5fc2addd045e1f5a9d/6a55b243/video/tos/alisg/tos-alisg-ve-37c799-sg/o4XRAH9gtdfeOjoEyLeHJYIr7GmDemAiWAF2JI/?a=1233&bti=M0BzMzU8OGYpNzo5Zi5wIzEuLjpkNDQwOg%3D%3D&&bt=1100&ft=XsFb8q4fmbdPD12k4.qI3wUPQDswMeF~O5&mime_type=video_mp4&rc=NTZpZmdkaWQ8NTZnaWZpZkBpanJ3cXM5cmp5OzMzZzgzNEAyYDQuYWNeX2ExLjZeLmEwYSNkXzFpMmRzYXJhLS1kLy9zcw%3D%3D&vvpl=1&l=20260713035010D4CD21286AE473756FB4&btag=e00095000,https://www.tiktok.com/@moboreels_one
moboreels_one,MoboReels one,MoboReels one,27,,She slept for one hundred years. She woke up twenty. Her son,她沉睡了一百年。她醒来二十了。她的儿子,2026-06-22 20:00:00,1,26100,0,0,,,,,,,https://v45.tiktokcdn-eu.com/4bf384de018e051812657644fa15fa96/6a55b358/video/tos/alisg/tos-alisg-ve-37c799-sg/oIA2IiwTlj45AYBgdUtay3lQHtiJ0jHQmEiv8/?a=1233&bti=M0BzMzU8OGYpNzo5Zi5wIzEuLjpkNDQwOg%3D%3D&&bt=878&ft=td_Ls8s6oA-O12NvWa~ZzIxRrLx0~3_45SY&mime_type=video_mp4&rc=ZGQ4PGg3ZmRnZ2g3PGlpPEBpamo5dnA5cjY4OzMzZzgzNEBgMV5iYV8zNTUxY2IvLjMzYSMwXjRvMmRrb21hLS1kLy9zcw%3D%3D&vvpl=1&l=202607130350124916BBD057757DA703B3&btag=e00095000,https://www.tiktok.com/@moboreels_one
moboreels_one,MoboReels one,MoboReels one,28,,"Great-grandson: ""You can't tell me what to do."" Alice: ""I'm",曾孙：“你不能告诉我该怎么做。”爱丽丝：“我是,2026-06-22 19:00:00,1,9171,0,0,,,,,,,https://v45.tiktokcdn-eu.com/321acddbf8093b054b01e295ed684b14/6a55b4fe/video/tos/alisg/tos-alisg-ve-37c799-sg/o4ikteEIQDgqCdMfSyFSkUZvKav8VCAjDBlViv/?a=1233&bti=M0BzMzU8OGYpNzo5Zi5wIzEuLjpkNDQwOg%3D%3D&&bt=856&ft=td_Ls8s6oA-O12NvWa~ZzIxRrLx0~3_45SY&mime_type=video_mp4&rc=NjZnOWg7NDg2OTU5MzM4N0BpanBzdHE5cmo4OzMzZzgzNEAvYl80XmIuXjMxYDUxLV4xYSNmY19sMmRra21hLS1kLy9zcw%3D%3D&vvpl=1&l=202607130350124916BBD057757DA703B3&btag=e00095000,https://www.tiktok.com/@moboreels_one
moboreels_one,MoboReels one,MoboReels one,29,,"Alice woke up 100 years later, still 20. She's saving her so",100年后，爱丽丝醒来，她还是20岁。她正在拯救她,2026-06-22 18:00:00,1,7646,0,0,,,,,,,https://v45.tiktokcdn-eu.com/32eb6aa18a3f9b22c0ce10f991d77a2c/6a55b443/video/tos/alisg/tos-alisg-ve-37c799-sg/o8z10K1p9A32QKzNwIijGZpB6fdPOHSiBBA0yE/?a=1233&bti=M0BzMzU8OGYpNzo5Zi5wIzEuLjpkNDQwOg%3D%3D&&bt=857&ft=td_Ls8s6oA-O12NvWa~ZzIxRrLx0~3_45SY&mime_type=video_mp4&rc=ZDo0PGY6NTo0ZDk2PGllN0Bpamk3cXA5cnc4OzMzZzgzNEAwNTQzMS1eNTUxMzU1MDQtYSNlcGFtMmRjaW1hLS1kLy9zcw%3D%3D&vvpl=1&l=202607130350124916BBD057757DA703B3&btag=e000a5000,https://www.tiktok.com/@moboreels_one
moboreels_one,MoboReels one,MoboReels one,30,,"She closed her eyes a century ago. When they opened, everyon",一个世纪前，她就闭上了眼睛。开业的时候大家,2026-06-22 17:00:00,1,7964,0,0,,,,,,,https://v16m-perf.tiktokcdn-eu.com/0867e9cbc73cce83c3b98c1115e21290/6a55b423/video/tos/maliva/tos-maliva-ve-0068c799-us/ok0eLLjfAQ9ryG9jIeyH73zzhXIEZUEkAhCkQm/?a=1233&bti=M0BzMzU8OGYpNzo5Zi5wIzEuLjpkNDQwOg%3D%3D&&bt=861&ft=e__XKamwKPCTuNvjVX35oTzfuutIKtZkaYlc&mime_type=video_mp4&rc=ODRlNjNpOmY7PDU6OGU1O0BpanJteHk5cnk4OzMzZzgzNEAzNWNjLi8yXjYxX19fLzYyYSNzcmFiMmRjbG1hLS1kLy9zcw%3D%3D&vvpl=1&l=202607130350162E28B5D4AC26C30AD906&btag=e00090000,https://www.tiktok.com/@moboreels_one
moboreels_one,MoboReels one,MoboReels one,31,,"She fell asleep for 100 years, woke up still 20, and now her",她沉睡了 100 年，醒来还 20 年，而现在她,2026-06-22 16:00:00,1,6729,0,0,,,,,,,https://v16m-perf.tiktokcdn-eu.com/c921f967a240db13a230c683bb0068fa/6a55b364/video/tos/maliva/tos-maliva-ve-0068c799-us/o0EDemVCIDAf8E0yQq2g8uDTSBFrAYMDldWzk9/?a=1233&bti=M0BzMzU8OGYpNzo5Zi5wIzEuLjpkNDQwOg%3D%3D&&bt=873&ft=e__XKamwKPCTuNvjVX35oTzfuutIKtZkaYlc&mime_type=video_mp4&rc=Zzo8ZTRmNjNoNWlmOmg6ZEBpMzNzeXg5cnY4OzMzZzgzNEBgMF80NWFhXjQxY2BgYDUwYSNrM2dkMmRzaW1hLS1kLy9zcw%3D%3D&vvpl=1&l=202607130350162E28B5D4AC26C30AD906&btag=e00090000,https://www.tiktok.com/@moboreels_one
moboreels_one,MoboReels one,MoboReels one,32,,Imagine napping for a century and waking up to find your son,想象一下睡了一个世纪然后醒来发现你的儿子,2026-06-22 15:00:00,1,8785,0,0,,,,,,,https://v16m-perf.tiktokcdn-eu.com/e4cf97f4bc30ca95a8f85d71025e4580/6a55b349/video/tos/maliva/tos-maliva-ve-0068c799-us/osgkbSAZeAQDvXZFhGrUTfCexIHkLEgSqLGIqH/?a=1233&bti=M0BzMzU8OGYpNzo5Zi5wIzEuLjpkNDQwOg%3D%3D&&bt=855&ft=e__XKamwKPCTuNvjVX35oTzfuutIKtZkaYlc&mime_type=video_mp4&rc=ZWQ7ZGloN2RkOmQ6ZGk1ZkBpajczPGs5cnU4OzMzZzgzNEBfLzI1Yi4wNi4xMzBeNmI0YSNrNjRxMmRjaW1hLS1kLy9zcw%3D%3D&vvpl=1&l=202607130350162E28B5D4AC26C30AD906&btag=e00090000,https://www.tiktok.com/@moboreels_one
moboreels_one,MoboReels one,MoboReels one,33,,Alpha Wants The Ugly Me,阿尔法想要丑陋的我,2026-06-22 11:51:30,7,437875,0,0,,,,,,,https://v16m-perf.tiktokcdn-eu.com/c60c39258fb05d5edff9df9d96c1d0d8/6a55b241/video/tos/maliva/tos-maliva-ve-0068c799-us/oc4OSINEDAtyJBnggEfaAYQodFFcJqDCvfhVJ4/?a=1233&bti=MzU8OGYpNHYpNzo5ZjEuLjpkLTptNDQwOg%3D%3D&&bt=1080&ft=e__XKamwKPCTuNvjVX35oTzfuutIKtZkaYlc&mime_type=video_mp4&rc=N2llZGc0MzpkNDg6aDppNUBpajM0cXk5cjY8OzMzZzgzNEBgMTBgYDBeNmIxYTViXzEvYSNkby0vMmRjbXBhLS1kLy9zcw%3D%3D&vvpl=1&l=202607130350162E28B5D4AC26C30AD906&btag=e00090000,https://www.tiktok.com/@moboreels_one
goodshort_video,GoodShort,GoodShort,1,ID 7384439476287804459,"Mistaken Encounter, Unexpected Love",误会，意外的爱情,2024-06-27 16:33:04,73,4092585,5545,92.4,是 / Yes,Love After Marriage、Family Feud、Revenge,婚后的爱情、家庭恩怨、复仇,"When heartbroken travelers Eileen and Leon cross paths amidst betrayal and rejection from their own relationships, a tipsy encounter leads to a night of unexpected passion. What starts as a drunken fling seems to be fading away once their journeys end. Howver, fate has other plans as Leon becomes Eileen's unlikely guardian angel, appearing whenever she faces a crisis. Eileen discovers she's carrying Leon's child and the two decides to give their romance a shot.",,否 / No,,https://www.tiktok.com/@goodshort_video
goodshort_video,GoodShort,GoodShort,2,ID 7384059320000042027,CEO's Substitute Wife,总裁的替身妻子,2024-06-27 15:48:17,61,1483084,5478,91.3,是 / Yes,Love After Marriage、Revenge、Family Feud,婚后的爱情、复仇、家庭恩怨,"Following the tragic death of her twin sister Alice, Ariel takes her place in order to enact revenge on Alice's cheating fiancé and manipulative adoptive family. However, Ariel's mission becomes more complicated when she meets and marries billionaire Victor, and must hide her true identity from him.",,否 / No,,https://www.tiktok.com/@goodshort_video
goodshort_video,GoodShort,GoodShort,3,ID 7384059320000058411,My Professor Is My Alpha Mate,我的教授是我的阿尔法伙伴,2024-06-27 16:07:01,66,1829483,4514,75.2,是 / Yes,Revenge、Werewolf、Flipped,复仇、狼人、翻转,"When she impulsively kissed a stranger to get revenge on her unfaithful ex-boyfriend, she had no idea she had just locked lips with every she-shifter’s dream. 😲 ⁉️Along with being her respected college professor, he was also a billionaire and the brains behind the WereTech.",,否 / No,,https://www.tiktok.com/@goodshort_video
goodshort_video,GoodShort,GoodShort,4,ID 7383883602037347370,After We Loved,我们爱过之后,2024-06-28 18:25:04,59,1099977,5090,84.8,是 / Yes,Betrayal、Family Feud、Love Triangle,背叛、家庭恩怨、三角恋,"Joanna, daughter to Europe's wealthiest family, chose love over her status and wed David Kerr. She became his behind-the-scenes supporter, using her resources to establish a fashion company for him. At a social gathering, she fell victim to a deceitful drink orchestrated by Vivian, David's childhood friend, narrowly avoiding a compromising situation. In her dire moment, a stranger came to her rescue.",,否 / No,,https://www.tiktok.com/@goodshort_video
melon_minidrama,Melon_Minidrama,Melon_Minidrama,1,ID 7641222122182382612,The CEO's Secret Child,首席执行官的秘密孩子,2026-05-22 12:09:09,60,5005856,5523,92.0,是 / Yes,Reconciliation、Family & Ethics、Family Feud,和解、家庭与道德、家庭恩怨,"Zoe was supposed to be the daughter of Bayside City's wealthiest man, Julian Rhys, but she had never met her father. Zoe never cried; she just quietly grew into a little adult, going through great hardships to protect her mother. Until one day, the wheels of fate began to turn again, bringing Julian Rhys before Zoe...",,否 / No,,https://www.tiktok.com/@melon_minidrama
melon_minidrama,Melon_Minidrama,Melon_Minidrama,2,ID 7659963816247350293,"Mafia Heiress Marries a Cripple, Actually a Hidden Boss",黑手党女继承人嫁给了一个瘸子，实际上是一个隐藏的老板,2026-07-08 09:33:18,70,894616,5451,90.8,是 / Yes,Mistaken Identities、Family & Ethics、Family Feud,错误的身份、家庭与道德、家庭恩怨,"Elsa,the onlydaughter of the Evans family,was swapped at birth with Luna, her father's illegitimate child. Herbirth mother was abused while Elsa was abandoned and later adopted by mafia boss Morgan Voss, becoming a mafia heiress. Learning tthe truth,she returned to avenge her mother but was ordered to marry disatpled heir Ethan Garcia in Luna's place. She agreed, vowing her father would gain nothing. They each had hidden motives-Elsa used Ethan's power for revenge, Ethan investigated her-but slowly fell in love. Whhen her Voss identity was revealed, Ethan dropped his disability act. Toogether,",,是 / Yes,,https://www.tiktok.com/@melon_minidrama
melon_minidrama,Melon_Minidrama,Melon_Minidrama,3,ID 7657370729410761746,The Jade That Fooled My Husband,愚弄我丈夫的玉石,2026-07-02 10:32:46,41,350562,3694,61.6,是 / Yes,Family Feud、Married Life、Mistaken Identities,家庭恩怨、婚姻生活、错误的身份,"An Imperial Green Jade is discovered. A reporter mistakes Cora Hayes for the winner. Her husband, Zane Morgan, sees the interview and mistakenly believes Cora's raw stone is the Imperial Green Jade. Zane snatches Cora's stone, forces a divorce, and spends lavishly. Cora waits for the truth to be revealed.",,否 / No,,https://www.tiktok.com/@melon_minidrama
melon_minidrama,Melon_Minidrama,Melon_Minidrama,4,ID 7600727499261809672,The Comatose CEO's Secret,昏迷首席执行官的秘密,2026-01-30 15:32:05,40,8500821,2126,35.4,是 / Yes,Family Feud、Love Triangle、Revenge,家庭恩怨、三角恋、复仇,"After a car crash leaves a wealthy CEO comatose, his greedy wife hires a naive caregiver to help steal his empire. But once she discovers the dark truth, the caregiver begins secretly protecting him. Together, they must outsmart the traitors. Will they expose the conspiracy and reclaim what is his?",,否 / No,,https://www.tiktok.com/@melon_minidrama
melon_minidrama,Melon_Minidrama,Melon_Minidrama,5,ID 7641216627706582036,The Hunt for Her CEO Ex,寻找她的前首席执行官,2026-05-21 23:25:50,57,20930189,8516,141.9,是 / Yes,Family & Ethics、Reconciliation、Family Feud,家庭与道德、和解、家庭恩怨,"Five years ago, Aurora left Alastair Hawthorne with a child, leaving him with hatred. Five years later, their daughter Summer has leukemia, needing a sibling's umbilical cord blood. Aurora returns to Alastair Hawthorne for her daughter's survival. Alastair Hawthorne sees her intentions, yet her eyes stir hatred and fascination. He torments her, Aurora endures. This love-hate tug-of-war pulls Alastair Hawthorne into losing control.",,否 / No,,https://www.tiktok.com/@melon_minidrama
melon_minidrama,Melon_Minidrama,Melon_Minidrama,6,ID 7618101188978725895,Reborn to Marry His Brother,重生嫁给哥哥,2026-03-18 17:34:25,61,30058173,7058,117.6,是 / Yes,Revenge、Family Feud、Reconciliation,复仇、家庭恩怨、和解,"In her past life, Vivian Lynn, eldest daughter, was to marry Leo Shaw. On her wedding eve, Leo brought home Chloe Lynn, claiming she was the true heiress. The Lynn parents swapped brides: Vivian married Leo's older brother, Xavier Shaw, cursed to kill his wives, while Chloe married Leo. Vivian forced Leo to marry her, suffered his cold shoulder for three years, and died resentful. Reborn, Vivian decisively takes Xavier Shaw's hand, becoming Leo's sister-in-law.",,否 / No,,https://www.tiktok.com/@melon_minidrama
melon_minidrama,Melon_Minidrama,Melon_Minidrama,7,ID 7641158950108435463,The CEO's Lost Heir,首席执行官失去的继承人,2026-05-21 23:15:44,62,2894200,6531,108.8,是 / Yes,Family & Ethics、Family Feud、Reconciliation,家庭与道德、家庭恩怨、和解,"Educated Youth Vivian Sullivan was reported for getting pregnant out of wedlock. She raised her son, Leo Sullivan. Six years later, she started working at Lawson Group, reuniting with CEO Ian Lawson. Vivian and Ian fell in love. Facing sabotage from Miranda Jacobs and opposition from Ian's father, they resolved crises, welcomed twins, and achieved fulfillment in career and family.",,否 / No,,https://www.tiktok.com/@melon_minidrama
melon_minidrama,Melon_Minidrama,Melon_Minidrama,8,ID 7653398597396960276,"Blind Eyes, Open Heart",盲目的眼睛，开放的心,2026-06-27 12:32:14,60,799568,5146,85.8,是 / Yes,City、Betrayal、Mistaken Identities,城市、背叛、错误的身份,"Blinded by a lab accident, Iris thinks her husband is caring for her.Once her sight returns, she learns it was her cold professor all along — while her husband and best friend cheat openly right beside her.Pretending to stay blind, she watches their dirty secrets unfold. Between lies, hidden feelings and unexpected closeness with the professor, a risky game of betrayal begins.",,否 / No,,https://www.tiktok.com/@melon_minidrama
melon_minidrama,Melon_Minidrama,Melon_Minidrama,9,ID 7600339530578727954,Sausage Shop Secret,香肠店的秘密,2026-01-30 10:38:23,40,34960015,2292,38.2,是 / Yes,Reconciliation、Married Life、Grand Mansion,和解、婚姻生活、正大公馆,"In a remote village, a man opens a mysterious sausage shop with a strange reputation: women who eat his sausages become pregnant. Business booms as women travel from across the country. His curious wife, estranged after ten years of marriage, decides to investigate the secret herself—by posing as a customer and stepping into a world she never imagined.",,否 / No,,https://www.tiktok.com/@melon_minidrama
melon_minidrama,Melon_Minidrama,Melon_Minidrama,10,ID 7651501090906854420,The Heirless Alpha’s Exclusive Devotion,无嗣阿尔法的独家奉献,2026-06-21 01:44:13,68,1496673,4406,73.4,是 / Yes,Revenge、Werewolf,复仇、狼人,"Kaelen, the strongest Alpha of his werewolf clan, struggles with fertility. His grandfather arranges a marriage with the Chris family to secure an heir. Chris, mistreated at home, flees and works at a bar, where she is drugged and has a one-night stand with Kaelen, resulting in pregnancy. Kaelen's assistant discovers the pregnancy and informs him. When Chris returns home to borrow money from her stepmother, she is mocked, but Kaelen arrives to rescue her, takes her to the hospital, and insists she keep the baby, promising to protect her.Kaelen punishes the bullies' families. Chris gives birth,",,是 / Yes,,https://www.tiktok.com/@melon_minidrama
melon_minidrama,Melon_Minidrama,Melon_Minidrama,11,ID 7657642978776912913,Fated to My Mafia King,命中注定我的黑手党之王,2026-07-02 03:27:31,58,7687234,3721,62.0,是 / Yes,Superior and Inferior、Romantic Complications、City,强弱逆袭、浪漫并发症、城市,"Intern reporter Mia may get fired as she looks after her seriously ill mom. To afford heavy medical costs, she takes a risky job, posing as a therapist to spy on cold mafia boss Ken. Plagued by family betrayal, Ken is harsh and unstable. He humiliates Mia badly at their interview, making her slap him in fury. Strangely, the blow eases his inner unrest. Left with no choice, Mia swallows her pride and comes back. A thrilling forbidden romance sparks between the kind-hearted journalist and brutal mafia king, tied by destiny.",,否 / No,,https://www.tiktok.com/@melon_minidrama
melon_minidrama,Melon_Minidrama,Melon_Minidrama,12,ID 7641451337762411528,The Matriarch's Protector,女族长的保护者,2026-05-28 20:14:22,62,833935,6066,101.1,是 / Yes,Mother- & Daughter-in-Law、Family & Ethics、Martial Arts,婆婆和儿媳妇、家庭与道德、武术,"Helena Young, master of a martial arts hall, protects her village from bandits. She is betrayed by adopted son, Xavier Young. On her deathbed, daughter-in-law Quinn protects her with her life. Reborn, Helena vows to protect Quinn. At Quinn's wedding, Helena confronts the other woman and helps Quinn punish her abusive family. Their relationship strengthens.",,否 / No,,https://www.tiktok.com/@melon_minidrama
melon_minidrama,Melon_Minidrama,Melon_Minidrama,13,ID 7641209609809875986,The Wronged Heiress's Revenge,受委屈的女继承人的复仇,2026-05-19 09:20:58,66,47978544,6058,101.0,是 / Yes,Revenge、Family Feud,复仇、家庭恩怨,"Ivy Crawford, the true heiress, was framed by adopted daughter Lana Crawford. Her family sent her to a mental asylum. After release, she begins to fight back. Her brother, Shi, learns the truth. Ivy exposes Lana's malicious nature and fake academic achievements, revealing her genius identity. The Crawford family realizes they favored the wrong daughter, but Ivy abandons the family.",,否 / No,,https://www.tiktok.com/@melon_minidrama
melon_minidrama,Melon_Minidrama,Melon_Minidrama,14,ID 7579531655241602055,The Legend of Joanne Zhen: Modern Conquest,甄嬛传：现代征服,2025-12-26 17:02:49,79,836825,9245,154.1,是 / Yes,City、Revenge、Sismance,城市、复仇、西斯芒斯,"In her past life, Joanne Zhen was oppressed by her stepmother and stepsister. Forced off a cliff, she time-travels 300 years into the modern world, to find her stepmother and stepsister are still acting tyrannically. Joanne Zhen finds her own sister and puts her enemies in their place. Relying on memories from her past life, she appraises rare treasures, crushes villains, and rises to the top, becoming the Master Appraiser of the modern age.",,否 / No,,https://www.tiktok.com/@melon_minidrama
melon_minidrama,Melon_Minidrama,Melon_Minidrama,15,ID 7600333079756018696,A Mother's Journey,母亲的旅程,2026-01-29 15:17:29,40,30030603,2326,38.8,是 / Yes,Family Feud、Betrayal,家庭恩怨、背叛,"A disabled sanitation worker finds a six-year-old boy with a high fever in a trash bin and takes him home. The boy claims he was bullied by his butler and nanny. The woman faces threats and humiliation to protect him. When his family's staff try to silence him to cover their crimes, she is hit by a car while shielding him. The boy begs for help to save his mother, revealing his true identity as the heir to a powerful family.",,否 / No,,https://www.tiktok.com/@melon_minidrama
melon_minidrama,Melon_Minidrama,Melon_Minidrama,16,ID 7657508484426257425,Owned by My Husband's Sister,归我丈夫的妹妹所有,2026-07-01 18:45:13,50,3725355,4474,74.6,是 / Yes,Romantic Complications、Mistaken Identities、Family Feud,浪漫并发症、错误的身份、家庭恩怨,"Married for five years, Sophia discovers her husband Daniel has long been cheating with her younger sister Casey. Shefakes amnesia after a car accident to test them. To cut ties, Daniel liesand claims she is the wife of her elder sister Taylor. Taylor, who fell for Sophia at first sight, plays along and stays by her side. She tempts Sophia step by step - from bold kisses to intimate nights - until Sophia falls completely.When Casey shoves Sophia into a pool in public, Taylor leaps to ssave her and claims her openly. Daniel is consumed by regret, while Casey goes mad with jealousy. In front of",,否 / No,,https://www.tiktok.com/@melon_minidrama
melon_minidrama,Melon_Minidrama,Melon_Minidrama,17,ID 7656780845553931265,The Heir from the Ruins,废墟的继承者,2026-07-02 15:24:52,82,525429,7133,118.9,是 / Yes,Revenge、Challenge/Quests in Game、Mistaken Identities,复仇、游戏中的挑战/任务、错误的身份,"Xiao Long is betrayed by his girlfriend. Reborn two days before the outbreak, he awakens the Doomsday RV System. By binding followers, he upgrades his RV. His RV becomes a super fortress. He recruits followers, hoards supplies, eliminates enemies, and kills zombies. He takes revenge on his betrayers, ends the global zombie crisis with a cure, and starts a new life in his super RV.",,否 / No,,https://www.tiktok.com/@melon_minidrama
melon_minidrama,Melon_Minidrama,Melon_Minidrama,18,ID 7654875017045644309,One Night to His Tutor：The Champion's Lesson,与导师共度一晚：冠军的教训,2026-06-24 16:25:53,60,11435540,4596,76.6,是 / Yes,Mistaken Identities、Revenge、Family Feud,错误的身份、复仇、家庭恩怨,"After discovering her relationship with the school heartthrob was merely a $500 bet, the timid Oliver has a one-night stand with a mysterious stranger. Her world is turned upside down the next day when he transfers into her class. He’s not just an Olympic gold medalist; he’s the boy whose life she ruined by reporting him in their childhood.",,否 / No,,https://www.tiktok.com/@melon_minidrama
melon_minidrama,Melon_Minidrama,Melon_Minidrama,19,ID 7645142913059656722,The Slap Queen No One Hurts My Baby Girl,掌掴女王没人伤害我的宝贝女儿,2026-06-04 11:38:22,50,7217546,4287,71.5,是 / Yes,Revenge、Family Feud,复仇、家庭恩怨,"Regina,theformidable,iron-fisted matriarch of the Jiang family, strikes fear into everyone in City A.Three years ago, she went overseas to develop a life-saving cure for her daughter Lily's rare illness. Yet when she returned with the finished medicine, her family had fallen apart. Regina's gold-digging husband Victor colluded with housekeeper Harper and her daughter Yvonne to seize control of the household. They usurped Regina's place as mistress of the house, then joined forces with Lily's fiancé Felix to reduce her to a servant. Lily endured daily abuse until she was driven insane.Heartbrok",,是 / Yes,,https://www.tiktok.com/@melon_minidrama
melon_minidrama,Melon_Minidrama,Melon_Minidrama,20,ID 7646607539479630856,The CEO's Unruly Bride,总裁的不羁新娘,2026-06-18 10:11:07,61,3337929,6693,111.5,是 / Yes,Married Life、Love After Marriage、Family Feud,婚姻生活、婚后的爱情、家庭恩怨,"Felicity, from Providence Village, known for multiple births and poverty, was chosen by villagers to work in the city. She met the Sterling family patriarch, who arranged her marriage to Sterling, a domineering CEO. The Sterling family has a curse: ""any woman who gives birth to a Sterling heir will die."" When Sterling refused to comply, Felicity, with her methods, tied him up and threw him into the bridal chamber.",,否 / No,,https://www.tiktok.com/@melon_minidrama
melon_minidrama,Melon_Minidrama,Melon_Minidrama,21,ID 7600334741669418002,Mistaken Mother-in-Law,误会婆婆,2026-01-30 17:32:13,40,3072709,2095,34.9,是 / Yes,Family Feud、Love Triangle、Revenge,家庭恩怨、三角恋、复仇,"A mother catches her son flirting with an older woman and assumes it's her daughter-in-law—""You're really desperate!"" The son clarifies: it's his mistress. The real daughter-in-law arrives and mistakes the mistress for her mother-in-law. The jealous mistress plays along, bullying the young wife at every turn while the husband flirts with his lover right in front of her. When the real mother-in-law returns, the truth explodes.",,否 / No,,https://www.tiktok.com/@melon_minidrama
melon_minidrama,Melon_Minidrama,Melon_Minidrama,22,ID 7653394720605393940,The Amnesiac CEO's Revenge,失忆CEO的复仇,2026-06-20 16:41:17,60,854743,5888,98.1,是 / Yes,Family Feud、Revenge、Lost Child,家庭恩怨、复仇、丢失的孩子,"Warren Lockwood was attacked, lost his memory. He was rescued by his adopted daughter, Chloe Anson. He was humiliated and tormented by his biological daughter, Isla Lockwood. Warren Lockwood returns with Zane. He exposes the culprit behind the attack—his sister, Jacqueline Lockwood. Warren Lockwood accepts Chloe Anson as his daughter.",,否 / No,,https://www.tiktok.com/@melon_minidrama
melon_minidrama,Melon_Minidrama,Melon_Minidrama,23,ID 7661124528348714005,How to Tame a Cursed Alpha,如何驯服被诅咒的阿尔法,2026-07-11 12:37:26,51,351718,3117,52.0,是 / Yes,Contract Lovers、Romantic Complications、Werewolf,合约爱好者、浪漫并发症、狼人,"How to tame a cursed Alpha? Step 1: Fall out of the sky into his arms. Step 2: Become his highest-paid maid. Silas is a terrifying Alpha whose touch burns people to ash. When wolfless Elara survives his touch, he instantly knows she's his fated Luna. The only problem? She just wants to cure his ""impotence"" with her exploding magic potions...",,否 / No,,https://www.tiktok.com/@melon_minidrama
melon_minidrama,Melon_Minidrama,Melon_Minidrama,24,ID 7641476076006724615,Betrayed by My Billionaire,被我的亿万富翁背叛,2026-05-25 10:54:26,57,23946003,6011,100.2,是 / Yes,Reconciliation、Family & Ethics、City,和解、家庭与道德、城市,"In his youth, Liam Sterling was full of vigor, with eyes only for Aurora Lowell. They studied together and started a business together. He once said he would marry her and love her for a lifetime, and she once said she would always be by his side, but time changed everything. When the beloved from a decade ago turns into a sharp blade, who will this knife hurt more?",,否 / No,,https://www.tiktok.com/@melon_minidrama
melon_minidrama,Melon_Minidrama,Melon_Minidrama,25,ID 7641206152491045896,My Fallen Genius Dad,我堕落的天才爸爸,2026-05-19 03:15:16,61,428079,7206,120.1,是 / Yes,Family & Ethics、Lost Child、Family Feud,家庭与道德、丢失的孩子、家庭恩怨,"Skye Keene, from a doomsday future, travels back, becoming daughter to physics professor Roland Rhodes, the apocalypse's culprit. She despises him; Roland disliked the original 'her' and favored his adopted daughter. Skye decides to get a new dad: Finn Keene, a former physics genius. Exposed for plagiarism, he lost his wife and child, becoming a scorned loser. Skye believes only Finn can save the world. To help him, she initiates the 'Project to Reform the Loser Dad'.",,否 / No,,https://www.tiktok.com/@melon_minidrama
melon_minidrama,Melon_Minidrama,Melon_Minidrama,26,ID 7644856880224932872,My Daughter’s Classmate Calls Me “Mom”,女儿的同学叫我“妈妈”,2026-06-18 10:55:01,56,4533478,4561,76.0,是 / Yes,Family & Ethics、City、Revealed Crush,家庭与道德、城市、揭露暗恋,"Single mom Sophie is humiliated by her daughter at graduation.The top graduate shocks everyone by confessing his love to her, not her daughter. Bella is consumed by jealousy, convinced he’s only doing it out of revenge. Little does Sophie know, he’s been obsessed with her for years, determined to let her see the betrayal in her so-called family.",,否 / No,,https://www.tiktok.com/@melon_minidrama
melon_minidrama,Melon_Minidrama,Melon_Minidrama,27,ID 7651505176712582165,Love's Final Goodbye,爱的最后告别,2026-06-22 17:36:40,60,409800,5405,90.1,是 / Yes,Family Feud、Revenge、Reconciliation,家庭恩怨、复仇、和解,"""Lucia is the real daughter of the Crawford family, but her parents only have eyes for their adopted girl Lilian. They even give Lucia a throwaway name to make Lilian feel special. Her only comfort is Julian, her childhood sweetheart of ten years—until Lilian steals him away and burns it all down. A car crash changes everything. Lucia is badly hurt, but Julian ditches her to fuss over Lilian's scratch. Heartbroken, Lucia tries to leave, but jealous Lilian has her kidnapped. When the gangsters force a choice, Julian sneers it's just Lucia being dramatic—and she ends up thrown off a cliff. Every",,是 / Yes,,https://www.tiktok.com/@melon_minidrama
melon_minidrama,Melon_Minidrama,Melon_Minidrama,28,ID 7631023257973724178,A Moment of Romance (translated),浪漫时刻（翻译）,2026-04-22 12:19:25,40,775433,2305,38.4,是 / Yes,Family Feud、Family Disputes,家庭恩怨、家庭纠纷,"In 1996, on the eve of Hong Kong's handover, society is in a state of flux. Joshua Li, a carefree drifter; Zoey, a wealthy young woman returning from her studies abroad; and Dottie Chen, a five-year-old princess who has inherited a billion-dollar fortune. These three individuals from different social classes, with seemingly nothing in common, cross paths by accident. As if fulfilling a mission bestowed by the changing times, the winds of an approaching storm are gathering... (translated)",,否 / No,,https://www.tiktok.com/@melon_minidrama
melon_minidrama,Melon_Minidrama,Melon_Minidrama,29,ID 7641216604080067591,Spoiled by the CEO,被CEO宠坏了,2026-05-21 23:17:59,56,27010239,6694,111.6,是 / Yes,Family Feud、Romantic Complications,家庭恩怨、浪漫并发症,"Tiana Shaw has a one-night stand with Julian Hayes. An unexpected pregnancy forces Tiana to give up her dream and school to support her child, only to be disowned by her father and stepmother. Julian searches for the mysterious woman. Eight months later, as Tiana is persecuted by her family, Julian saves her and brings her into the Hayes household. After obstacles, they open their hearts and decide to be together.",,否 / No,,https://www.tiktok.com/@melon_minidrama
melon_minidrama,Melon_Minidrama,Melon_Minidrama,30,ID 7600330828404741138,Bus Ride to Danger,乘坐巴士前往危险,2026-01-29 09:41:58,39,41674112,2144,35.7,是 / Yes,Family Feud、Revenge,家庭恩怨、复仇,"A wealthy heiress escapes her controlling family, only to be stalked by a deranged man. She boards a bus to flee, but he follows and turns the passengers against her. Just as they demand she be thrown off, a mysterious man in black intervenes—unaware that this bus is heading straight into a nightmare.",,否 / No,,https://www.tiktok.com/@melon_minidrama
melon_minidrama,Melon_Minidrama,Melon_Minidrama,31,ID 7641157900441916434,The Mind-Reading Dragon Heiress,读心龙女继承人,2026-05-20 23:24:52,62,818445,7396,123.3,是 / Yes,Fantasy、Lost Child、Real/Fake Heir/Heiress,奇幻、丢失的孩子、真/假继承人/女继承人,"Dragon girl Lora angers the Four Dragon Kings, punished to the mortal realm. She becomes Lora Yardley, True Heiress of Yardley Stronghold. She helps mother Cassandra Yardley and three brothers turn their fates, accumulate Merit to return to The Dragon Palace. Her family hears Lora's inner thoughts. They put Scumbag Dad, his mistress, and fake heiress in their place, help mother regain Chief position, and find romance, making Lora the Little Lucky Star of Yardley Stronghold.",,否 / No,,https://www.tiktok.com/@melon_minidrama
melon_minidrama,Melon_Minidrama,Melon_Minidrama,32,ID 7641218643317052437,My Cheating Husband's Downfall,我的出轨丈夫的垮台,2026-05-21 13:45:29,40,2701692,3788,63.1,是 / Yes,Revenge、City,复仇、城市,"Reporter Willow Lin was silenced after catching her husband, Kyle Carter, having an affair with his colleague, Mandy Summers. Willow Lin uses surveillance for evidence. She live streams, tricking mother-in-law Rose Shen into witnessing. Willow Lin exposes Mandy Summers' scandals, using Mandy's husband, Mr. Stone, to punish them. Kyle Carter and Mandy Summers are ruined, Rose Shen paralyzed, Willow Lin's career takes off, completing her revenge.",,否 / No,,https://www.tiktok.com/@melon_minidrama
melon_minidrama,Melon_Minidrama,Melon_Minidrama,33,ID 7624632000833590280,One Dumpling to Die For,一个饺子让人爱不释手,2026-04-04 20:42:53,40,7765900,2804,46.7,是 / Yes,Reconciliation、City、Married Life,和解、城市、婚姻生活,"In a remote village, a man runs a mysterious dumpling shop — one bowl per day, women only. His wife of ten years has never been allowed inside. When her mother investigates and becomes a customer herself, people start disappearing. To uncover the truth, the wife goes undercover as a customer, walking straight into a deadly trap.",,否 / No,,https://www.tiktok.com/@melon_minidrama
melon_minidrama,Melon_Minidrama,Melon_Minidrama,34,ID 7641205973818004498,The CEO's Secret Family,首席执行官的秘密家庭,2026-05-19 09:11:21,61,892446,6635,110.6,是 / Yes,Family Feud、Contract Lovers、Romantic Complications,家庭恩怨、合约爱好者、浪漫并发症,"Nina Sullivan escapes an arranged marriage. A one-night stand with Ethan Sheridan. Six years later, she returns with her son, who is the spitting image of Ethan. Ethan rescues her, pressured into marriage, and suggests they pose as his family. They face challenges from a scheming woman and the Sheridan Family. Their son plays matchmaker, and they realize their past. After thwarting a villain's plot, the family of three gets their happy ending.",,否 / No,,https://www.tiktok.com/@melon_minidrama
melon_minidrama,Melon_Minidrama,Melon_Minidrama,35,ID 7600727394915439634,The Last Admission Pass,最后一张入场券,2026-02-04 10:00:52,40,11043859,2460,41.0,是 / Yes,Lost Child、City、Family & Ethics,丢失的孩子、城市、家庭与道德,"On the day of a life-changing exam, a student forgets his admission card. A kind shop owner rushes to deliver it but crashes into his mother and her secret lover. To hide her infidelity, the mother ruthlessly blocks the way. With the clock ticking, will the student’s future be destroyed by his own mother’s betrayal?",,否 / No,,https://www.tiktok.com/@melon_minidrama
melon_minidrama,Melon_Minidrama,Melon_Minidrama,36,ID 7660030899195073557,Pretending to Be the Mafia Boss’s Wife,假装是黑手党老大的妻子,2026-07-08 13:53:36,70,778110,7017,117.0,是 / Yes,Romantic Complications、City、Contract Lovers,浪漫并发症、城市、合约爱好者,"Cordelia takes on a high-stakes gig: impersonating a powerful CEO who shares her name and face. Aided by her assistant Ella, she fumbles through corporate crises using her own ""unconventional"" methods to keep the ruse alive. But the real shocker? The CEO’s contract husband is none other than the ruthless mob boss to whom Cordelia owes her life.",,否 / No,,https://www.tiktok.com/@melon_minidrama
melon_minidrama,Melon_Minidrama,Melon_Minidrama,37,ID 7641472291636925448,My Fiancé's Powerful Twin,我未婚夫的强大双胞胎,2026-05-20 22:36:51,60,23202294,7355,122.6,是 / Yes,Revenge、Family Feud、Reconciliation,复仇、家庭恩怨、和解,"If you're going to be a canary, why not be the one on the highest branch? Vivian Jennings, the top beauty of Kingsbay, is betrayed by her fiancé, Julian Lockwood. When Julian and his powerful twin brother, Alistair, switch identities, Vivian plays along, seizing the opportunity for revenge. After achieving her goal, Vivian wants to end the charade, only to discover that Alistair Lockwood has fallen for her for real.",,否 / No,,https://www.tiktok.com/@melon_minidrama
melon_minidrama,Melon_Minidrama,Melon_Minidrama,38,ID 7657385030989239312,Forbidden Love: Her Mafia Domme,禁忌之爱：她的黑手党 Domme,2026-07-01 10:45:56,57,39567336,3802,63.4,是 / Yes,dark romance、Forced Love、City,黑暗浪漫、强迫的爱、城市,"To save her husband who once saved her life, doctor Mia has no choice but to become a surrogate for the formidable mafia queen Vera. She tries to endure everything in silence, yet her heart gradually softens under Vera’s powerful care. Haunted by gratitude for her husband, she refuses to give in to this dangerous affection. During a prenatal check-up, Mia finds her husband holding his old flame. He roughly grabs her arm, forcing her to donate bone marrow, and sneers that she is carrying an illegitimate child. Right then, Vera bursts in with her men. She stands in front of Mia and aims guns at",,否 / No,,https://www.tiktok.com/@melon_minidrama
melon_minidrama,Melon_Minidrama,Melon_Minidrama,39,ID 7618798704019133447,The Maid Is a CEO,女仆是CEO,2026-03-22 20:11:23,40,5111867,3674,61.2,是 / Yes,Lost Child、Revenge、Family Feud,丢失的孩子、复仇、家庭恩怨,"A powerful CEO disguises herself as a cleaner to reunite with her long-lost family. When snobbish relatives humiliate her and her protective parents, she sheds her disguise and summons her empire to strike back. Can she protect her loved ones and make the villains pay for their greed?",,否 / No,,https://www.tiktok.com/@melon_minidrama
melon_minidrama,Melon_Minidrama,Melon_Minidrama,40,ID 7641208984267166727,The Director's Secret Bride,导演的秘密新娘,2026-05-19 17:39:34,65,3590741,5893,98.2,是 / Yes,Love After Marriage、Revenge、Rural Area,婚后的爱情、复仇、乡村,"After losing her parents in a clothing factory fire, Luna Cameron's cousin, Sylvia Walsh, stole her university admission spot, and her fiancé, Leo Lewis, cheated. Luna was forced to marry mechanic Aidan Jackson, only to discover the Jackson family was incredibly wealthy. Aidan, the Factory Director, loved Luna but concealed his identity. After the truth was revealed, they worked to uncover the fire's truth. Luna became a fashion designer and the Factory Director's wife.",,否 / No,,https://www.tiktok.com/@melon_minidrama
melon_minidrama,Melon_Minidrama,Melon_Minidrama,41,ID 7652634690456966165,Mafia's Little Grape,黑手党的小葡萄,2026-06-25 13:50:23,54,12030305,4427,73.8,是 / Yes,Family Feud、Mistaken Identities、Romantic Complications,家庭恩怨、错误的身份、浪漫并发症,"Lily took a leave of absence from school to work as a grape stomper to pay her tuition. On her boyfriend Eric’s birthday, inspired by her best friend, she decided to tie herself to the swing and give herself to him as a birthday gift. But the one who came home that night was not Eric. It was his father Victor, a notorious and cold-blooded mafia boss. The two spent an unforgettable night together by accident. When Victor woke up and found out the truth, he ordered his men to find the mysterious woman covered in the scent of grapes...",,否 / No,,https://www.tiktok.com/@melon_minidrama
melon_minidrama,Melon_Minidrama,Melon_Minidrama,42,ID 7641217996257727495,The Warlord's Reborn Bride,军阀的重生新娘,2026-05-21 15:51:06,57,12937817,6886,114.8,是 / Yes,City、Revenge、Love After Marriage,城市、复仇、婚后的爱情,"In her past life, Celeste Shaw trusted a scumbag, leading to her family's annihilation. After death, she learned Warlord Xavier Dalton loved her and died with her. After rebirth, Xavier Dalton seizes Celeste Shaw in marriage, forbidding her from his scumbag brother. Celeste uses the Warlord's power to fight back, initiating a reverse forced love...",,否 / No,,https://www.tiktok.com/@melon_minidrama
melon_minidrama,Melon_Minidrama,Melon_Minidrama,43,ID 7651450622864086036,"Mommy Wake Up, Daddy is Sorry",妈妈醒醒，爸爸对不起,2026-06-19 02:34:49,50,821212,3152,52.5,是 / Yes,Romantic Complications、Family Feud、Reconciliation,浪漫并发症、家庭恩怨、和解,"""Daddy, please wake Mommy up!"" When the ruthless billionaire realizes the little girl on the street is his heir, and her dying mother is the only woman he ever loved—the wife he spent seven agonizing years mourning...",,否 / No,,https://www.tiktok.com/@melon_minidrama
melon_minidrama,Melon_Minidrama,Melon_Minidrama,44,ID 7641211938181092372,The Billionaire's Wronged Bride,亿万富翁受委屈的新娘,2026-05-19 09:12:59,50,10488209,4563,76.0,是 / Yes,Betrayal、Family Feud,背叛、家庭恩怨,"Chloe Archer marries Leo Lockwood. Leo and Shen Yanlan doubt paternity due to asthenospermia. They force Chloe to undergo amniocentesis. Test confirms Lockwood bloodline, but fetus critical. Chloe's father saves the child, claims a baby girl was born. The Lockwoods leave. Chloe agrees to divorce after the baby's one-month celebration. At the celebration, she reveals a healthy baby boy, leaving the Lockwoods regretful. Chloe divorces, inherits her fortune with her son. Lockwood family line ends.",,否 / No,,https://www.tiktok.com/@melon_minidrama
melon_minidrama,Melon_Minidrama,Melon_Minidrama,45,ID 7611209493593986066,Trapped on a Killer Bus,被困在一辆杀手巴士上,2026-02-27 14:44:29,40,63379918,2275,37.9,是 / Yes,Contract Lovers、Mystery、Fantasy,合约爱好者、神秘、奇幻,"A college student and her boyfriend board a creepy return bus in a remote area. She panics when she realizes it looks exactly like the bus that disappeared a year ago. Her friend begs the boyfriend to get off, but he dismisses every strange occurrence as normal. As the bus drives farther, the couple discovers more and more terrifying secrets aboard.",,否 / No,,https://www.tiktok.com/@melon_minidrama
melon_minidrama,Melon_Minidrama,Melon_Minidrama,46,ID 7653111193749607445,My Apocalypse RV Fortress,我的天启房车堡垒,2026-06-24 09:43:25,60,348885,6050,100.8,是 / Yes,End-of-the-World、Revenge,世界末日、复仇,"Ryder Shaw is betrayed by his girlfriend and thrown to zombies. Reborn before the outbreak, he awakens the Apocalypse RV Upgrade System. Binding Followers upgrades his RV into a nuke-proof super fortress, unlocking powerful skills and infinite resources. He gets revenge on betrayers, foils a foreign bioweapon conspiracy, and uses a cure to end the global zombie crisis, starting a new life in his super RV.",,否 / No,,https://www.tiktok.com/@melon_minidrama
melon_minidrama,Melon_Minidrama,Melon_Minidrama,47,ID 7641453233550054418,The CEO's Dying Love,首席执行官的垂死之爱,2026-05-20 19:04:50,59,28024830,6904,115.1,是 / Yes,Romantic Complications、Reconciliation、City,浪漫并发症、和解、城市,"On a rainy night at eighteen, a boy lit up a girl's darkness, leaving an unforgettable, dazzling memory. After ten years of love, she lost her ability to have children while saving him, and he became her sole support. But gradually, he became a playboy. Heartbroken and tormented, she finally gave up and fled. After losing his beloved, he has a sudden awakening. But can he find redemption?",,否 / No,,https://www.tiktok.com/@melon_minidrama
melon_minidrama,Melon_Minidrama,Melon_Minidrama,48,ID 7611210353451521042,The Second Marriage (translated),第二次婚姻（翻译）,2026-03-03 18:25:52,40,841737,2646,44.1,是 / Yes,Family Feud、Revenge,家庭恩怨、复仇,"Susan Zhang, a chairwoman, hides her identity, pretending to be a cleaner to date a security guard, Leo Liu. Her mother, Madam Zhang, investigates and learns that Leo Liu and his mother, Cora Liu, have been coveting Susan Zhang's property. Their rush to marry is a plot to seize her assets. Madam Zhang tells Susan Zhang the truth. Susan Zhang decides to strike back at the scumbag on their wedding day!",,否 / No,,https://www.tiktok.com/@melon_minidrama
melon_minidrama,Melon_Minidrama,Melon_Minidrama,49,ID 7651460450802488340,Hired by My Billionaire Baby Daddy,被我的亿万富翁宝贝爸爸雇用,2026-06-20 19:56:35,53,415833,4401,73.3,是 / Yes,Reconciliation、Family & Ethics、Family Feud,和解、家庭与道德、家庭恩怨,"Six years after a wild one-night stand, Iris is a struggling single mom working as an assistant to the ruthless billionaire CEO, Asher. Asher falls deeply in love with Iris, completely unaware she is the stranger from that night. Meanwhile, Asher's ultra-rich grandmother runs a DNA test and discovers Iris's son is their missing heir! She orders Asher to marry ""the mother of his child."" But Asher fiercely refuses, declaring he will only marry his assistant, Iris! Little does he know, the assistant he loves and the baby mama he rejects are the exact same person!",,否 / No,,https://www.tiktok.com/@melon_minidrama
melon_minidrama,Melon_Minidrama,Melon_Minidrama,50,ID 7643442617442767890,Twin Deception: Mafia's True Bride,双生欺骗：黑手党的真正新娘,2026-05-26 14:20:41,60,1692321,5063,84.4,是 / Yes,Revealed Crush、Revenge、Family Feud,揭露暗恋、复仇、家庭恩怨,"Mia Clark, the unwanted daughter of the Vance family, was hunting down her father’s killer. To punish those who ruined her life, she sets her sights on Ethan Sterling, heir to the real estate empire. But Ethan has switched places with his brother Liam. She stays, posing as the fiancée while plotting her revenge. She knows who’s in her bed. Liam Sterling, who has desired her for years, is tired of pretending.",,否 / No,,https://www.tiktok.com/@melon_minidrama
melon_minidrama,Melon_Minidrama,Melon_Minidrama,51,ID 7580259472329937938,Hidden Heir Returns,隐藏继承人回归,2025-12-08 18:06:18,79,855571,7266,121.1,是 / Yes,Revenge、Family Feud,复仇、家庭恩怨,"Three years ago, a man left his family to avenge his mother's murder. Saved by a kind elder, he became a son-in-law to a humble family, working as a dockhand while secretly building their empire. When his birth family summons him home to lead them, he refuses—only to learn his wife, now the city's top CEO, wants a divorce. Torn between hidden power and a crumbling marriage, he must decide whether to reveal his true identity or lose everything.",,否 / No,,https://www.tiktok.com/@melon_minidrama
melon_minidrama,Melon_Minidrama,Melon_Minidrama,52,ID 7585036420448818194,Mother Takes Charge,母亲掌权,2025-12-26 10:18:06,40,1756512,2788,46.5,是 / Yes,Love Triangle、Family & Ethics、Family Feud,三角恋、家庭与道德、家庭恩怨,"A mother visiting her son's new home is mistaken for the wife by his mistress, who throws money at her and demands a divorce. Enraged but composed, she extracts information and vows to teach both her son and his lover a lesson they won't forget.",,否 / No,,https://www.tiktok.com/@melon_minidrama
melon_minidrama,Melon_Minidrama,Melon_Minidrama,53,ID 7519826048431838226,Menolong Putra yang Bucin,梅诺隆·普特拉·杨·布辛,2025-07-26 15:30:01,51,851941,6539,109.0,是 / Yes,City、Revenge、Mother- & Daughter-in-Law,城市、复仇、婆婆和儿媳妇,"Di kehidupan sebelumnya, Wu Ying dikenal sebagai ibu mertua rajin dan sabar, tetapi menantuinya memancing putrinyanya untuk menjauh darinya, sampai ia mati kelaparan tanpa punya siapa. Kini hidup kembali, Wu Ying tidak ingin lagi menjadi 'ibu mertua baik' itu. Dia akan mengungkap kebenaran tentang menantuinya, menyelamatkan putrinya yang tergoda, dan memastikan wanita jahat tidak ！",,否 / No,,https://www.tiktok.com/@melon_minidrama
melon_minidrama,Melon_Minidrama,Melon_Minidrama,54,ID 7577328291678622738,Saat angin menemukanmu,萨特·安金·梅内穆坎穆,2025-12-05 18:07:17,48,38140470,5414,90.2,是 / Yes,Family & Ethics、Family Feud,家庭与道德、家庭恩怨,"Seorang wanita muda dibius oleh para penculik, namun diselamatkan oleh putra kedua dari keluarga berpengaruh. Setelah pertemuan satu malam itu, sang wanita menghilang, membuat sang pria terobsesi untuk menemukannya. Bertahun-tahun kemudian, dalam keadaan hamil dan membesarkan anaknya seorang diri, ia dipaksa menikah dengan putra sulung keluarga itu yang sedang koma. Di upacara pernikahan yang ganjil itu, ia kembali bertemu dengan sang putra kedua.",,否 / No,,https://www.tiktok.com/@melon_minidrama
melon_minidrama,Melon_Minidrama,Melon_Minidrama,55,ID 7580182095427818504,Nanny Goes Home,保姆回家,2025-12-10 17:59:31,60,847682,7739,129.0,是 / Yes,Revenge、Family Feud,复仇、家庭恩怨,"A country girl is tricked into working at a city club and has a one-night stand with a billionaire. Her ambitious friend steals her identity to become his wife, while she ends up as the household nanny. As real feelings grow between her and the billionaire, the impostor wages war to protect her stolen life.",,否 / No,,https://www.tiktok.com/@melon_minidrama
melon_minidrama,Melon_Minidrama,Melon_Minidrama,56,ID 7517847540771968021,Boss Mommy's Triplets,老板妈咪的三胞胎,2025-07-31 11:14:59,93,7616683,8916,148.6,是 / Yes,Family Feud、Revenge,家庭恩怨、复仇,"Betrayed by her father and sister on her eighteenth birthday, she was exiled after a night with a powerful CEO. Pregnant and alone, one of her triplets was stolen at birth. Six years later, she returns with unstoppable power to reclaim what’s hers. Will she find her lost child and make the traitors pay?",,否 / No,,https://www.tiktok.com/@melon_minidrama
melon_minidrama,Melon_Minidrama,Melon_Minidrama,57,ID 7522778628950905874,Panggung terakhirnya,庞贡寺,2025-07-31 16:52:25,64,23365277,5934,98.9,是 / Yes,City、Revenge,城市、复仇,"Suami，putra ，menantu peny ，cucu nakal—Yong Mei hidup kelam di kehidupan sebelumnya. Kini hidup kembali, dia cerai, putus hubungan dengan keluarga，dan pada usia 50 tahun kembali ke dunia musik, bersinar brightly!",,否 / No,,https://www.tiktok.com/@melon_minidrama
melon_minidrama,Melon_Minidrama,Melon_Minidrama,58,ID 7585042031953679368,Billionaire's Chosen Mother,亿万富翁选择的母亲,2025-12-23 17:56:45,40,15303126,3472,57.9,是 / Yes,Family & Ethics、Lost Child、Family Feud,家庭与道德、丢失的孩子、家庭恩怨,"After sacrificing everything for her son’s marriage, a widow is heartlessly kicked out. Fate changes when she rescues a billionaire’s heir, becoming the family’s honored matriarch. Now, her ungrateful son wants her back to serve his spoiled child. Will she return to her toxic bloodline or embrace her powerful new life?",,否 / No,,https://www.tiktok.com/@melon_minidrama
melon_minidrama,Melon_Minidrama,Melon_Minidrama,59,ID 7581328209430664200,Miracle of Dance (translated),舞蹈的奇迹（翻译）,2025-12-12 19:26:51,60,833,5624,93.7,是 / Yes,Lost Child、City、Revenge,丢失的孩子、城市、复仇,"Dance King Kai Zhang is framed by his teammate Sean Lee and banned from competing for five years. He finds an abandoned baby, Cece. Five years later, he runs into Sean Lee and is humiliated. Chan Yang invites him to be the coach for her crew in the upcoming Nationals. Despite obstacles from the Lee family, Kai Zhang, with the help of his old teammates and Cece, wins the championship.",,否 / No,,https://www.tiktok.com/@melon_minidrama
melon_minidrama,Melon_Minidrama,Melon_Minidrama,60,ID 7577329544219317256,The Tyrant's Pursuit,暴君的追击,2025-11-28 18:28:08,60,8274401,6710,111.8,是 / Yes,Love Triangle、Revenge、Family Feud,三角恋、复仇、家庭恩怨,"After escaping an ancient empire by using the emperor as a shield, a wealthy heiress returns to the modern world. To her horror, the vengeful tyrant follows her across time! While she fights her illegitimate sister for her stolen inheritance, she finds the king lost and accused in the city. Can she survive his wrath and reclaim her life?",,否 / No,,https://www.tiktok.com/@melon_minidrama
melon_minidrama,Melon_Minidrama,Melon_Minidrama,61,ID 7579889580145644562,Snow Train Survival,雪地火车生存,2025-12-09 18:14:04,80,30623687,8279,138.0,是 / Yes,Revenge、Superior and Inferior、End-of-the-World,复仇、强弱逆袭、世界末日,"In 2079, environmental destruction has turned Earth into an ice world. Humanity survives on a never-stopping train with extreme class divisions. Among the impoverished passengers at the rear hides a legendary savior who will lead them to the front, overthrow the oppressive order, and rebuild the train's society.",,否 / No,,https://www.tiktok.com/@melon_minidrama
melon_minidrama,Melon_Minidrama,Melon_Minidrama,62,ID 7582044116519932936,Bus Ride to Safety,乘坐巴士前往安全,2025-12-20 13:59:04,39,891,2354,39.2,是 / Yes,Redemption、Crime、City,赎回、犯罪、城市,"A woman is chased by a deranged man and boards a bus for safety. He follows, claiming she is his runaway wife. Passengers turn against her until the driver intervenes—unaware that this bus ride is about to become a fight for survival.",,否 / No,,https://www.tiktok.com/@melon_minidrama
melon_minidrama,Melon_Minidrama,Melon_Minidrama,63,ID 7519759767766717441,Pembalasan Dendam Sang Guru,彭巴拉桑·丹丹桑·古鲁,2025-07-30 14:23:09,54,934,5726,95.4,是 / Yes,Family Feud、Revenge,家庭恩怨、复仇,"Pria dari kampung yang sukses bergabung dengan pelayan rumah menyiksak keluarga sampai hancur, dan dipotong 72 kali lalu dibuang ke laut. Untungnya dia selamat, berubah penampilan menjadi guru privat. Saudara pun kembali menggunakan kursi roda sebagai strategis di balik layar. Wanita jahat kembali hanya untuk balas dendam!",,否 / No,,https://www.tiktok.com/@melon_minidrama
melon_minidrama,Melon_Minidrama,Melon_Minidrama,64,ID 7525409320654230535,Kehormatan pahlawan dipulihkan,克霍马坦·帕拉万·迪普利坎,2025-07-31 16:08:29,30,640,2974,49.6,是 / Yes,Lost Child、Revenge、City,丢失的孩子、复仇、城市,"Seorang pahlawan perang berjasa yang kehilangan seluruh keluarganya pulang dengan penghargaan tertinggi negara. Dalam perjalanan menuju upacara publik, ia dihina dengan kejam oleh seorang ibu sombong dan putranya yang nakal. Ketika pemimpin negara mengetahui penghinaan itu, ia turun tangan untuk membela martabat sang pahlawan dan memastikan keadilan ditegakkan.",,否 / No,,https://www.tiktok.com/@melon_minidrama
melon_minidrama,Melon_Minidrama,Melon_Minidrama,65,ID 7524245949787444231,Anak Tersembunyi Sang CEO,Anak Tersembunyi Sang 首席执行官,2025-07-30 17:51:26,82,6444040,8927,148.8,是 / Yes,Revenge、Family Feud,复仇、家庭恩怨,"Enam tahun yang lalu, Su Qinghe dijebak oleh ibu tiri dan saudara perempuannya, secara tidak sengaja hamil dan membunuh ayahnya, perusahaan keluarga diambil alih oleh ibu tirinya, dan dia sendiri diusir dari rumah. Enam tahun kemudian, putri Su Qinghe, Su Tiantian, memiliki kemampuan membaca pikiran dan membantu ibunya untuk bergabung dengan Shangjia dan menjadi asisten presiden, Ling Xiaohan. Bakat desain Su Qinghe menyebabkan kecemburuan dan penjebakan oleh desainer Peng Xue, namun Ling Leihan menyadarinya dan memutuskan untuk memecat Peng Xue. Su Ziye tidak berhasil menjebak Su Qinghe untuk",,是 / Yes,,https://www.tiktok.com/@melon_minidrama
melon_minidrama,Melon_Minidrama,Melon_Minidrama,66,ID 7579869921002722312,The Titan Undercover,泰坦卧底,2025-12-24 16:28:06,80,17412737,5117,85.3,是 / Yes,Fantasy、Mistaken Identities、Revenge,奇幻、错误的身份、复仇,"He is a despised house husband, mocked by high society. However, he hides a powerful lineage and extraordinary skills. When his wife’s empire is threatened by ruthless rivals and family betrayals, he steps out of the shadows to protect her. Can he dismantle his enemies and reclaim his honor before his secret identity destroys everything they’ve built?",,否 / No,,https://www.tiktok.com/@melon_minidrama
melon_minidrama,Melon_Minidrama,Melon_Minidrama,67,ID 7577314666901279752,The Alpha's Secret Heir,阿尔法的秘密继承人,2025-12-12 18:15:35,58,22152702,6225,103.8,是 / Yes,Romantic Complications、Werewolf,浪漫并发症、狼人,"A mysterious night in a mountain castle leaves an innocent student pregnant with the mark of a wolf. Cast out by her family, she returns a year later to work for a powerful CEO. Suddenly, his young son calls her ""Mom,"" claiming they are both werewolves. Will she escape the Alpha's wild embrace or succumb to her destiny?",,否 / No,,https://www.tiktok.com/@melon_minidrama
melon_minidrama,Melon_Minidrama,Melon_Minidrama,68,ID 7579189131503735826,Master Lu's Adorably Fierce Shadow,鲁大师的可爱凶影,2025-12-23 13:55:11,55,1091726,4456,74.3,是 / Yes,Redemption、Revenge、Family Feud,赎回、复仇、家庭恩怨,"Sarah Yu's parents perished in a fire. She was rescued by Master Cai. Sarah Yu is led by her master to Leon Lu's home to uncover the truth behind her family's murder. Leon Lu discovers a butterfly wing tattoo, identical to the one on his parents' murderer. He brings Sarah Yu to his home to investigate. Sarah Yu reunites with her cousin, Wesley Wei. The masterminds turn out to be Master Cai and Wesley Wei.",,否 / No,,https://www.tiktok.com/@melon_minidrama
melon_minidrama,Melon_Minidrama,Melon_Minidrama,69,ID 7579513472061428754,I Am Not the Dragon King,我不是龙王,2025-12-11 18:03:12,80,861,7647,127.5,是 / Yes,Cultivation、Betrayal、Love Triangle,栽培、背叛、三角恋,"Kaelen Shaw was a blind Celestial Master who swindled under the guise of the Dragon King. His fiancée, Joelle Lee, conspired to bury him alive to annul their engagement. The Divine Dragon Jade restored his sight. Kaelen mistakenly believes he has a divine art and heads to the Dragon Ascension Banquet to seek justice. The divine art is fake, and other impostor Dragon Kings are there. To survive, Kaelen must continue his charade.",,否 / No,,https://www.tiktok.com/@melon_minidrama
melon_minidrama,Melon_Minidrama,Melon_Minidrama,70,ID 7519405529744102418,Membuat Cinta Kembali,孟布阿·辛塔·肯巴里,2025-07-30 16:31:53,61,2241190,6437,107.3,是 / Yes,Lost Child、Family Feud,丢失的孩子、家庭恩怨,"Cerita ini mengisahkan tentang Gadis Guan Xin, yang diangkat dan dibesarkan oleh petani Guan Ligen, dan hubungan dengan kakek tirinya, orang terkaya Gong Jixiang. Karena perantaraan tiri yang jahat, Gong Ruomei, keduanya saling meragukan dan tidak mengenal satu sama lain, hingga akhirnya menyelesaikan kesalahpahaman dan berhasil bertemu kembali.",,否 / No,,https://www.tiktok.com/@melon_minidrama
melon_minidrama,Melon_Minidrama,Melon_Minidrama,71,ID 7529751052657415186,The CEO's Secret Shield,CEO的秘密盾牌,2025-08-28 13:39:52,54,12313591,5125,85.4,是 / Yes,Family Feud、Love After Marriage、Betrayal,家庭恩怨、婚后的爱情、背叛,"A powerful billionaire heir, known for his cold detachment, crashes his long-time crush's wedding disguised as a lowly bodyguard to steal the bride. He leads a double life, using his secret influence to protect her while serving as her humble guard. As she falls for this mysterious protector, will she discover his true elite identity?",,否 / No,,https://www.tiktok.com/@melon_minidrama
melon_minidrama,Melon_Minidrama,Melon_Minidrama,72,ID 7528348249892131848,Kembalinya Putri Kaya,肯巴林亚·普特里·卡亚,2025-07-31 18:58:10,62,665,5072,84.5,是 / Yes,Revenge、Family Feud、Lost Child,复仇、家庭恩怨、丢失的孩子,"Putri orang terkaya Helan Shuyin, 18 tahun yang lalu diancamkan oleh saudari tirinya, diculik ke pedalaman. Ibu dipijat, menyelamatkan ibu dan lari bersama, tetapi ibu menarik perhatian penyerang untuk melindungi ，kemudian diselamatkan dan mewarisi perusahaan, tetapi pisah dengan putrinya Xiao Xiao. 18 tahun kemudian, Shuyin terus mencari putrinya, tetapi selalu karena nasib bermain-main...",,否 / No,,https://www.tiktok.com/@melon_minidrama
melon_minidrama,Melon_Minidrama,Melon_Minidrama,73,ID 7519093206005601281,The Cost of Her Ambition,她的野心的代价,2025-07-30 16:34:17,64,27794564,7793,129.9,是 / Yes,Lost Child、Family & Ethics、Family Feud,丢失的孩子、家庭与道德、家庭恩怨,"He sacrificed everything, selling bread to give her a future. Now she lives in luxury, married to a billionaire. When he visits his newborn grandchild, she denies him, calling him a beggar to protect her status. Heartbroken, he faces the ultimate betrayal by the one he loves most. Will her cruel lies lead to her downfall or his eternal silence?",,否 / No,,https://www.tiktok.com/@melon_minidrama
melon_minidrama,Melon_Minidrama,Melon_Minidrama,74,ID 7585020830254421010,War of The Mansions,豪宅之战,2025-12-18 17:54:11,40,625,2186,36.4,是 / Yes,Love Triangle、Revenge、Family Feud,三角恋、复仇、家庭恩怨,"A billionaire heiress gifts her husband a luxury penthouse — only to discover he gave it to his mistress. The arrogant mistress, unaware of the heiress's true identity, nearly runs her over and showers her with insults, threatening to have her husband teach the 'nobody' a lesson. Big mistake.",,否 / No,,https://www.tiktok.com/@melon_minidrama
melon_minidrama,Melon_Minidrama,Melon_Minidrama,75,ID 7519086806411793426,Nasib Putri Kembar,纳西布·普特里·肯巴尔,2025-08-09 17:26:17,65,843,7445,124.1,是 / Yes,Family Feud,家庭恩怨,"Seorang peraturan nenek moyang yang konyol membuat dua orang kembar menjalani nasib yang sebaliknya. Salah satu dari mereka hampir dikepala saat lahir, sedangkan yang lainnya diperlakukan sebagai harta karun. Bertahun-tahun kemudian, gadis yang hampir terbunuh itu menjadi pengganti dan bahan utama untuk obat dari kakaknya. Dia seperti bayangan, tanpa identitas, kebebasan, dan tanpa siapa pun yang mencintainya. Namun suatu hari, orang itu finally muncul..",,否 / No,,https://www.tiktok.com/@melon_minidrama
melon_minidrama,Melon_Minidrama,Melon_Minidrama,76,ID 7528366674844685330,Saudari balas dendam,绍达里·巴拉斯·登丹姆,2025-07-29 17:52:25,60,85593923,6251,104.2,是 / Yes,Family Feud、Lost Child、Revenge,家庭恩怨、丢失的孩子、复仇,"Sepasang saudari kembar saling bergantung sejak kecil. Demi menyelamatkan nyawa kakaknya, sang adik mengorbankan satu-satunya kesempatan untuk meraih kebahagiaan. Bertahun-tahun kemudian, sang kakak kembali dengan gemilang dan mengetahui adiknya nyaris tewas dirundung. Dipenuhi amarah, ia menyamar dan membalaskan dendam kepada seluruh komplotan perundung itu.",,否 / No,,https://www.tiktok.com/@melon_minidrama
melon_minidrama,Melon_Minidrama,Melon_Minidrama,77,ID 7524986646727726098,Bukan playboymu,不看花花公子,2025-08-09 16:25:42,60,709,5087,84.8,是 / Yes,Challenge/Quests in Game、Love Triangle、Revenge,游戏中的挑战/任务、三角恋、复仇,-,,否 / No,,https://www.tiktok.com/@melon_minidrama
melon_minidrama,Melon_Minidrama,Melon_Minidrama,78,ID 7577277326728418322,Prison Heiress Returns,监狱女继承人归来,2025-12-19 17:25:42,58,78456210,5727,95.5,是 / Yes,Family Feud、Revenge、Childhood Sweethearts,家庭恩怨、复仇、青梅竹马,"Three years earlier, a young heiress was framed by her father and stepmother, unjustly imprisoned while they drugged her. Released early for good behavior, she crashes her father's birthday banquet to declare revenge. When the drug takes effect, she unexpectedly reunites with her childhood friend—a secret nobleman who protects her and helps neutralize the toxin. Together, they defeat the villains, protect her mother's company, and finally claim the love that was always meant to be.",,否 / No,,https://www.tiktok.com/@melon_minidrama
melon_minidrama,Melon_Minidrama,Melon_Minidrama,79,ID 7518990160890188807,Sang ibu kembali mengamuk,桑伊布·肯巴里·蒙加穆克,2025-07-30 16:31:03,66,13831349,5136,85.6,是 / Yes,Revenge、Lost Child、City,复仇、丢失的孩子、城市,-,,否 / No,,https://www.tiktok.com/@melon_minidrama
melon_minidrama,Melon_Minidrama,Melon_Minidrama,80,ID 7519459602749232146,Dendam putri sang diva,Dendam Putri 唱天后,2025-07-30 16:33:18,61,7951876,6347,105.8,是 / Yes,Celebrity、Revenge,名人、复仇,"Beberapa tahun lalu, seorang aktor muda tampan di industri hiburan mengejar seorang aktris senior tanpa peduli pandangan masyarakat, menjadi cerita populer. kemudian, aktor muda itu menjadi. Dalam tahun yang sama, istrinya dan putri berumur empat tahun meninggal dalam sebuah perampokan rumah, membuat semua orang menyesal. Tetapi apakah itu kebenaran? Tidak, kebenarannya adalah, dia membunuh istrinya dan anaknya.",,否 / No,,https://www.tiktok.com/@melon_minidrama
melon_minidrama,Melon_Minidrama,Melon_Minidrama,81,ID 7577348066127320082,My Wife Brings Fortune,我的妻子带来财富,2025-12-04 18:08:56,78,34255058,7584,126.4,是 / Yes,Revenge、Love After Marriage、Fantasy,复仇、婚后的爱情、奇幻,"A celestial goddess of wealth is cast into the mortal realm by a jealous rival. Trapped in a mortal body with fading powers, she must absorb wealth energy to survive. She discovers a man radiating immense fortune energy and realizes she can restore her magic through him—leading to a comical and passionate marriage of convenience.",,否 / No,,https://www.tiktok.com/@melon_minidrama
melon_minidrama,Melon_Minidrama,Melon_Minidrama,82,ID 7517906387884856327,Pendekar tanpa tanding,彭德卡坦帕坦丁,2025-07-30 16:32:03,65,653,7202,120.0,是 / Yes,Redemption、Revenge、Martial Arts,赎回、复仇、武术,"Olahraga bela diri ，dimukakan oleh Tarian Tangan Mu, namun satu-satunya penerus Tarian Tangan Mu, Mu Wushuang, karena diganggu oleh Jepang dahulu kala, bersembunyi dari dunia. Empat tahun kemudian, organisasi Jepang kembali dengan kekuatan baru, bersumpah untuk menantang pengusaha bela diri . Mu Wushuang membawa beban tugas berat, bertarung sendirian melawan tiga pengusaha bela diri terbaik Jepang. Namun, ancaman sebenarnya datang dari orang-orang di sekitarnya...",,否 / No,,https://www.tiktok.com/@melon_minidrama
melon_minidrama,Melon_Minidrama,Melon_Minidrama,83,ID 7579846691252179986,Action Star Romance,动作明星爱情,2025-12-17 18:03:20,100,953,8734,145.6,是 / Yes,Love After Marriage、Celebrity、Romantic Complications,婚后的爱情、名人、浪漫并发症,"A deadly female bodyguard from ancient times dies and wakes up in the body of a struggling actress—with the same name. Bound by contract to a CEO, she becomes his personal bodyguard, sparking a chaotic and sweet love story.",,否 / No,,https://www.tiktok.com/@melon_minidrama
melon_minidrama,Melon_Minidrama,Melon_Minidrama,84,ID 7552748350983361544,Married My Ex's Uncle,嫁给了我前任的叔叔,2025-09-30 20:40:44,97,617,6450,107.5,是 / Yes,Contract Lovers、City、Betrayal,合约爱好者、城市、背叛,"On the eve of her wedding, the female lead discovers her fiancé’s affair with her half-sister. Fleeing heartbreak, she ends up in an accidental marriage with a powerful CEO—only to learn he is her ex-fiancé’s uncle. Revenge has never looked this sweet.",,否 / No,,https://www.tiktok.com/@melon_minidrama
melon_minidrama,Melon_Minidrama,Melon_Minidrama,85,ID 7580196414211478536,Live Trial: My Daughter Sentences Me to Death,现场审判：我女儿判处我死刑,2025-12-26 12:25:55,81,894,7902,131.7,是 / Yes,Lost Child、Fantasy、Political Intrigue,丢失的孩子、奇幻、政治阴谋,"Cole Chen, the Nine-Star God of War, is arrested for treason and sentenced to The Memory Trial. In his memories, Cole appears to betray Xia, helping The Hermetic Order assassinate its national heroes. Just as the court erupts in fury, Gideon Su, who was thought to be dead, and veterans appear in court to plead for him. The full memory of Cole's past then comes to light.",,否 / No,,https://www.tiktok.com/@melon_minidrama
melon_minidrama,Melon_Minidrama,Melon_Minidrama,86,ID 7577348136184894472,Back to His Cold Heart,回到他冰冷的心,2025-12-03 18:20:09,64,16811722,6791,113.2,是 / Yes,Revenge、Family Feud,复仇、家庭恩怨,"To protect him from her family's ruin, she faked a betrayal. Five years later, he’s a ruthless billionaire, and she’s a struggling cleaner desperate to save their sick son. Trapped in a web of lust and secrets, can their child reunite two hearts broken by the past?",,否 / No,,https://www.tiktok.com/@melon_minidrama
melon_minidrama,Melon_Minidrama,Melon_Minidrama,87,ID 7551720112802272264,Three Incense for Love,三香献爱,2025-09-22 16:12:19,50,546870,5727,95.5,是 / Yes,Enemies to Lovers、Revenge、Family Feud,从敌人到恋人、复仇、家庭恩怨,"Business rivals become bound by fate after the male lead dies saving the female lead. Guided by three mysterious incense sticks, she travels into his past at eighteen and twenty-seven, falling for him along the way. But after surviving two murders, she uncovers a deadly trap waiting in the present.",,否 / No,,https://www.tiktok.com/@melon_minidrama
melon_minidrama,Melon_Minidrama,Melon_Minidrama,88,ID 7552756254444213256,Phoenix in her Ashes,灰烬中的凤凰,2025-09-23 11:17:58,60,567,6606,110.1,是 / Yes,Revenge、Family Feud、Love Triangle,复仇、家庭恩怨、三角恋,"Shen Xi, once the daughter of Jiangcheng's richest family and an international jewelry designer, severed ties with her family just to marry Jiang Dongwu—only to discover their marriage was a hoax. Jiang Dongwu had long coveted the Shen family's assets and was also having an affair with Su Yueyao. When Shen Xi learned the truth, she resisted; in response, Jiang Dongwu set fire to kill her. Rescued by Lu Yuxuan, she faked her death, returned as ""Shen Qing,"" and embarked on her revenge. Using her identity as the rightful heir, she laid out her plan: at a charity gala, she auctioned off relics to",,否 / No,,https://www.tiktok.com/@melon_minidrama
melon_minidrama,Melon_Minidrama,Melon_Minidrama,89,ID 7517980615120147457,Menikahi Pria Sederhana,梅尼卡希·普里亚·塞德哈纳,2025-07-31 17:55:55,60,675,6223,103.7,是 / Yes,Family & Ethics、Farming/Business,家庭与道德、种田/经商,"Seorang wanita pekerja kantor generasi 2000 yang sejak lahir single, tiba-tiba ke tahun 1990 menjadi seorang duda muda yang dipandang buruk oleh semua orang. Dia harus membesarkan anak-anak sambil bertarung dengan kecerdasan melawan warga desa kejam, mengatasi ibu mertua jahat, dan menggoda tukang bubut muda perawan. Dia berani menjelajahi tahun 1990, 'memainkan level' seperti dalam game, dan akhirnya meraih kemenangan ganda dalam cinta dan karir...",,否 / No,,https://www.tiktok.com/@melon_minidrama
melon_minidrama,Melon_Minidrama,Melon_Minidrama,90,ID 7519766489646273552,Tanpa ampun di kehidupan baruku,坦帕·安潘·迪·凯希杜潘·巴鲁库,2025-07-26 16:25:26,58,27571742,6611,110.2,是 / Yes,Love Triangle、Revenge、Family Feud,三角恋、复仇、家庭恩怨,Seorang wanita selamat setelah dikubur hidup-hidup oleh suaminya sendiri. Ia kembali dengan mengambil identitas kakak perempuan selingkuhan suaminya dan melancarkan aksi balas dendam.,,否 / No,,https://www.tiktok.com/@melon_minidrama
melon_minidrama,Melon_Minidrama,Melon_Minidrama,91,ID 7519694707078353938,The Secret Daughter's Return,秘密女儿归来,2025-07-30 15:03:44,60,709,6824,113.7,是 / Yes,Family & Ethics、Lost Child、Family Feud,家庭与道德、丢失的孩子、家庭恩怨,"Eight years ago, she believed her lover was dead and left her newborn with her mother. Now married into a wealthy life, her past resurfaces when her dying mother arrives with the girl she abandoned. To protect her status, she refuses to acknowledge her own flesh and blood. Will the little girl ever find the motherly love she was denied?",,否 / No,,https://www.tiktok.com/@melon_minidrama
melon_minidrama,Melon_Minidrama,Melon_Minidrama,92,ID 7582059851132589074,Paralyzed CEO's Trap,瘫痪CEO的陷阱,2025-12-15 18:03:33,40,998,2332,38.9,是 / Yes,Lost Child、Revenge、City,丢失的孩子、复仇、城市,"A paralyzed CEO is tormented by a cruel caregiver and her ""son."" She soon discovers a chilling truth: the man claiming to be her heir is an impostor seeking her fortune. Faking a coma, she secretly plots to reclaim her empire. Will she survive this ultimate betrayal and unmask the traitors before it’s too late?",,否 / No,,https://www.tiktok.com/@melon_minidrama
melon_minidrama,Melon_Minidrama,Melon_Minidrama,93,ID 7552823127575630855,"Love, Lies, and Revenge",爱、谎言和复仇,2025-10-11 11:56:26,80,1003362,6367,106.1,是 / Yes,Family Feud、Family & Ethics、Love Triangle,家庭恩怨、家庭与道德、三角恋,"After discovering betrayal, the female lead infiltrates a powerful family as a housekeeper to carry out her revenge. Clues, mind games, and brutal confrontations pull the male lead into a storm of secrets. Five years later, buried truths resurface—and no one escapes the fallout.",,否 / No,,https://www.tiktok.com/@melon_minidrama
melon_minidrama,Melon_Minidrama,Melon_Minidrama,94,ID 7517875706114790407,Jika cinta mengingat,吉卡辛塔孟加特,2025-07-30 18:28:07,60,686,6348,105.8,是 / Yes,Lost Child、Family Feud、Family & Ethics,丢失的孩子、家庭恩怨、家庭与道德,"Putri keluarga Jiang, Jiang Ya, jatuh cinta pada seorang supir miskin, bahkan rela bercerai dengan keluarga untuk bersama dengannya. Dia kemudian meninggal saat melahirkan anak, meninggalkan seorang putri bernama Song Nianya. Selama tahun-tahun ini, Kakek Jiang terus berusaha mencari cucu perempuannya Nianya. Namun, anak angkat Jiang, Jiang Yichen, khawatir bahwa kembaliannya Song Nianya akan merampas semua yang dimilikinya, sehingga dia beroperasi diam-diam untuk membuat Song Nianya benar-benar",,否 / No,,https://www.tiktok.com/@melon_minidrama
melon_minidrama,Melon_Minidrama,Melon_Minidrama,95,ID 7517861364078433298,Hanya singgah sebentar,汉亚·辛加·塞本塔尔,2025-07-31 16:10:56,65,25382556,5600,93.3,是 / Yes,Love After Divorce、Family Feud,离婚后的爱情、家庭恩怨,"Agen Ling Qi sedang menjalankan misi saat itu secara tidak sengaja menyelamatkan Shen Yancheng, orang terkaya yang sedang dipursuit pembunuh. Kedua orang tersebut terjebak cinta dan berjanji untuk bersama selamanya. Namun, pada saat itu Shen Yancheng menderita penyakit mata, sehingga setelah selamat, dia salah mengidentifikasi Zhao Chacha, seorang wanita manipulatif, sebagai Ling Qi. Ketika Ling Qi kembali mendekati Shen Yancheng dengan status calon istri melalui perjanjian perkawinan, dia mengi",,否 / No,,https://www.tiktok.com/@melon_minidrama
melon_minidrama,Melon_Minidrama,Melon_Minidrama,96,ID 7581386482502456328,The Secret Heiress's Heart,秘密女继承人的心,2025-12-24 17:58:17,40,18059095,3774,62.9,是 / Yes,Love After Divorce、Love Triangle、Family Feud,离婚后的爱情、三角恋、家庭恩怨,"She hid her billionaire status to support his rise from nothing. But once he reached the top, his ex-lover returned and he discarded her. Heartbroken, she chooses divorce, only to realize a silent protector from her past has always been there. Will she finally find the love she deserves?",,否 / No,,https://www.tiktok.com/@melon_minidrama
melon_minidrama,Melon_Minidrama,Melon_Minidrama,97,ID 7553838805971686408,Catch a Boyfriend to Outsmart Stepmom,抓住男朋友智胜继母,2025-10-14 11:28:29,66,658,4651,77.5,是 / Yes,Contract Lovers、Family Feud、Revenge,合约爱好者、家庭恩怨、复仇,"Liu Jianan, as the daughter of the Liu Group's owner, should have lived a worry-free life, but she fell into trouble with the appearance of her stepmother Bai Rui. Bai Rui has long been plotting to seize the Liu family's assets and makes things difficult for Liu Jianan in every possible way on a daily basis. By chance, Liu Jianan meets Qin Ming, who has an old grudge against Bai Rui. To fight back against her stepmother, she asks Qin Ming to pretend to be her boyfriend and help her. During their time together, the two make plans together: Liu Jianan obtains evidence of Bai Rui's misdeeds with",,否 / No,,https://www.tiktok.com/@melon_minidrama
melon_minidrama,Melon_Minidrama,Melon_Minidrama,98,ID 7519801980672447509,Duka tersembunyi istri,杜卡·特森布尼·伊斯特里,2025-08-09 16:51:33,59,12940320,5828,97.1,是 / Yes,Reconciliation、Revenge、Family Feud,和解、复仇、家庭恩怨,"Suatu malam, keluarga kaya Shen Zhinian di Kota Yun mengalami tragedi: orang tuanya terbunuh di hadapan matanya, sedangkan suaminya mati untuk menyelamatkannya. Saat bangun dari mimpi buruk, Shen Zhinian melihat suaminya yang seharusnya mati dalam ledakan sedang baik-baik saja di hadapannya! Ketika kegembiraan berakhir, dia menyadari bahwa 'suaminya' sebenarnya adalah pembunuh!",,否 / No,,https://www.tiktok.com/@melon_minidrama
melon_minidrama,Melon_Minidrama,Melon_Minidrama,99,ID 7579469512832144402,President Zhuang & The Secret Billionaire (translated),庄总与秘密亿万富翁（译）,2025-12-19 18:17:24,73,995,7350,122.5,是 / Yes,Redemption、Revenge、Family Feud,赎回、复仇、家庭恩怨,"By day, Faye Chen is a cleaning lady; by night, she is the hidden powerhouse behind Vantage Capital. She is the biological mother of Sienna Shen, the president of Zenith Group. To avoid pressuring her daughter, she has hidden her identity. Meanwhile, Sean Zhuang, the president of Radiant Group, returns. As a student she once sponsored, he begins to pursue her intensely.",,否 / No,,https://www.tiktok.com/@melon_minidrama
melon_minidrama,Melon_Minidrama,Melon_Minidrama,100,ID 7579202230931198994,"My Mom, The Secret Tycoon",我的妈妈，秘密大亨,2025-12-05 15:43:34,73,398899,7414,123.6,是 / Yes,Reconciliation、Family Feud、Revenge,和解、家庭恩怨、复仇,"By day, Faye Chen is a middle-aged cleaner at a hotel. By night, she is the hidden tycoon behind Vanhua Investment. Beyond that, she is the mother of Eve Shen, the female CEO of Apex Group. To keep her daughter from feeling pressured, she has hidden her identity for years, secretly supporting Eve Shen's career. Meanwhile, Zane Zhuang, CEO of Radiant Group and a poor student she once sponsored, returns to the country and pursues her relentlessly. How will she choose?",,否 / No,,https://www.tiktok.com/@melon_minidrama
melon_minidrama,Melon_Minidrama,Melon_Minidrama,101,ID 7529786206456910855,Akulah sang abadi,阿库拉桑阿巴迪,2025-07-24 17:48:41,72,836876,6697,111.6,是 / Yes,Cultivation、Revenge,栽培、复仇,-,,否 / No,,https://www.tiktok.com/@melon_minidrama
melon_minidrama,Melon_Minidrama,Melon_Minidrama,102,ID 7522731399665947665,Penyesalan yang Terlambat,彭耶萨兰扬特拉巴特,2025-07-08 16:40:43,50,6863225,5284,88.1,是 / Yes,City、Revenge,城市、复仇,"Sun Hong，tetapi mengira istrinya Su Mingxue yang terkena penyakit parah! Selama itu, Su Mingxue berusaha susun biaya operasi untuk Sun Hong, tetapi dia ditolak dan Sun Hong mencari wanita lain. Hingga Su Mingxue menunjukkan keterangan ，Sun Hong finally merasakan penyesalan yang dalam.",,否 / No,,https://www.tiktok.com/@melon_minidrama
melon_minidrama,Melon_Minidrama,Melon_Minidrama,103,ID 7524262382835831826,Istriku dari desa,伊斯特里库达里德萨,2025-07-25 16:37:08,60,21729192,5990,99.8,是 / Yes,Family Feud、Betrayal、Contract Lovers,家庭恩怨、背叛、合约爱好者,"Li Qianqian, seorang yang jarang ditemui, diusir oleh gurunya ke karena suka menghancurkan rumah, lalu diragu oleh saudari tirinya untuk menjadi pengantin ' bagi Fu Tingchen, dan terjadi hubungan semalam. Setelah itu, Li Qianqian melarikan diri, tetapi Fu Tingchen ber bertanggung jawab pada pengantin itu. Akibat kelakuan tak terduga, keduanya menjadi atasan-bawahan dan bertukar dekat melalui",,否 / No,,https://www.tiktok.com/@melon_minidrama
melon_minidrama,Melon_Minidrama,Melon_Minidrama,104,ID 7520518188891837457,"Dear Genie, I Want Seven Boyfriends",亲爱的精灵，我想要七个男朋友,2025-07-02 18:11:43,80,811469,7416,123.6,是 / Yes,Fantasy、Mystery、Love Triangle,奇幻、神秘、三角恋,"Zhao Nuannuan has always been mocked for being single. By chance, she finds a magic lamp that can grant three wishes. She accidentally wastes the first two, but for the last wish, she decides to ask: *""I want to date seven men of different types.""* The magic lamp conjures seven men of distinct personalities for Zhao Nuannuan to experience romance with. When the trials end, the lamp asks her to choose one as her boyfriend. However, Zhao Nuannuan's choice leaves the magic lamp utterly astonished.",,否 / No,,https://www.tiktok.com/@melon_minidrama
melon_minidrama,Melon_Minidrama,Melon_Minidrama,105,ID 7519812510070264840,Selamat Ulang Tahun,塞拉末·乌兰·塔洪,2025-07-01 13:57:29,50,825265,5436,90.6,是 / Yes,Revenge、Lost Child、Family Feud,复仇、丢失的孩子、家庭恩怨,"Lin Xiu menyerahkan putrinya berumur empat tahun kepada paman untuk bekerja di luar negeri, membayar biaya asuh yang tinggi setiap bulan demi menutup hutang. Delapan tahun kemudian, setelah lunas semua utang, Lin Xiu ingin mengambil putrinya pada ulang tahun ke-12nya, tapi tak tahu nasib telah menyesatkan: putrinya sudah meninggal...",,否 / No,,https://www.tiktok.com/@melon_minidrama
melon_minidrama,Melon_Minidrama,Melon_Minidrama,106,ID 7519469614233834497,Si jenius dari pabrik,西杰尼乌斯·达里·帕布里克,2025-06-28 13:04:12,59,17494374,4680,78.0,是 / Yes,Fantasy、Revenge,奇幻、复仇,"Sekali keren sebagai pemenang ，Jiang Nuan harus menghancurkan segalanya karena satu kesalahan. Setelah hidup kembali sebagai pekerja pabrik yang dianiaya, dia tetap membuktikan dan menipu semua orang yang meremehkan dirinya. Akhirnya, rencana menyelamatkan manusia berhasil dilaksanakan, dan Jiang Nuan meninggalkan gelar dengan mulia.",,否 / No,,https://www.tiktok.com/@melon_minidrama
melon_minidrama,Melon_Minidrama,Melon_Minidrama,107,ID 7529356021672875015,Akulah sang abadi,阿库拉桑阿巴迪,2025-07-24 17:42:54,72,2637069,6697,111.6,是 / Yes,Cultivation、Revenge,栽培、复仇,-,,否 / No,,https://www.tiktok.com/@melon_minidrama
melon_minidrama,Melon_Minidrama,Melon_Minidrama,108,ID 7526837105763439634,The Cost of a Deadly Nap,致命小睡的代价,2025-07-20 16:07:38,30,2510270,3367,56.1,是 / Yes,City、Family & Ethics、Lost Child,城市、家庭与道德、丢失的孩子,"A desperate housewife is in a life-or-death crisis on a high-rise building. To save her, rescuers attempt to pass through her mother's apartment. Unaware the victim is her own daughter, the mother refuses entry, enraged that her nap is being disturbed. When the truth finally surfaces, will her bitter regret be enough to save her child’s life?",,否 / No,,https://www.tiktok.com/@melon_minidrama
melon_minidrama,Melon_Minidrama,Melon_Minidrama,109,ID 7528310371246085138,Dendam sang kakak,丹丹桑卡卡克,2025-07-19 15:34:42,57,9921386,5923,98.7,是 / Yes,Grand Mansion、Family & Ethics、Lost Child,正大公馆、家庭与道德、丢失的孩子,"Setelah bertahun-tahun, dia kembali dengan sukses namun mendapati adiknya disiksa hingga sekarat. Dengan kemarahan besar, dia menyamar menjadi adiknya untuk membalas dendam pada para pelaku yang kejam. Akankah keadilan akhirnya berpihak padanya dan sang adik?",,否 / No,,https://www.tiktok.com/@melon_minidrama
melon_minidrama,Melon_Minidrama,Melon_Minidrama,110,ID 7519432646062019605,Rahasia bulan purnama,拉哈西亚·布兰·普纳玛,2025-06-27 17:52:48,60,20113633,5699,95.0,是 / Yes,City、Family & Ethics、Lost Child,城市、家庭与道德、丢失的孩子,"Seorang ibu miskin membesarkan anak kandungnya sambil mencari anak angkatnya yang hilang. Bertahun-tahun kemudian, anak kandungnya membawanya ke kota hanya untuk memeras hartanya. Saat dia menderita, anak angkat yang hilang kembali untuk menyelamatkannya dan membalas dendam. Akankah kebenaran terungkap dan kasih sayang tulus menang atas ketamakan?",,否 / No,,https://www.tiktok.com/@melon_minidrama
melon_minidrama,Melon_Minidrama,Melon_Minidrama,111,ID 7522071045524870161,Mengulang hidup yang indah,蒙古朗·希杜·扬·英达,2025-07-25 17:59:30,50,36466742,5762,96.0,是 / Yes,Revenge、Reconciliation、Family Feud,复仇、和解、家庭恩怨,-,,否 / No,,https://www.tiktok.com/@melon_minidrama
melon_minidrama,Melon_Minidrama,Melon_Minidrama,112,ID 7520091186770711560,Jebakan di desa terpencil,松果树,2025-07-26 14:38:27,60,20897991,6860,114.3,是 / Yes,Lost Child、Crime、Family Feud,丢失的孩子、犯罪、家庭恩怨,"Putri seorang miliarder pergi ke desa terpencil demi pernikahan sahabatnya, namun ia terjebak oleh keluarga mempelai pria yang ternyata sindikat perdagangan orang. Di saat ia berjuang menyelamatkan diri, ayahnya yang berkuasa mencarinya ke mana-mana dan terus berpapasan tanpa menyadarinya. Akankah ia berhasil lolos dari maut dan kembali ke pelukan ayahnya?",,否 / No,,https://www.tiktok.com/@melon_minidrama
melon_minidrama,Melon_Minidrama,Melon_Minidrama,113,ID 7520071081001030674,Menikah Lagi Dengan Musuhku,梅尼卡·拉吉·登甘·穆苏库,2025-07-26 15:01:52,36,1107926,3624,60.4,是 / Yes,Love Triangle、Family Feud、Revenge,三角恋、家庭恩怨、复仇,"Pada hari ke-7 setelah mantan istrinya koma akibat kecelakaan, Meng Qingyun menikah dengan putri keluarga kaya. Semua orang menyebutnya 'pria oportunis', karena 10 tahun hubungan akhirnya tak tahan godaan uang. Tetapi mereka tak tahu, semuanya adalah rencana Meng Qingyun: pernikahan ini adalah langkah pertama balas dendamnya.",,否 / No,,https://www.tiktok.com/@melon_minidrama
melon_minidrama,Melon_Minidrama,Melon_Minidrama,114,ID 7524652454517199879,Petualangan aneh ayah,佩图阿兰甘阿尼阿亚,2025-07-10 14:08:34,60,28679281,6401,106.7,是 / Yes,Fantasy、Family & Ethics,奇幻、家庭与道德,-,,否 / No,,https://www.tiktok.com/@melon_minidrama
melon_minidrama,Melon_Minidrama,Melon_Minidrama,115,ID 7520552790545126407,Kerinduan seorang ibu,克林杜安·塞奥朗·伊布,2025-07-25 17:33:13,50,826328,5065,84.4,是 / Yes,Lost Child、Family & Ethics、Family Feud,丢失的孩子、家庭与道德、家庭恩怨,"Seorang ibu meninggalkan putrinya yang berusia empat tahun untuk bekerja di luar negeri dan melunasi utang, mengirim uang setiap bulan. Delapan tahun kemudian, ia akhirnya kembali untuk menjemput anaknya di ulang tahun kedua belas, hanya untuk menemukan takdir yang kejam—putrinya telah tiada.",,否 / No,,https://www.tiktok.com/@melon_minidrama
melon_minidrama,Melon_Minidrama,Melon_Minidrama,116,ID 7517889068555080712,Pengantin yang terlahir kembali melawan,彭甘丁·扬·特拉赫·肯巴里·梅拉万,2025-06-22 12:02:08,75,14601841,6652,110.9,是 / Yes,Farming/Business、Love After Marriage、Revenge,种田/经商、婚后的爱情、复仇,"Seorang perancang busana yang akhirnya berhasil menurunkan berat badan terlempar kembali ke tahun 1988, menjadi wanita bertubuh gemuk lagi. Ia menikah dengan seorang tentara yang baru bebas tugas yang berulang kali menyelamatkannya dari masalah. Bertekad bangkit kembali, ia menerjang segala rintangan, memenangkan kontes kecantikan, membangun kerajaan bisnis, dan menemukan sekutu tak terduga di sepanjang jalan.",,否 / No,,https://www.tiktok.com/@melon_minidrama
melon_minidrama,Melon_Minidrama,Melon_Minidrama,117,ID 7524316744417432594,Cahaya di jurang gelap,卡哈亚迪朱兰吉拉普,2025-07-25 16:28:35,59,66218207,6001,100.0,是 / Yes,Lost Child、Revenge、Rural Area,丢失的孩子、复仇、乡村,"Seorang wanita muda dijebak ke sebuah desa terpencil dan dipaksa menikah dengan pria setempat. Putus asa untuk melarikan diri, ia berulang kali mencoba melepaskan diri, namun selalu dihalangi oleh keluarga penculiknya. Tanpa sepengetahuannya, kakak kandungnya yang telah lama hilang sedang berada di dekat sana untuk sebuah perjalanan riset. Tanpa ada yang datang menyelamatkan, ia harus menemukan kekuatan untuk melawan dan bertahan hidup sendiri.",,否 / No,,https://www.tiktok.com/@melon_minidrama
melon_minidrama,Melon_Minidrama,Melon_Minidrama,118,ID 7517492630490567688,Balas dendam lima tahunnya,巴拉斯·丹丹·利马·塔胡尼亚,2025-07-24 17:56:20,74,31335890,8976,149.6,是 / Yes,Love Triangle、Family Feud、Revenge,三角恋、家庭恩怨、复仇,"Seorang gadis berisi yang menawan dengan latar belakang keluarga baik dan kakak yang sangat menyayanginya mendapati hidupnya hancur setelah bertemu pria dari latar belakang miskin. Pria itu bersekongkol dengan seorang pembantu untuk menjebak ayahnya, menyebabkan kakaknya jatuh dari gedung, merampas kekayaan keluarganya, dan berusaha menenggelamkannya. Ia selamat dan kembali lima tahun kemudian untuk menuntut balas.",,否 / No,,https://www.tiktok.com/@melon_minidrama
melon_minidrama,Melon_Minidrama,Melon_Minidrama,119,ID 7520203600556102672,Kakak yang hilang kembali,卡卡克·杨·希兰·肯巴里,2025-07-26 15:14:09,57,35255847,6043,100.7,是 / Yes,Family Feud、Lost Child、Real/Fake Heir/Heiress,家庭恩怨、丢失的孩子、真/假继承人/女继承人,"Putra sulung sebuah perusahaan besar hilang saat kecil dan dibesarkan oleh seorang petani. Melindungi saudara angkatnya membuatnya mengalami gangguan mental. Bertahun-tahun kemudian, ia menghadiri pernikahan saudara angkatnya bersama ibu angkatnya, hanya untuk dipermalukan dan ditolak oleh saudara yang tak tahu berterima kasih itu. Tanpa sepengetahuannya, tunangan yang tengah dijilat saudara angkatnya demi status sosial sebenarnya adalah adik kandung sang tokoh utama pria.",,否 / No,,https://www.tiktok.com/@melon_minidrama
melon_minidrama,Melon_Minidrama,Melon_Minidrama,120,ID 7520460661621986322,Sembilan Cakrawala,森美兰查克拉瓦拉,2025-07-02 17:13:17,96,852411,6702,111.7,是 / Yes,Love After Marriage、Love After Divorce、Family Feud,婚后的爱情、离婚后的爱情、家庭恩怨,"Ye Yunzhou, Pemimpin Jiuxiao Dian yang menguasi dunia, jatuh cinta pertama kali setelah dibesarkan oleh Tan Zixin setelah pertempuran besar dengan Pemimpin Mo Dian. Khawatir menakutkan ，dia menyembunyikan identitasnya saat menikah. Ketika Tan Zixin ingin bangun kembali keluarga Tan, dia rahasia menggunakan sumber daya untuk membantu keluarga Tan kembali menjadi kelompok elit. Namun, upaya itu hanya mendapati surat cerai. Ternyata, Tan Zixin menganggap kemajuan keluarga Tan adalah karena kekuatan",,否 / No,,https://www.tiktok.com/@melon_minidrama
melon_minidrama,Melon_Minidrama,Melon_Minidrama,121,ID 7528327497579353106,The Lucky Little Outcast,幸运的小流浪者,2025-07-25 13:59:46,60,1773857,6514,108.6,是 / Yes,Lost Child、Rural Area、Family & Ethics,丢失的孩子、乡村、家庭与道德,"Mistreated by her aunt, a five-year-old girl is taken in by a misunderstood widow with a fiery reputation. To their surprise, the child possesses a mystical gift for attracting wealth. As their poverty turns to prosperity, they face envy and hardship. Can the ""lucky star"" and her new mother secure their happiness against the odds?",,否 / No,,https://www.tiktok.com/@melon_minidrama
melon_minidrama,Melon_Minidrama,Melon_Minidrama,122,ID 7524239057510110215,Bisnis Kosmetik di Era 80-an,,2025-07-09 15:58:35,54,870123,6670,111.2,是 / Yes,Family & Ethics、Farming/Business、Love After Marriage,家庭与道德、种田/经商、婚后的爱情,"Ye Qing, seorang ，hidup kembali ke tahun 1980 sebagai istri prajurit. Orang asli adalah wanita kampung angkuh yang menikah paksa dengan Kapten Song Qinian, memiliki reputasi buruk. Ye Qing berhasil menjual sabun wajah dengan great success, menjadi di toko ，membuka salon kecantikan dan pabrik kosmetik, menjadi industri kecantikan, dan berhasil ' suami prajurit dingin, menjalani hidup bahagia.",,否 / No,,https://www.tiktok.com/@melon_minidrama
melon_minidrama,Melon_Minidrama,Melon_Minidrama,123,ID 7520178016417518610,Ahli waris peternakan babi menang,阿赫利·瓦里斯·彼得纳坎·巴比·梅南,2025-07-02 15:29:00,60,57587326,6373,106.2,是 / Yes,Revenge、Family Feud,复仇、家庭恩怨,-,,否 / No,,https://www.tiktok.com/@melon_minidrama
melon_minidrama,Melon_Minidrama,Melon_Minidrama,124,ID 7518968305097626632,Kembali ke Puncak,肯巴里克本卡,2025-06-25 13:35:33,63,1336542,6388,106.5,是 / Yes,Fantasy、Revenge、Redemption,奇幻、复仇、赎回,"Pemimpin Zhenlong Dian, Yang Tian, saat menikah, terkena kutukan upacara darah yang menyebabkan dia comatose. Selama sepuluh tahun, istrinya Jiang Wanying tetap setia dan tidak meninggalkan dia, bekerja keras dari pagi sampai malam untuk mempertahankan nyawa Yang Tian. Setelah sepuluh tahun, Yang Tian akhirnya bangun dari koma. Untuk membayar hutang rasa atas kesusahan Jiang Wanying selama sepuluh tahun, Yang Tian mengundang semua kekuatan elit dari berbagai belahan dunia untuk mengadakan pesta",,否 / No,,https://www.tiktok.com/@melon_minidrama
